时间,代码,名称,开盘价,收盘价,最高价,最低价,成交量,成交额,涨幅,振幅
2026-01-05 09:30:00,sh600318,新力金融,8.93,8.93,8.93,8.93,1548,1382364,0.0,0.0
2026-01-05 09:31:00,sh600318,新力金融,8.93,8.94,8.97,8.93,3469,3103434,0.11,0.45
2026-01-05 09:32:00,sh600318,新力金融,8.93,8.9,8.94,8.9,5465,4875023,-0.45,0.45
2026-01-05 09:33:00,sh600318,新力金融,8.9,8.87,8.9,8.86,3822,3392023,-0.34,0.45
2026-01-05 09:34:00,sh600318,新力金融,8.87,8.86,8.88,8.85,4190,3712860,-0.11,0.34
2026-01-05 09:35:00,sh600318,新力金融,8.84,8.86,8.86,8.84,2266,2005110,0.0,0.23
2026-01-05 09:36:00,sh600318,新力金融,8.86,8.88,8.89,8.86,1580,1400812,0.23,0.34
2026-01-05 09:37:00,sh600318,新力金融,8.88,8.89,8.89,8.88,1659,1474043,0.11,0.11
2026-01-05 09:38:00,sh600318,新力金融,8.88,8.9,8.9,8.88,699,621593,0.11,0.22
2026-01-05 09:39:00,sh600318,新力金融,8.9,8.88,8.9,8.88,1063,944313,-0.22,0.22
2026-01-05 09:40:00,sh600318,新力金融,8.88,8.89,8.89,8.87,847,752098,0.11,0.23
2026-01-05 09:41:00,sh600318,新力金融,8.89,8.87,8.89,8.87,1080,958309,-0.22,0.22
2026-01-05 09:42:00,sh600318,新力金融,8.87,8.89,8.89,8.86,1536,1362493,0.23,0.34
2026-01-05 09:43:00,sh600318,新力金融,8.89,8.89,8.89,8.88,543,482415,0.0,0.11
2026-01-05 09:44:00,sh600318,新力金融,8.88,8.91,8.91,8.88,1685,1498174,0.22,0.34
2026-01-05 09:45:00,sh600318,新力金融,8.91,8.89,8.91,8.88,711,632151,-0.22,0.34
2026-01-05 09:46:00,sh600318,新力金融,8.88,8.88,8.89,8.88,570,506455,-0.11,0.11
2026-01-05 09:47:00,sh600318,新力金融,8.89,8.9,8.9,8.88,598,531964,0.23,0.23
2026-01-05 09:48:00,sh600318,新力金融,8.9,8.92,8.93,8.9,468,417108,0.22,0.34
2026-01-05 09:49:00,sh600318,新力金融,8.92,8.91,8.93,8.91,552,492736,-0.11,0.22
2026-01-05 09:50:00,sh600318,新力金融,8.92,8.93,8.94,8.92,679,605921,0.22,0.22
2026-01-05 09:51:00,sh600318,新力金融,8.94,8.94,8.94,8.93,830,741613,0.11,0.11
2026-01-05 09:52:00,sh600318,新力金融,8.93,8.93,8.94,8.93,925,826793,-0.11,0.11
2026-01-05 09:53:00,sh600318,新力金融,8.94,8.93,8.94,8.93,154,137556,0.0,0.11
2026-01-05 09:54:00,sh600318,新力金融,8.94,8.94,8.95,8.93,813,726836,0.11,0.22
2026-01-05 09:55:00,sh600318,新力金融,8.95,8.95,8.95,8.94,977,873623,0.11,0.11
2026-01-05 09:56:00,sh600318,新力金融,8.95,8.94,8.95,8.94,318,284434,-0.11,0.11
2026-01-05 09:57:00,sh600318,新力金融,8.94,8.93,8.94,8.93,341,304668,-0.11,0.11
2026-01-05 09:58:00,sh600318,新力金融,8.94,8.93,8.94,8.93,681,608201,0.0,0.11
2026-01-05 09:59:00,sh600318,新力金融,8.93,8.93,8.94,8.93,566,505487,0.0,0.11
2026-01-05 10:00:00,sh600318,新力金融,8.93,8.94,8.94,8.93,397,354892,0.11,0.11
2026-01-05 10:01:00,sh600318,新力金融,8.96,8.97,8.97,8.96,1280,1146208,0.34,0.11
2026-01-05 10:02:00,sh600318,新力金融,8.97,8.96,8.98,8.96,592,531191,-0.11,0.22
2026-01-05 10:03:00,sh600318,新力金融,8.97,8.97,8.98,8.97,443,397510,0.11,0.11
2026-01-05 10:04:00,sh600318,新力金融,8.97,8.97,8.97,8.97,41,36776,0.0,0.0
2026-01-05 10:05:00,sh600318,新力金融,8.96,8.96,8.97,8.96,722,647139,-0.11,0.11
2026-01-05 10:06:00,sh600318,新力金融,8.96,8.95,8.96,8.95,376,336776,-0.11,0.11
2026-01-05 10:07:00,sh600318,新力金融,8.96,8.95,8.96,8.95,135,120888,0.0,0.11
2026-01-05 10:08:00,sh600318,新力金融,8.95,8.95,8.95,8.95,134,119930,0.0,0.0
2026-01-05 10:09:00,sh600318,新力金融,8.95,8.95,8.96,8.95,317,283756,0.0,0.11
2026-01-05 10:10:00,sh600318,新力金融,8.94,8.95,8.95,8.94,87,77843,0.0,0.11
2026-01-05 10:11:00,sh600318,新力金融,8.96,8.94,8.96,8.94,373,333786,-0.11,0.22
2026-01-05 10:12:00,sh600318,新力金融,8.95,8.94,8.95,8.94,493,440984,0.0,0.11
2026-01-05 10:13:00,sh600318,新力金融,8.94,8.95,8.95,8.94,27,24143,0.11,0.11
2026-01-05 10:14:00,sh600318,新力金融,8.94,8.94,8.94,8.94,26,23244,-0.11,0.0
2026-01-05 10:15:00,sh600318,新力金融,8.94,8.94,8.95,8.94,201,179712,0.0,0.11
2026-01-05 10:16:00,sh600318,新力金融,8.94,8.95,8.95,8.94,660,590105,0.11,0.11
2026-01-05 10:17:00,sh600318,新力金融,8.94,8.95,8.95,8.94,614,549451,0.0,0.11
2026-01-05 10:18:00,sh600318,新力金融,8.96,8.96,8.96,8.95,603,540047,0.11,0.11
2026-01-05 10:19:00,sh600318,新力金融,8.97,8.96,8.97,8.96,89,79826,0.0,0.11
2026-01-05 10:20:00,sh600318,新力金融,8.96,8.96,8.97,8.96,1372,1230091,0.0,0.11
2026-01-05 10:21:00,sh600318,新力金融,8.96,8.95,8.96,8.95,97,86819,-0.11,0.11
2026-01-05 10:22:00,sh600318,新力金融,8.95,8.97,8.97,8.95,391,350574,0.22,0.22
2026-01-05 10:23:00,sh600318,新力金融,8.97,8.98,8.98,8.96,530,475686,0.11,0.22
2026-01-05 10:24:00,sh600318,新力金融,8.97,8.97,8.98,8.97,463,415743,-0.11,0.11
2026-01-05 10:25:00,sh600318,新力金融,8.97,8.97,8.97,8.96,246,220636,0.0,0.11
2026-01-05 10:26:00,sh600318,新力金融,8.96,8.96,8.97,8.96,82,73513,-0.11,0.11
2026-01-05 10:27:00,sh600318,新力金融,8.97,8.96,8.97,8.96,153,137121,0.0,0.11
2026-01-05 10:28:00,sh600318,新力金融,8.97,8.96,8.97,8.96,237,212379,0.0,0.11
2026-01-05 10:29:00,sh600318,新力金融,8.97,8.98,8.98,8.97,342,306801,0.22,0.11
2026-01-05 10:30:00,sh600318,新力金融,8.97,8.96,8.97,8.96,247,221552,-0.22,0.11
2026-01-05 10:31:00,sh600318,新力金融,8.97,8.97,8.98,8.96,203,182113,0.11,0.22
2026-01-05 10:32:00,sh600318,新力金融,8.98,8.96,8.98,8.96,437,391999,-0.11,0.22
2026-01-05 10:33:00,sh600318,新力金融,8.97,8.97,8.97,8.96,350,313738,0.11,0.11
2026-01-05 10:34:00,sh600318,新力金融,8.97,8.94,8.97,8.94,1811,1622132,-0.33,0.33
2026-01-05 10:35:00,sh600318,新力金融,8.95,8.94,8.95,8.94,16,14310,0.0,0.11
2026-01-05 10:36:00,sh600318,新力金融,8.95,8.94,8.95,8.94,122,109102,0.0,0.11
2026-01-05 10:37:00,sh600318,新力金融,8.94,8.94,8.94,8.93,155,138567,0.0,0.11
2026-01-05 10:38:00,sh600318,新力金融,8.94,8.94,8.94,8.93,656,586095,0.0,0.11
2026-01-05 10:39:00,sh600318,新力金融,8.93,8.93,8.94,8.93,136,121458,-0.11,0.11
2026-01-05 10:40:00,sh600318,新力金融,8.94,8.93,8.94,8.92,624,557100,0.0,0.22
2026-01-05 10:41:00,sh600318,新力金融,8.93,8.93,8.94,8.93,65,58065,0.0,0.11
2026-01-05 10:42:00,sh600318,新力金融,8.93,8.94,8.94,8.93,181,161805,0.11,0.11
2026-01-05 10:43:00,sh600318,新力金融,8.93,8.94,8.94,8.93,954,852012,0.0,0.11
2026-01-05 10:44:00,sh600318,新力金融,8.94,8.93,8.94,8.93,151,134993,-0.11,0.11
2026-01-05 10:45:00,sh600318,新力金融,8.93,8.94,8.94,8.93,61,54481,0.11,0.11
2026-01-05 10:46:00,sh600318,新力金融,8.95,8.94,8.95,8.94,67,59923,0.0,0.11
2026-01-05 10:47:00,sh600318,新力金融,8.95,8.96,8.96,8.95,364,325842,0.22,0.11
2026-01-05 10:48:00,sh600318,新力金融,8.96,8.97,8.97,8.96,301,269842,0.11,0.11
2026-01-05 10:49:00,sh600318,新力金融,8.97,8.97,8.97,8.96,416,372939,0.0,0.11
2026-01-05 10:50:00,sh600318,新力金融,8.97,8.96,8.97,8.96,351,314524,-0.11,0.11
2026-01-05 10:51:00,sh600318,新力金融,8.96,8.97,8.97,8.96,125,112051,0.11,0.11
2026-01-05 10:52:00,sh600318,新力金融,8.97,8.97,8.97,8.96,604,541767,0.0,0.11
2026-01-05 10:53:00,sh600318,新力金融,8.96,8.96,8.97,8.96,90,80691,-0.11,0.11
2026-01-05 10:54:00,sh600318,新力金融,8.96,8.97,8.97,8.96,102,91491,0.11,0.11
2026-01-05 10:55:00,sh600318,新力金融,8.98,8.97,8.98,8.97,338,303196,0.0,0.11
2026-01-05 10:56:00,sh600318,新力金融,8.97,8.96,8.97,8.96,124,111174,-0.11,0.11
2026-01-05 10:57:00,sh600318,新力金融,8.96,8.96,8.96,8.96,67,60032,0.0,0.0
2026-01-05 10:58:00,sh600318,新力金融,8.96,8.97,8.97,8.96,93,83383,0.11,0.11
2026-01-05 10:59:00,sh600318,新力金融,8.96,8.95,8.96,8.95,751,672797,-0.22,0.11
2026-01-05 11:00:00,sh600318,新力金融,8.95,8.96,8.96,8.95,43,38490,0.11,0.11
2026-01-05 11:01:00,sh600318,新力金融,8.95,8.95,8.95,8.95,9,8055,-0.11,0.0
2026-01-05 11:02:00,sh600318,新力金融,8.96,8.96,8.96,8.95,516,462331,0.11,0.11
2026-01-05 11:03:00,sh600318,新力金融,8.96,8.97,8.97,8.96,229,205336,0.11,0.11
2026-01-05 11:04:00,sh600318,新力金融,8.97,8.97,8.97,8.96,206,184775,0.0,0.11
2026-01-05 11:05:00,sh600318,新力金融,8.97,8.97,8.98,8.96,363,325684,0.0,0.22
2026-01-05 11:06:00,sh600318,新力金融,8.97,9.0,9.0,8.97,1103,990973,0.33,0.33
2026-01-05 11:07:00,sh600318,新力金融,8.99,8.99,8.99,8.98,293,263405,-0.11,0.11
2026-01-05 11:08:00,sh600318,新力金融,8.99,8.98,8.99,8.97,530,475953,-0.11,0.22
2026-01-05 11:09:00,sh600318,新力金融,8.97,8.97,8.98,8.97,27,24232,-0.11,0.11
2026-01-05 11:10:00,sh600318,新力金融,8.98,8.97,8.98,8.97,199,178639,0.0,0.11
2026-01-05 11:11:00,sh600318,新力金融,8.97,8.98,8.98,8.97,256,229886,0.11,0.11
2026-01-05 11:12:00,sh600318,新力金融,8.97,8.97,8.98,8.97,111,99585,-0.11,0.11
2026-01-05 11:13:00,sh600318,新力金融,8.98,8.99,8.99,8.98,272,244304,0.22,0.11
2026-01-05 11:14:00,sh600318,新力金融,8.98,8.98,8.99,8.97,461,413911,-0.11,0.22
2026-01-05 11:15:00,sh600318,新力金融,8.98,8.98,8.99,8.98,187,167958,0.0,0.11
2026-01-05 11:16:00,sh600318,新力金融,8.98,8.98,8.98,8.98,40,35920,0.0,0.0
2026-01-05 11:17:00,sh600318,新力金融,8.98,8.98,8.99,8.98,105,94293,0.0,0.11
2026-01-05 11:18:00,sh600318,新力金融,8.98,8.97,8.98,8.97,147,131919,-0.11,0.11
2026-01-05 11:19:00,sh600318,新力金融,8.98,8.98,8.98,8.98,67,60166,0.11,0.0
2026-01-05 11:20:00,sh600318,新力金融,8.98,8.98,8.98,8.97,148,132894,0.0,0.11
2026-01-05 11:21:00,sh600318,新力金融,9.0,9.0,9.01,9.0,2280,2051226,0.22,0.11
2026-01-05 11:22:00,sh600318,新力金融,9.0,9.01,9.01,9.0,1217,1095573,0.11,0.11
2026-01-05 11:23:00,sh600318,新力金融,9.0,9.0,9.01,9.0,274,246612,-0.11,0.11
2026-01-05 11:24:00,sh600318,新力金融,9.0,8.99,9.0,8.99,379,340944,-0.11,0.11
2026-01-05 11:25:00,sh600318,新力金融,8.99,8.99,8.99,8.99,29,26071,0.0,0.0
2026-01-05 11:26:00,sh600318,新力金融,9.0,9.0,9.0,9.0,577,519279,0.11,0.0
2026-01-05 11:27:00,sh600318,新力金融,9.01,9.01,9.01,9.01,418,376618,0.11,0.0
2026-01-05 11:28:00,sh600318,新力金融,9.01,9.0,9.01,9.0,473,426045,-0.11,0.11
2026-01-05 11:29:00,sh600318,新力金融,9.0,9.0,9.01,9.0,242,217822,0.0,0.11
2026-01-05 11:30:00,sh600318,新力金融,9.01,9.01,9.01,9.0,107,96349,0.11,0.11
2026-01-05 13:01:00,sh600318,新力金融,9.01,9.0,9.01,8.99,1576,1419003,-0.11,0.22
2026-01-05 13:02:00,sh600318,新力金融,9.0,9.0,9.0,8.99,167,150298,0.0,0.11
2026-01-05 13:03:00,sh600318,新力金融,8.99,9.0,9.0,8.99,111,99846,0.0,0.11
2026-01-05 13:04:00,sh600318,新力金融,8.99,8.99,8.99,8.99,346,311054,-0.11,0.0
2026-01-05 13:05:00,sh600318,新力金融,8.99,8.99,8.99,8.99,992,891808,0.0,0.0
2026-01-05 13:06:00,sh600318,新力金融,8.98,8.97,8.98,8.97,337,302562,-0.22,0.11
2026-01-05 13:07:00,sh600318,新力金融,8.98,8.99,8.99,8.98,127,114111,0.22,0.11
2026-01-05 13:08:00,sh600318,新力金融,8.99,8.99,8.99,8.99,172,154628,0.0,0.0
2026-01-05 13:09:00,sh600318,新力金融,8.99,8.99,8.99,8.98,234,210357,0.0,0.11
2026-01-05 13:10:00,sh600318,新力金融,8.99,8.99,8.99,8.99,207,186096,0.0,0.0
2026-01-05 13:11:00,sh600318,新力金融,8.99,8.99,9.0,8.99,153,137506,0.0,0.11
2026-01-05 13:12:00,sh600318,新力金融,8.99,8.98,8.99,8.98,72,64708,-0.11,0.11
2026-01-05 13:13:00,sh600318,新力金融,8.98,8.98,8.98,8.98,269,241577,0.0,0.0
2026-01-05 13:14:00,sh600318,新力金融,8.99,8.98,8.99,8.98,118,105984,0.0,0.11
2026-01-05 13:15:00,sh600318,新力金融,8.98,8.99,8.99,8.98,126,113201,0.11,0.11
2026-01-05 13:16:00,sh600318,新力金融,8.98,8.98,8.98,8.98,96,86208,-0.11,0.0
2026-01-05 13:17:00,sh600318,新力金融,8.99,8.99,8.99,8.98,156,140106,0.11,0.11
2026-01-05 13:18:00,sh600318,新力金融,8.98,8.98,8.99,8.98,435,390640,-0.11,0.11
2026-01-05 13:19:00,sh600318,新力金融,8.97,8.97,8.98,8.97,67,60134,-0.11,0.11
2026-01-05 13:20:00,sh600318,新力金融,8.98,8.98,8.98,8.97,525,471114,0.11,0.11
2026-01-05 13:21:00,sh600318,新力金融,8.98,8.99,8.99,8.98,93,83544,0.11,0.11
2026-01-05 13:22:00,sh600318,新力金融,8.98,8.97,8.98,8.97,271,243362,-0.22,0.11
2026-01-05 13:23:00,sh600318,新力金融,8.97,8.97,8.97,8.97,251,225147,0.0,0.0
2026-01-05 13:24:00,sh600318,新力金融,8.97,8.96,8.97,8.96,397,356043,-0.11,0.11
2026-01-05 13:25:00,sh600318,新力金融,8.96,8.97,8.97,8.96,1514,1357768,0.11,0.11
2026-01-05 13:26:00,sh600318,新力金融,8.97,8.97,8.97,8.97,137,122889,0.0,0.0
2026-01-05 13:27:00,sh600318,新力金融,8.97,8.98,8.98,8.97,239,214422,0.11,0.11
2026-01-05 13:28:00,sh600318,新力金融,8.98,8.96,8.98,8.96,694,622492,-0.22,0.22
2026-01-05 13:29:00,sh600318,新力金融,8.97,8.96,8.97,8.96,452,405053,0.0,0.11
2026-01-05 13:30:00,sh600318,新力金融,8.97,8.96,8.97,8.96,115,103113,0.0,0.11
2026-01-05 13:31:00,sh600318,新力金融,8.96,8.97,8.97,8.96,2637,2362810,0.11,0.11
2026-01-05 13:32:00,sh600318,新力金融,8.97,8.97,8.97,8.97,108,96876,0.0,0.0
2026-01-05 13:33:00,sh600318,新力金融,8.97,8.96,8.97,8.96,210,188171,-0.11,0.11
2026-01-05 13:34:00,sh600318,新力金融,8.97,8.96,8.97,8.96,217,194628,0.0,0.11
2026-01-05 13:35:00,sh600318,新力金融,8.97,8.97,8.97,8.97,115,103155,0.11,0.0
2026-01-05 13:36:00,sh600318,新力金融,8.97,8.97,8.98,8.97,1125,1010130,0.0,0.11
2026-01-05 13:37:00,sh600318,新力金融,8.97,8.98,8.98,8.97,106,95155,0.11,0.11
2026-01-05 13:38:00,sh600318,新力金融,8.97,8.97,8.97,8.97,41,36777,-0.11,0.0
2026-01-05 13:39:00,sh600318,新力金融,8.97,8.97,8.97,8.97,446,400062,0.0,0.0
2026-01-05 13:40:00,sh600318,新力金融,8.97,8.98,8.98,8.97,207,185759,0.11,0.11
2026-01-05 13:41:00,sh600318,新力金融,8.97,8.98,8.98,8.97,282,253099,0.0,0.11
2026-01-05 13:42:00,sh600318,新力金融,8.98,8.98,8.98,8.97,226,202883,0.0,0.11
2026-01-05 13:43:00,sh600318,新力金融,8.97,8.98,8.98,8.97,270,242340,0.0,0.11
2026-01-05 13:44:00,sh600318,新力金融,8.97,8.97,8.97,8.97,115,103155,-0.11,0.0
2026-01-05 13:45:00,sh600318,新力金融,8.98,8.98,8.98,8.98,288,258561,0.11,0.0
2026-01-05 13:46:00,sh600318,新力金融,8.98,8.98,8.98,8.97,251,225270,0.0,0.11
2026-01-05 13:47:00,sh600318,新力金融,8.97,8.97,8.98,8.97,180,161503,-0.11,0.11
2026-01-05 13:48:00,sh600318,新力金融,8.97,8.98,8.98,8.97,40,35901,0.11,0.11
2026-01-05 13:49:00,sh600318,新力金融,8.98,8.97,8.98,8.97,71,63728,-0.11,0.11
2026-01-05 13:50:00,sh600318,新力金融,8.97,8.98,8.98,8.97,136,122016,0.11,0.11
2026-01-05 13:51:00,sh600318,新力金融,8.97,8.98,8.98,8.97,42,37695,0.0,0.11
2026-01-05 13:52:00,sh600318,新力金融,8.97,8.97,8.98,8.97,754,677075,-0.11,0.11
2026-01-05 13:53:00,sh600318,新力金融,8.98,8.97,8.98,8.97,49,43994,0.0,0.11
2026-01-05 13:54:00,sh600318,新力金融,8.98,8.98,8.99,8.97,454,407827,0.11,0.22
2026-01-05 13:55:00,sh600318,新力金融,8.98,8.98,8.98,8.97,96,86184,0.0,0.11
2026-01-05 13:56:00,sh600318,新力金融,8.97,8.98,8.98,8.97,70,62843,0.0,0.11
2026-01-05 13:57:00,sh600318,新力金融,8.97,8.97,8.98,8.97,420,376830,-0.11,0.11
2026-01-05 13:58:00,sh600318,新力金融,8.98,8.98,8.98,8.98,278,249644,0.11,0.0
2026-01-05 13:59:00,sh600318,新力金融,8.97,8.98,8.98,8.97,168,150842,0.0,0.11
2026-01-05 14:00:00,sh600318,新力金融,8.98,8.98,8.98,8.98,239,214614,0.0,0.0
2026-01-05 14:01:00,sh600318,新力金融,8.98,8.98,8.98,8.98,196,176008,0.0,0.0
2026-01-05 14:02:00,sh600318,新力金融,8.98,8.99,8.99,8.98,68,61099,0.11,0.11
2026-01-05 14:03:00,sh600318,新力金融,8.99,8.98,8.99,8.98,549,493016,-0.11,0.11
2026-01-05 14:04:00,sh600318,新力金融,8.98,8.99,8.99,8.98,1814,1630721,0.11,0.11
2026-01-05 14:05:00,sh600318,新力金融,8.99,9.0,9.0,8.99,249,223886,0.11,0.11
2026-01-05 14:06:00,sh600318,新力金融,9.0,8.99,9.0,8.99,434,390541,-0.11,0.11
2026-01-05 14:07:00,sh600318,新力金融,9.0,8.98,9.0,8.98,311,279560,-0.11,0.22
2026-01-05 14:08:00,sh600318,新力金融,8.99,8.98,8.99,8.98,192,172546,0.0,0.11
2026-01-05 14:09:00,sh600318,新力金融,8.99,8.98,8.99,8.98,93,83595,0.0,0.11
2026-01-05 14:10:00,sh600318,新力金融,8.99,8.98,8.99,8.98,495,444900,0.0,0.11
2026-01-05 14:11:00,sh600318,新力金融,8.99,8.99,8.99,8.99,649,583450,0.11,0.0
2026-01-05 14:12:00,sh600318,新力金融,8.99,8.99,8.99,8.98,598,537586,0.0,0.11
2026-01-05 14:13:00,sh600318,新力金融,8.99,8.99,8.99,8.98,114,102479,0.0,0.11
2026-01-05 14:14:00,sh600318,新力金融,8.99,8.99,8.99,8.99,194,174402,0.0,0.0
2026-01-05 14:15:00,sh600318,新力金融,8.99,8.99,8.99,8.98,100,89890,0.0,0.11
2026-01-05 14:16:00,sh600318,新力金融,8.99,8.99,8.99,8.98,161,144674,0.0,0.11
2026-01-05 14:17:00,sh600318,新力金融,8.99,8.99,8.99,8.98,686,616260,0.0,0.11
2026-01-05 14:18:00,sh600318,新力金融,8.99,8.98,8.99,8.98,127,114172,-0.11,0.11
2026-01-05 14:19:00,sh600318,新力金融,8.98,8.99,8.99,8.98,288,258644,0.11,0.11
2026-01-05 14:20:00,sh600318,新力金融,8.98,8.99,8.99,8.98,318,285614,0.0,0.11
2026-01-05 14:21:00,sh600318,新力金融,8.98,8.98,8.98,8.98,329,295516,-0.11,0.0
2026-01-05 14:22:00,sh600318,新力金融,8.98,8.99,8.99,8.98,676,607097,0.11,0.11
2026-01-05 14:23:00,sh600318,新力金融,8.98,8.98,8.99,8.98,80,71891,-0.11,0.11
2026-01-05 14:24:00,sh600318,新力金融,8.98,8.97,8.98,8.97,3237,2904441,-0.11,0.11
2026-01-05 14:25:00,sh600318,新力金融,8.98,8.96,8.98,8.96,2455,2200713,-0.11,0.22
2026-01-05 14:26:00,sh600318,新力金融,8.97,8.97,8.97,8.97,348,312113,0.11,0.0
2026-01-05 14:27:00,sh600318,新力金融,8.97,8.97,8.97,8.96,59,52906,0.0,0.11
2026-01-05 14:28:00,sh600318,新力金融,8.96,8.97,8.97,8.96,338,303157,0.0,0.11
2026-01-05 14:29:00,sh600318,新力金融,8.97,8.97,8.97,8.96,348,312085,0.0,0.11
2026-01-05 14:30:00,sh600318,新力金融,8.97,8.96,8.98,8.96,1397,1252274,-0.11,0.22
2026-01-05 14:31:00,sh600318,新力金融,8.96,8.96,8.96,8.96,10,8960,0.0,0.0
2026-01-05 14:32:00,sh600318,新力金融,8.97,8.97,8.97,8.96,134,120160,0.11,0.11
2026-01-05 14:33:00,sh600318,新力金融,8.96,8.97,8.97,8.96,1004,900069,0.0,0.11
2026-01-05 14:34:00,sh600318,新力金融,8.96,8.97,8.97,8.96,63,56507,0.0,0.11
2026-01-05 14:35:00,sh600318,新力金融,8.97,8.95,8.97,8.95,3199,2864188,-0.22,0.22
2026-01-05 14:36:00,sh600318,新力金融,8.95,8.95,8.96,8.95,468,418891,0.0,0.11
2026-01-05 14:37:00,sh600318,新力金融,8.96,8.96,8.96,8.95,238,213075,0.11,0.11
2026-01-05 14:38:00,sh600318,新力金融,8.96,8.95,8.96,8.95,329,294742,-0.11,0.11
2026-01-05 14:39:00,sh600318,新力金融,8.96,8.96,8.96,8.95,876,784624,0.11,0.11
2026-01-05 14:40:00,sh600318,新力金融,8.97,8.97,8.97,8.96,313,280522,0.11,0.11
2026-01-05 14:41:00,sh600318,新力金融,8.96,8.96,8.97,8.95,536,480346,-0.11,0.22
2026-01-05 14:42:00,sh600318,新力金融,8.95,8.96,8.96,8.95,284,254286,0.0,0.11
2026-01-05 14:43:00,sh600318,新力金融,8.96,8.96,8.97,8.95,974,872684,0.0,0.22
2026-01-05 14:44:00,sh600318,新力金融,8.96,8.96,8.96,8.95,373,334000,0.0,0.11
2026-01-05 14:45:00,sh600318,新力金融,8.96,8.96,8.96,8.96,226,202496,0.0,0.0
2026-01-05 14:46:00,sh600318,新力金融,8.96,8.95,8.96,8.95,245,219335,-0.11,0.11
2026-01-05 14:47:00,sh600318,新力金融,8.95,8.95,8.96,8.95,152,136106,0.0,0.11
2026-01-05 14:48:00,sh600318,新力金融,8.96,8.95,8.96,8.95,1246,1115587,0.0,0.11
2026-01-05 14:49:00,sh600318,新力金融,8.96,8.95,8.96,8.95,453,405465,0.0,0.11
2026-01-05 14:50:00,sh600318,新力金融,8.95,8.95,8.96,8.95,341,305287,0.0,0.11
2026-01-05 14:51:00,sh600318,新力金融,8.95,8.96,8.96,8.95,587,525666,0.11,0.11
2026-01-05 14:52:00,sh600318,新力金融,8.95,8.96,8.96,8.95,1900,1700868,0.0,0.11
2026-01-05 14:53:00,sh600318,新力金融,8.96,8.96,8.96,8.94,1487,1330747,0.0,0.22
2026-01-05 14:54:00,sh600318,新力金融,8.95,8.95,8.96,8.95,1596,1429172,-0.11,0.11
2026-01-05 14:55:00,sh600318,新力金融,8.95,8.97,8.97,8.95,831,744661,0.22,0.22
2026-01-05 14:56:00,sh600318,新力金融,8.97,8.96,8.97,8.96,1416,1269115,-0.11,0.11
2026-01-05 14:57:00,sh600318,新力金融,8.96,8.98,8.98,8.96,695,623506,0.22,0.22
2026-01-05 14:58:00,sh600318,新力金融,8.98,8.98,8.98,8.98,0,0,0.0,0.0
2026-01-05 14:59:00,sh600318,新力金融,8.98,8.98,8.98,8.98,0,0,0.0,0.0
2026-01-05 15:00:00,sh600318,新力金融,8.98,8.98,8.98,8.98,3393,3046914,0.0,0.0
2026-01-06 09:30:00,sh600318,新力金融,8.94,8.94,8.94,8.94,542,484547,0.0,0.0
2026-01-06 09:31:00,sh600318,新力金融,8.94,8.95,8.97,8.93,592,529387,0.11,0.45
2026-01-06 09:32:00,sh600318,新力金融,8.95,8.98,8.98,8.95,1163,1042977,0.34,0.34
2026-01-06 09:33:00,sh600318,新力金融,8.97,9.0,9.01,8.97,2026,1820614,0.22,0.45
2026-01-06 09:34:00,sh600318,新力金融,9.0,9.03,9.03,9.0,2180,1964212,0.33,0.33
2026-01-06 09:35:00,sh600318,新力金融,9.03,9.02,9.03,9.02,1305,1177807,-0.11,0.11
2026-01-06 09:36:00,sh600318,新力金融,9.01,9.04,9.04,9.01,2288,2065228,0.22,0.33
2026-01-06 09:37:00,sh600318,新力金融,9.05,9.06,9.07,9.05,3406,3083739,0.22,0.22
2026-01-06 09:38:00,sh600318,新力金融,9.06,9.06,9.06,9.04,2259,2044836,0.0,0.22
2026-01-06 09:39:00,sh600318,新力金融,9.06,9.07,9.07,9.06,1473,1335392,0.11,0.11
2026-01-06 09:40:00,sh600318,新力金融,9.07,9.06,9.08,9.06,2190,1985346,-0.11,0.22
2026-01-06 09:41:00,sh600318,新力金融,9.07,9.13,9.13,9.04,11444,10392016,0.77,0.99
2026-01-06 09:42:00,sh600318,新力金融,9.12,9.1,9.14,9.09,1598,1456017,-0.33,0.55
2026-01-06 09:43:00,sh600318,新力金融,9.1,9.08,9.1,9.08,815,741056,-0.22,0.22
2026-01-06 09:44:00,sh600318,新力金融,9.09,9.06,9.09,9.06,2147,1947575,-0.22,0.33
2026-01-06 09:45:00,sh600318,新力金融,9.06,9.09,9.09,9.06,1230,1117649,0.33,0.33
2026-01-06 09:46:00,sh600318,新力金融,9.1,9.1,9.11,9.09,1868,1699957,0.11,0.22
2026-01-06 09:47:00,sh600318,新力金融,9.1,9.1,9.1,9.09,796,724205,0.0,0.11
2026-01-06 09:48:00,sh600318,新力金融,9.09,9.08,9.09,9.08,696,632593,-0.22,0.11
2026-01-06 09:49:00,sh600318,新力金融,9.09,9.09,9.1,9.09,1960,1781631,0.11,0.11
2026-01-06 09:50:00,sh600318,新力金融,9.09,9.08,9.09,9.08,1195,1085212,-0.11,0.11
2026-01-06 09:51:00,sh600318,新力金融,9.07,9.11,9.11,9.07,12010,10916484,0.33,0.44
2026-01-06 09:52:00,sh600318,新力金融,9.11,9.11,9.12,9.11,5831,5314831,0.0,0.11
2026-01-06 09:53:00,sh600318,新力金融,9.12,9.12,9.12,9.11,1252,1141374,0.11,0.11
2026-01-06 09:54:00,sh600318,新力金融,9.12,9.12,9.12,9.11,2432,2217816,0.0,0.11
2026-01-06 09:55:00,sh600318,新力金融,9.12,9.11,9.12,9.11,1860,1695196,-0.11,0.11
2026-01-06 09:56:00,sh600318,新力金融,9.12,9.1,9.12,9.1,1255,1142882,-0.11,0.22
2026-01-06 09:57:00,sh600318,新力金融,9.11,9.11,9.11,9.1,1503,1369207,0.11,0.11
2026-01-06 09:58:00,sh600318,新力金融,9.11,9.1,9.11,9.1,1327,1207957,-0.11,0.11
2026-01-06 09:59:00,sh600318,新力金融,9.1,9.12,9.12,9.1,5471,4984056,0.22,0.22
2026-01-06 10:00:00,sh600318,新力金融,9.12,9.11,9.12,9.11,2067,1883534,-0.11,0.11
2026-01-06 10:01:00,sh600318,新力金融,9.1,9.1,9.11,9.09,2073,1886439,-0.11,0.22
2026-01-06 10:02:00,sh600318,新力金融,9.1,9.11,9.11,9.09,2988,2719121,0.11,0.22
2026-01-06 10:03:00,sh600318,新力金融,9.1,9.11,9.12,9.1,777,707729,0.0,0.22
2026-01-06 10:04:00,sh600318,新力金融,9.12,9.11,9.12,9.1,1390,1266268,0.0,0.22
2026-01-06 10:05:00,sh600318,新力金融,9.11,9.11,9.12,9.11,968,882323,0.0,0.11
2026-01-06 10:06:00,sh600318,新力金融,9.11,9.11,9.12,9.11,451,411030,0.0,0.11
2026-01-06 10:07:00,sh600318,新力金融,9.11,9.11,9.12,9.11,607,553329,0.0,0.11
2026-01-06 10:08:00,sh600318,新力金融,9.11,9.1,9.11,9.1,509,463470,-0.11,0.11
2026-01-06 10:09:00,sh600318,新力金融,9.12,9.12,9.12,9.11,1266,1153772,0.22,0.11
2026-01-06 10:10:00,sh600318,新力金融,9.12,9.12,9.12,9.11,4189,3820338,0.0,0.11
2026-01-06 10:11:00,sh600318,新力金融,9.12,9.11,9.12,9.11,2608,2376050,-0.11,0.11
2026-01-06 10:12:00,sh600318,新力金融,9.12,9.11,9.12,9.11,923,841751,0.0,0.11
2026-01-06 10:13:00,sh600318,新力金融,9.11,9.11,9.12,9.11,336,306098,0.0,0.11
2026-01-06 10:14:00,sh600318,新力金融,9.11,9.1,9.11,9.1,1271,1157815,-0.11,0.11
2026-01-06 10:15:00,sh600318,新力金融,9.1,9.11,9.11,9.1,351,319521,0.11,0.11
2026-01-06 10:16:00,sh600318,新力金融,9.11,9.1,9.11,9.1,233,212252,-0.11,0.11
2026-01-06 10:17:00,sh600318,新力金融,9.11,9.1,9.12,9.1,1870,1703754,0.0,0.22
2026-01-06 10:18:00,sh600318,新力金融,9.11,9.13,9.13,9.11,3643,3320915,0.33,0.22
2026-01-06 10:19:00,sh600318,新力金融,9.12,9.13,9.13,9.12,1022,932912,0.0,0.11
2026-01-06 10:20:00,sh600318,新力金融,9.13,9.14,9.14,9.13,1856,1694645,0.11,0.11
2026-01-06 10:21:00,sh600318,新力金融,9.14,9.16,9.16,9.13,5299,4846734,0.22,0.33
2026-01-06 10:22:00,sh600318,新力金融,9.16,9.18,9.19,9.16,6002,5507868,0.22,0.33
2026-01-06 10:23:00,sh600318,新力金融,9.18,9.17,9.18,9.16,1595,1463085,-0.11,0.22
2026-01-06 10:24:00,sh600318,新力金融,9.17,9.16,9.17,9.16,1577,1445176,-0.11,0.11
2026-01-06 10:25:00,sh600318,新力金融,9.16,9.16,9.17,9.16,1279,1172204,0.0,0.11
2026-01-06 10:26:00,sh600318,新力金融,9.16,9.15,9.17,9.15,2058,1885964,-0.11,0.22
2026-01-06 10:27:00,sh600318,新力金融,9.15,9.15,9.16,9.15,520,476186,0.0,0.11
2026-01-06 10:28:00,sh600318,新力金融,9.15,9.16,9.16,9.15,813,744499,0.11,0.11
2026-01-06 10:29:00,sh600318,新力金融,9.16,9.16,9.17,9.16,1139,1043775,0.0,0.11
2026-01-06 10:30:00,sh600318,新力金融,9.16,9.16,9.17,9.15,2202,2017198,0.0,0.22
2026-01-06 10:31:00,sh600318,新力金融,9.16,9.15,9.16,9.15,1085,992955,-0.11,0.11
2026-01-06 10:32:00,sh600318,新力金融,9.15,9.15,9.16,9.15,674,616806,0.0,0.11
2026-01-06 10:33:00,sh600318,新力金融,9.15,9.14,9.15,9.14,274,250460,-0.11,0.11
2026-01-06 10:34:00,sh600318,新力金融,9.14,9.15,9.16,9.14,1158,1059453,0.11,0.22
2026-01-06 10:35:00,sh600318,新力金融,9.15,9.16,9.16,9.15,276,252741,0.11,0.11
2026-01-06 10:36:00,sh600318,新力金融,9.15,9.14,9.16,9.14,606,554436,-0.22,0.22
2026-01-06 10:37:00,sh600318,新力金融,9.14,9.13,9.15,9.13,1493,1364623,-0.11,0.22
2026-01-06 10:38:00,sh600318,新力金融,9.13,9.12,9.13,9.12,1384,1262774,-0.11,0.11
2026-01-06 10:39:00,sh600318,新力金融,9.11,9.1,9.12,9.1,1321,1203363,-0.22,0.22
2026-01-06 10:40:00,sh600318,新力金融,9.1,9.1,9.11,9.1,849,772809,0.0,0.11
2026-01-06 10:41:00,sh600318,新力金融,9.1,9.11,9.11,9.1,1203,1095395,0.11,0.11
2026-01-06 10:42:00,sh600318,新力金融,9.11,9.12,9.12,9.1,487,443679,0.11,0.22
2026-01-06 10:43:00,sh600318,新力金融,9.12,9.11,9.12,9.11,603,549378,-0.11,0.11
2026-01-06 10:44:00,sh600318,新力金融,9.11,9.1,9.11,9.1,251,228466,-0.11,0.11
2026-01-06 10:45:00,sh600318,新力金融,9.11,9.1,9.11,9.1,391,355828,0.0,0.11
2026-01-06 10:46:00,sh600318,新力金融,9.1,9.1,9.11,9.1,334,303984,0.0,0.11
2026-01-06 10:47:00,sh600318,新力金融,9.1,9.09,9.1,9.09,1244,1131855,-0.11,0.11
2026-01-06 10:48:00,sh600318,新力金融,9.1,9.09,9.1,9.09,2446,2224260,0.0,0.11
2026-01-06 10:49:00,sh600318,新力金融,9.1,9.11,9.11,9.1,266,242072,0.22,0.11
2026-01-06 10:50:00,sh600318,新力金融,9.1,9.11,9.11,9.1,172,156563,0.0,0.11
2026-01-06 10:51:00,sh600318,新力金融,9.11,9.11,9.11,9.1,449,408825,0.0,0.11
2026-01-06 10:52:00,sh600318,新力金融,9.1,9.11,9.11,9.1,337,306978,0.0,0.11
2026-01-06 10:53:00,sh600318,新力金融,9.11,9.1,9.11,9.1,327,297855,-0.11,0.11
2026-01-06 10:54:00,sh600318,新力金融,9.11,9.11,9.11,9.1,239,217704,0.11,0.11
2026-01-06 10:55:00,sh600318,新力金融,9.11,9.11,9.11,9.1,637,580207,0.0,0.11
2026-01-06 10:56:00,sh600318,新力金融,9.11,9.11,9.12,9.11,218,198646,0.0,0.11
2026-01-06 10:57:00,sh600318,新力金融,9.11,9.11,9.12,9.11,1199,1092584,0.0,0.11
2026-01-06 10:58:00,sh600318,新力金融,9.12,9.13,9.13,9.11,592,540109,0.22,0.22
2026-01-06 10:59:00,sh600318,新力金融,9.13,9.13,9.13,9.12,561,511930,0.0,0.11
2026-01-06 11:00:00,sh600318,新力金融,9.12,9.14,9.14,9.12,687,627322,0.11,0.22
2026-01-06 11:01:00,sh600318,新力金融,9.14,9.14,9.14,9.14,274,250436,0.0,0.0
2026-01-06 11:02:00,sh600318,新力金融,9.14,9.14,9.14,9.14,818,747652,0.0,0.0
2026-01-06 11:03:00,sh600318,新力金融,9.14,9.13,9.14,9.13,90,82251,-0.11,0.11
2026-01-06 11:04:00,sh600318,新力金融,9.14,9.13,9.14,9.13,164,149873,0.0,0.11
2026-01-06 11:05:00,sh600318,新力金融,9.14,9.13,9.14,9.13,171,156278,0.0,0.11
2026-01-06 11:06:00,sh600318,新力金融,9.14,9.13,9.14,9.13,289,263893,0.0,0.11
2026-01-06 11:07:00,sh600318,新力金融,9.13,9.13,9.13,9.13,115,104997,0.0,0.0
2026-01-06 11:08:00,sh600318,新力金融,9.13,9.13,9.14,9.13,186,169691,0.0,0.11
2026-01-06 11:09:00,sh600318,新力金融,9.14,9.13,9.14,9.13,398,363386,0.0,0.11
2026-01-06 11:10:00,sh600318,新力金融,9.13,9.13,9.14,9.13,165,150675,0.0,0.11
2026-01-06 11:11:00,sh600318,新力金融,9.13,9.13,9.13,9.13,332,303293,0.0,0.0
2026-01-06 11:12:00,sh600318,新力金融,9.13,9.13,9.14,9.13,92,83996,0.0,0.11
2026-01-06 11:13:00,sh600318,新力金融,9.13,9.13,9.14,9.13,75,68511,0.0,0.11
2026-01-06 11:14:00,sh600318,新力金融,9.14,9.13,9.14,9.13,119,108685,0.0,0.11
2026-01-06 11:15:00,sh600318,新力金融,9.13,9.13,9.14,9.13,383,349822,0.0,0.11
2026-01-06 11:16:00,sh600318,新力金融,9.14,9.15,9.15,9.13,1754,1603101,0.22,0.22
2026-01-06 11:17:00,sh600318,新力金融,9.15,9.14,9.15,9.14,238,217627,-0.11,0.11
2026-01-06 11:18:00,sh600318,新力金融,9.14,9.15,9.15,9.14,163,149015,0.11,0.11
2026-01-06 11:19:00,sh600318,新力金融,9.14,9.15,9.15,9.14,1702,1557121,0.0,0.11
2026-01-06 11:20:00,sh600318,新力金融,9.15,9.15,9.15,9.14,398,364162,0.0,0.11
2026-01-06 11:21:00,sh600318,新力金融,9.15,9.15,9.15,9.14,711,650213,0.0,0.11
2026-01-06 11:22:00,sh600318,新力金融,9.14,9.14,9.15,9.14,849,776690,-0.11,0.11
2026-01-06 11:23:00,sh600318,新力金融,9.15,9.14,9.15,9.14,316,289026,0.0,0.11
2026-01-06 11:24:00,sh600318,新力金融,9.15,9.14,9.15,9.14,800,731249,0.0,0.11
2026-01-06 11:25:00,sh600318,新力金融,9.15,9.15,9.15,9.14,1284,1174828,0.11,0.11
2026-01-06 11:26:00,sh600318,新力金融,9.15,9.15,9.15,9.14,277,253358,0.0,0.11
2026-01-06 11:27:00,sh600318,新力金融,9.14,9.14,9.15,9.14,237,216802,-0.11,0.11
2026-01-06 11:28:00,sh600318,新力金融,9.14,9.14,9.15,9.14,1326,1213126,0.0,0.11
2026-01-06 11:29:00,sh600318,新力金融,9.14,9.15,9.15,9.14,411,375756,0.11,0.11
2026-01-06 11:30:00,sh600318,新力金融,9.15,9.15,9.15,9.14,4012,3668898,0.0,0.11
2026-01-06 13:01:00,sh600318,新力金融,9.15,9.16,9.16,9.14,1889,1729259,0.11,0.22
2026-01-06 13:02:00,sh600318,新力金融,9.16,9.15,9.16,9.15,1269,1162346,-0.11,0.11
2026-01-06 13:03:00,sh600318,新力金融,9.15,9.16,9.16,9.15,640,586112,0.11,0.11
2026-01-06 13:04:00,sh600318,新力金融,9.16,9.15,9.16,9.15,1338,1224581,-0.11,0.11
2026-01-06 13:05:00,sh600318,新力金融,9.15,9.15,9.16,9.15,243,222528,0.0,0.11
2026-01-06 13:06:00,sh600318,新力金融,9.15,9.16,9.16,9.15,386,352854,0.11,0.11
2026-01-06 13:07:00,sh600318,新力金融,9.15,9.15,9.16,9.15,1170,1071219,-0.11,0.11
2026-01-06 13:08:00,sh600318,新力金融,9.14,9.15,9.15,9.14,92,84164,0.0,0.11
2026-01-06 13:09:00,sh600318,新力金融,9.14,9.14,9.15,9.14,219,200236,-0.11,0.11
2026-01-06 13:10:00,sh600318,新力金融,9.15,9.15,9.15,9.14,100,91487,0.11,0.11
2026-01-06 13:11:00,sh600318,新力金融,9.15,9.13,9.15,9.13,1757,1605954,-0.22,0.22
2026-01-06 13:12:00,sh600318,新力金融,9.13,9.13,9.14,9.13,770,703038,0.0,0.11
2026-01-06 13:13:00,sh600318,新力金融,9.13,9.13,9.14,9.13,396,361554,0.0,0.11
2026-01-06 13:14:00,sh600318,新力金融,9.13,9.13,9.13,9.12,180,164324,0.0,0.11
2026-01-06 13:15:00,sh600318,新力金融,9.14,9.13,9.14,9.13,150,137091,0.0,0.11
2026-01-06 13:16:00,sh600318,新力金融,9.14,9.14,9.14,9.13,614,560965,0.11,0.11
2026-01-06 13:17:00,sh600318,新力金融,9.13,9.14,9.14,9.13,413,377098,0.0,0.11
2026-01-06 13:18:00,sh600318,新力金融,9.14,9.14,9.14,9.13,50,45693,0.0,0.11
2026-01-06 13:19:00,sh600318,新力金融,9.14,9.14,9.14,9.13,234,213845,0.0,0.11
2026-01-06 13:20:00,sh600318,新力金融,9.13,9.14,9.14,9.13,242,221141,0.0,0.11
2026-01-06 13:21:00,sh600318,新力金融,9.13,9.13,9.14,9.13,147,134230,-0.11,0.11
2026-01-06 13:22:00,sh600318,新力金融,9.14,9.13,9.14,9.13,269,245626,0.0,0.11
2026-01-06 13:23:00,sh600318,新力金融,9.13,9.13,9.14,9.13,222,202836,0.0,0.11
2026-01-06 13:24:00,sh600318,新力金融,9.13,9.14,9.14,9.13,91,83137,0.11,0.11
2026-01-06 13:25:00,sh600318,新力金融,9.14,9.13,9.14,9.13,435,397390,-0.11,0.11
2026-01-06 13:26:00,sh600318,新力金融,9.13,9.14,9.14,9.13,113,103277,0.11,0.11
2026-01-06 13:27:00,sh600318,新力金融,9.13,9.14,9.14,9.13,19,17355,0.0,0.11
2026-01-06 13:28:00,sh600318,新力金融,9.13,9.14,9.14,9.13,402,367201,0.0,0.11
2026-01-06 13:29:00,sh600318,新力金融,9.13,9.13,9.14,9.13,217,198291,-0.11,0.11
2026-01-06 13:30:00,sh600318,新力金融,9.14,9.14,9.14,9.13,185,169088,0.11,0.11
2026-01-06 13:31:00,sh600318,新力金融,9.14,9.14,9.14,9.14,258,235812,0.0,0.0
2026-01-06 13:32:00,sh600318,新力金融,9.14,9.13,9.14,9.13,154,140703,-0.11,0.11
2026-01-06 13:33:00,sh600318,新力金融,9.14,9.14,9.14,9.13,117,106881,0.11,0.11
2026-01-06 13:34:00,sh600318,新力金融,9.14,9.13,9.14,9.13,354,323465,-0.11,0.11
2026-01-06 13:35:00,sh600318,新力金融,9.13,9.13,9.14,9.13,329,300384,0.0,0.11
2026-01-06 13:36:00,sh600318,新力金融,9.14,9.13,9.14,9.13,145,132487,0.0,0.11
2026-01-06 13:37:00,sh600318,新力金融,9.13,9.13,9.14,9.13,348,317737,0.0,0.11
2026-01-06 13:38:00,sh600318,新力金融,9.13,9.13,9.14,9.13,99,90415,0.0,0.11
2026-01-06 13:39:00,sh600318,新力金融,9.13,9.14,9.14,9.13,351,320762,0.11,0.11
2026-01-06 13:40:00,sh600318,新力金融,9.13,9.13,9.13,9.13,1370,1250810,-0.11,0.0
2026-01-06 13:41:00,sh600318,新力金融,9.13,9.13,9.13,9.12,982,896125,0.0,0.11
2026-01-06 13:42:00,sh600318,新力金融,9.13,9.13,9.14,9.13,352,321558,0.0,0.11
2026-01-06 13:43:00,sh600318,新力金融,9.13,9.13,9.13,9.12,244,222720,0.0,0.11
2026-01-06 13:44:00,sh600318,新力金融,9.12,9.11,9.12,9.11,1024,933868,-0.22,0.11
2026-01-06 13:45:00,sh600318,新力金融,9.11,9.11,9.12,9.11,847,771621,0.0,0.11
2026-01-06 13:46:00,sh600318,新力金融,9.11,9.1,9.11,9.1,1170,1064976,-0.11,0.11
2026-01-06 13:47:00,sh600318,新力金融,9.11,9.11,9.12,9.1,1211,1102857,0.11,0.22
2026-01-06 13:48:00,sh600318,新力金融,9.11,9.11,9.12,9.11,73,66519,0.0,0.11
2026-01-06 13:49:00,sh600318,新力金融,9.11,9.11,9.12,9.11,447,407258,0.0,0.11
2026-01-06 13:50:00,sh600318,新力金融,9.11,9.12,9.12,9.11,674,614231,0.11,0.11
2026-01-06 13:51:00,sh600318,新力金融,9.12,9.12,9.12,9.11,486,443221,0.0,0.11
2026-01-06 13:52:00,sh600318,新力金融,9.12,9.12,9.12,9.11,146,133120,0.0,0.11
2026-01-06 13:53:00,sh600318,新力金融,9.12,9.12,9.12,9.11,105,95710,0.0,0.11
2026-01-06 13:54:00,sh600318,新力金融,9.12,9.11,9.12,9.11,47,42829,-0.11,0.11
2026-01-06 13:55:00,sh600318,新力金融,9.12,9.11,9.12,9.11,155,141215,0.0,0.11
2026-01-06 13:56:00,sh600318,新力金融,9.11,9.12,9.12,9.11,186,169490,0.11,0.11
2026-01-06 13:57:00,sh600318,新力金融,9.11,9.11,9.12,9.11,158,143942,-0.11,0.11
2026-01-06 13:58:00,sh600318,新力金融,9.11,9.12,9.12,9.11,71,64712,0.11,0.11
2026-01-06 13:59:00,sh600318,新力金融,9.12,9.11,9.12,9.11,239,217782,-0.11,0.11
2026-01-06 14:00:00,sh600318,新力金融,9.11,9.12,9.12,9.11,108,98442,0.11,0.11
2026-01-06 14:01:00,sh600318,新力金融,9.12,9.11,9.12,9.11,218,198617,-0.11,0.11
2026-01-06 14:02:00,sh600318,新力金融,9.11,9.12,9.12,9.11,184,167714,0.11,0.11
2026-01-06 14:03:00,sh600318,新力金融,9.12,9.12,9.12,9.11,241,219732,0.0,0.11
2026-01-06 14:04:00,sh600318,新力金融,9.11,9.11,9.12,9.11,92,83882,-0.11,0.11
2026-01-06 14:05:00,sh600318,新力金融,9.11,9.11,9.12,9.11,216,196906,0.0,0.11
2026-01-06 14:06:00,sh600318,新力金融,9.11,9.13,9.13,9.11,1132,1032341,0.22,0.22
2026-01-06 14:07:00,sh600318,新力金融,9.12,9.12,9.13,9.12,409,373312,-0.11,0.11
2026-01-06 14:08:00,sh600318,新力金融,9.13,9.13,9.13,9.12,367,334832,0.11,0.11
2026-01-06 14:09:00,sh600318,新力金融,9.13,9.12,9.13,9.12,164,149656,-0.11,0.11
2026-01-06 14:10:00,sh600318,新力金融,9.13,9.12,9.13,9.12,14,12769,0.0,0.11
2026-01-06 14:11:00,sh600318,新力金融,9.12,9.12,9.13,9.12,243,221617,0.0,0.11
2026-01-06 14:12:00,sh600318,新力金融,9.12,9.13,9.13,9.12,488,445511,0.11,0.11
2026-01-06 14:13:00,sh600318,新力金融,9.13,9.13,9.13,9.12,105,95861,0.0,0.11
2026-01-06 14:14:00,sh600318,新力金融,9.13,9.13,9.13,9.12,90,82119,0.0,0.11
2026-01-06 14:15:00,sh600318,新力金融,9.13,9.13,9.13,9.12,220,200838,0.0,0.11
2026-01-06 14:16:00,sh600318,新力金融,9.13,9.13,9.14,9.13,1222,1115850,0.0,0.11
2026-01-06 14:17:00,sh600318,新力金融,9.14,9.14,9.14,9.13,417,381100,0.11,0.11
2026-01-06 14:18:00,sh600318,新力金融,9.14,9.14,9.14,9.13,272,248604,0.0,0.11
2026-01-06 14:19:00,sh600318,新力金融,9.14,9.14,9.14,9.13,665,607747,0.0,0.11
2026-01-06 14:20:00,sh600318,新力金融,9.14,9.14,9.14,9.13,245,223802,0.0,0.11
2026-01-06 14:21:00,sh600318,新力金融,9.13,9.13,9.14,9.13,533,486669,-0.11,0.11
2026-01-06 14:22:00,sh600318,新力金融,9.13,9.14,9.14,9.13,347,316863,0.11,0.11
2026-01-06 14:23:00,sh600318,新力金融,9.13,9.14,9.14,9.13,472,431293,0.0,0.11
2026-01-06 14:24:00,sh600318,新力金融,9.14,9.13,9.14,9.13,242,221161,-0.11,0.11
2026-01-06 14:25:00,sh600318,新力金融,9.14,9.16,9.16,9.14,6687,6117530,0.33,0.22
2026-01-06 14:26:00,sh600318,新力金融,9.16,9.18,9.18,9.16,3943,3614740,0.22,0.22
2026-01-06 14:27:00,sh600318,新力金融,9.18,9.17,9.18,9.17,1724,1581529,-0.11,0.11
2026-01-06 14:28:00,sh600318,新力金融,9.18,9.18,9.18,9.17,4220,3873790,0.11,0.11
2026-01-06 14:29:00,sh600318,新力金融,9.18,9.22,9.23,9.18,15448,14209729,0.44,0.54
2026-01-06 14:30:00,sh600318,新力金融,9.22,9.22,9.23,9.21,3919,3613174,0.0,0.22
2026-01-06 14:31:00,sh600318,新力金融,9.22,9.2,9.22,9.2,1686,1552962,-0.22,0.22
2026-01-06 14:32:00,sh600318,新力金融,9.2,9.2,9.2,9.19,1832,1685348,0.0,0.11
2026-01-06 14:33:00,sh600318,新力金融,9.2,9.19,9.2,9.19,831,763807,-0.11,0.11
2026-01-06 14:34:00,sh600318,新力金融,9.2,9.21,9.21,9.19,3351,3082782,0.22,0.22
2026-01-06 14:35:00,sh600318,新力金融,9.2,9.19,9.21,9.19,1220,1122582,-0.22,0.22
2026-01-06 14:36:00,sh600318,新力金融,9.19,9.2,9.2,9.19,2282,2099373,0.11,0.11
2026-01-06 14:37:00,sh600318,新力金融,9.2,9.19,9.21,9.19,1679,1544433,-0.11,0.22
2026-01-06 14:38:00,sh600318,新力金融,9.19,9.2,9.2,9.19,452,415747,0.11,0.11
2026-01-06 14:39:00,sh600318,新力金融,9.19,9.2,9.2,9.19,2589,2381705,0.0,0.11
2026-01-06 14:40:00,sh600318,新力金融,9.2,9.2,9.2,9.19,1748,1608135,0.0,0.11
2026-01-06 14:41:00,sh600318,新力金融,9.2,9.21,9.21,9.2,1938,1784620,0.11,0.11
2026-01-06 14:42:00,sh600318,新力金融,9.2,9.21,9.21,9.2,625,575224,0.0,0.11
2026-01-06 14:43:00,sh600318,新力金融,9.2,9.2,9.21,9.2,1200,1104306,-0.11,0.11
2026-01-06 14:44:00,sh600318,新力金融,9.2,9.2,9.21,9.2,1049,965498,0.0,0.11
2026-01-06 14:45:00,sh600318,新力金融,9.2,9.2,9.21,9.2,2465,2268291,0.0,0.11
2026-01-06 14:46:00,sh600318,新力金融,9.2,9.21,9.21,9.2,1476,1358470,0.11,0.11
2026-01-06 14:47:00,sh600318,新力金融,9.21,9.21,9.21,9.2,1295,1192179,0.0,0.11
2026-01-06 14:48:00,sh600318,新力金融,9.21,9.21,9.21,9.2,1515,1395012,0.0,0.11
2026-01-06 14:49:00,sh600318,新力金融,9.2,9.21,9.21,9.2,2228,2051495,0.0,0.11
2026-01-06 14:50:00,sh600318,新力金融,9.21,9.21,9.21,9.2,3139,2890552,0.0,0.11
2026-01-06 14:51:00,sh600318,新力金融,9.21,9.21,9.22,9.2,931,857392,0.0,0.22
2026-01-06 14:52:00,sh600318,新力金融,9.21,9.21,9.21,9.2,2216,2040209,0.0,0.11
2026-01-06 14:53:00,sh600318,新力金融,9.21,9.21,9.21,9.2,1683,1549899,0.0,0.11
2026-01-06 14:54:00,sh600318,新力金融,9.21,9.22,9.22,9.2,767,706408,0.11,0.22
2026-01-06 14:55:00,sh600318,新力金融,9.21,9.2,9.21,9.2,1725,1588525,-0.22,0.11
2026-01-06 14:56:00,sh600318,新力金融,9.21,9.21,9.22,9.2,2083,1918531,0.11,0.22
2026-01-06 14:57:00,sh600318,新力金融,9.22,9.22,9.23,9.22,6194,5711520,0.11,0.11
2026-01-06 14:58:00,sh600318,新力金融,9.22,9.22,9.22,9.22,0,0,0.0,0.0
2026-01-06 14:59:00,sh600318,新力金融,9.22,9.22,9.22,9.22,0,0,0.0,0.0
2026-01-06 15:00:00,sh600318,新力金融,9.22,9.22,9.22,9.22,4049,3733178,0.0,0.0
2026-01-07 09:30:00,sh600318,新力金融,9.23,9.23,9.23,9.23,1557,1437111,0.0,0.0
2026-01-07 09:31:00,sh600318,新力金融,9.23,9.15,9.24,9.15,5018,4612000,-0.87,0.98
2026-01-07 09:32:00,sh600318,新力金融,9.15,9.16,9.16,9.14,2553,2336563,0.11,0.22
2026-01-07 09:33:00,sh600318,新力金融,9.16,9.16,9.17,9.16,1326,1215021,0.0,0.11
2026-01-07 09:34:00,sh600318,新力金融,9.16,9.15,9.16,9.14,2756,2521015,-0.11,0.22
2026-01-07 09:35:00,sh600318,新力金融,9.15,9.13,9.15,9.12,3440,3142563,-0.22,0.33
2026-01-07 09:36:00,sh600318,新力金融,9.13,9.17,9.17,9.12,4127,3772311,0.44,0.55
2026-01-07 09:37:00,sh600318,新力金融,9.16,9.15,9.17,9.15,677,620047,-0.22,0.22
2026-01-07 09:38:00,sh600318,新力金融,9.15,9.16,9.16,9.15,948,868350,0.11,0.11
2026-01-07 09:39:00,sh600318,新力金融,9.16,9.18,9.18,9.16,1909,1750087,0.22,0.22
2026-01-07 09:40:00,sh600318,新力金融,9.18,9.21,9.21,9.18,4739,4368995,0.33,0.33
2026-01-07 09:41:00,sh600318,新力金融,9.21,9.21,9.23,9.19,4288,3955050,0.0,0.43
2026-01-07 09:42:00,sh600318,新力金融,9.2,9.24,9.24,9.2,1772,1632986,0.33,0.43
2026-01-07 09:43:00,sh600318,新力金融,9.24,9.22,9.25,9.22,1570,1450510,-0.22,0.32
2026-01-07 09:44:00,sh600318,新力金融,9.21,9.23,9.24,9.2,3060,2823413,0.11,0.43
2026-01-07 09:45:00,sh600318,新力金融,9.23,9.21,9.24,9.21,3145,2902449,-0.22,0.33
2026-01-07 09:46:00,sh600318,新力金融,9.24,9.25,9.25,9.23,2270,2097752,0.43,0.22
2026-01-07 09:47:00,sh600318,新力金融,9.25,9.24,9.25,9.23,4020,3712757,-0.11,0.22
2026-01-07 09:48:00,sh600318,新力金融,9.24,9.22,9.24,9.22,1236,1141700,-0.22,0.22
2026-01-07 09:49:00,sh600318,新力金融,9.23,9.24,9.24,9.22,1098,1013965,0.22,0.22
2026-01-07 09:50:00,sh600318,新力金融,9.24,9.23,9.24,9.23,1755,1621596,-0.11,0.11
2026-01-07 09:51:00,sh600318,新力金融,9.24,9.23,9.24,9.23,1257,1160329,0.0,0.11
2026-01-07 09:52:00,sh600318,新力金融,9.23,9.21,9.23,9.21,1097,1011412,-0.22,0.22
2026-01-07 09:53:00,sh600318,新力金融,9.23,9.23,9.24,9.23,733,676700,0.22,0.11
2026-01-07 09:54:00,sh600318,新力金融,9.23,9.24,9.24,9.22,3757,3467960,0.11,0.22
2026-01-07 09:55:00,sh600318,新力金融,9.24,9.22,9.24,9.22,2631,2428753,-0.22,0.22
2026-01-07 09:56:00,sh600318,新力金融,9.23,9.21,9.23,9.21,499,460218,-0.11,0.22
2026-01-07 09:57:00,sh600318,新力金融,9.21,9.24,9.24,9.21,1937,1785765,0.33,0.33
2026-01-07 09:58:00,sh600318,新力金融,9.23,9.23,9.24,9.22,3967,3661900,-0.11,0.22
2026-01-07 09:59:00,sh600318,新力金融,9.23,9.23,9.24,9.22,3747,3458995,0.0,0.22
2026-01-07 10:00:00,sh600318,新力金融,9.23,9.27,9.27,9.22,7172,6635588,0.43,0.54
2026-01-07 10:01:00,sh600318,新力金融,9.27,9.26,9.28,9.26,6242,5783750,-0.11,0.22
2026-01-07 10:02:00,sh600318,新力金融,9.26,9.25,9.26,9.25,958,886666,-0.11,0.11
2026-01-07 10:03:00,sh600318,新力金融,9.26,9.25,9.26,9.24,999,924232,0.0,0.22
2026-01-07 10:04:00,sh600318,新力金融,9.24,9.24,9.25,9.24,509,470496,-0.11,0.11
2026-01-07 10:05:00,sh600318,新力金融,9.23,9.24,9.24,9.23,429,396060,0.0,0.11
2026-01-07 10:06:00,sh600318,新力金融,9.24,9.24,9.24,9.23,402,371235,0.0,0.11
2026-01-07 10:07:00,sh600318,新力金融,9.24,9.22,9.24,9.22,1913,1765745,-0.22,0.22
2026-01-07 10:08:00,sh600318,新力金融,9.22,9.22,9.23,9.22,2192,2021085,0.0,0.11
2026-01-07 10:09:00,sh600318,新力金融,9.22,9.22,9.22,9.21,403,371311,0.0,0.11
2026-01-07 10:10:00,sh600318,新力金融,9.21,9.21,9.22,9.21,446,410932,-0.11,0.11
2026-01-07 10:11:00,sh600318,新力金融,9.22,9.21,9.22,9.21,713,656899,0.0,0.11
2026-01-07 10:12:00,sh600318,新力金融,9.21,9.22,9.22,9.2,555,511029,0.11,0.22
2026-01-07 10:13:00,sh600318,新力金融,9.21,9.21,9.22,9.21,1365,1257347,-0.11,0.11
2026-01-07 10:14:00,sh600318,新力金融,9.2,9.21,9.21,9.2,1416,1302732,0.0,0.11
2026-01-07 10:15:00,sh600318,新力金融,9.21,9.2,9.21,9.2,356,327546,-0.11,0.11
2026-01-07 10:16:00,sh600318,新力金融,9.2,9.19,9.2,9.19,1068,982318,-0.11,0.11
2026-01-07 10:17:00,sh600318,新力金融,9.19,9.19,9.2,9.19,376,345605,0.0,0.11
2026-01-07 10:18:00,sh600318,新力金融,9.19,9.18,9.2,9.18,840,771937,-0.11,0.22
2026-01-07 10:19:00,sh600318,新力金融,9.18,9.16,9.18,9.15,3451,3163605,-0.22,0.33
2026-01-07 10:20:00,sh600318,新力金融,9.16,9.15,9.16,9.15,2803,2564962,-0.11,0.11
2026-01-07 10:21:00,sh600318,新力金融,9.15,9.15,9.15,9.15,2662,2435758,0.0,0.0
2026-01-07 10:22:00,sh600318,新力金融,9.16,9.15,9.16,9.15,384,351474,0.0,0.11
2026-01-07 10:23:00,sh600318,新力金融,9.15,9.16,9.16,9.15,655,599347,0.11,0.11
2026-01-07 10:24:00,sh600318,新力金融,9.16,9.13,9.16,9.13,2778,2539773,-0.33,0.33
2026-01-07 10:25:00,sh600318,新力金融,9.13,9.13,9.14,9.13,971,886673,0.0,0.11
2026-01-07 10:26:00,sh600318,新力金融,9.14,9.14,9.14,9.13,464,423852,0.11,0.11
2026-01-07 10:27:00,sh600318,新力金融,9.14,9.14,9.14,9.13,1210,1105679,0.0,0.11
2026-01-07 10:28:00,sh600318,新力金融,9.14,9.15,9.15,9.14,332,303594,0.11,0.11
2026-01-07 10:29:00,sh600318,新力金融,9.15,9.14,9.15,9.14,481,439891,-0.11,0.11
2026-01-07 10:30:00,sh600318,新力金融,9.14,9.16,9.16,9.14,272,248852,0.22,0.22
2026-01-07 10:31:00,sh600318,新力金融,9.16,9.15,9.16,9.15,159,145580,-0.11,0.11
2026-01-07 10:32:00,sh600318,新力金融,9.15,9.15,9.15,9.15,235,215025,0.0,0.0
2026-01-07 10:33:00,sh600318,新力金融,9.15,9.16,9.16,9.15,347,317591,0.11,0.11
2026-01-07 10:34:00,sh600318,新力金融,9.15,9.16,9.16,9.15,533,488222,0.0,0.11
2026-01-07 10:35:00,sh600318,新力金融,9.17,9.16,9.17,9.16,486,445230,0.0,0.11
2026-01-07 10:36:00,sh600318,新力金融,9.16,9.16,9.17,9.16,321,294057,0.0,0.11
2026-01-07 10:37:00,sh600318,新力金融,9.15,9.16,9.16,9.15,588,538120,0.0,0.11
2026-01-07 10:38:00,sh600318,新力金融,9.16,9.16,9.16,9.15,605,553742,0.0,0.11
2026-01-07 10:39:00,sh600318,新力金融,9.16,9.16,9.16,9.15,609,557361,0.0,0.11
2026-01-07 10:40:00,sh600318,新力金融,9.15,9.15,9.15,9.15,346,316590,-0.11,0.0
2026-01-07 10:41:00,sh600318,新力金融,9.15,9.14,9.15,9.14,287,262418,-0.11,0.11
2026-01-07 10:42:00,sh600318,新力金融,9.14,9.15,9.15,9.14,173,158243,0.11,0.11
2026-01-07 10:43:00,sh600318,新力金融,9.15,9.16,9.16,9.15,259,236973,0.11,0.11
2026-01-07 10:44:00,sh600318,新力金融,9.15,9.16,9.16,9.15,281,257250,0.0,0.11
2026-01-07 10:45:00,sh600318,新力金融,9.16,9.16,9.16,9.15,13,11907,0.0,0.11
2026-01-07 10:46:00,sh600318,新力金融,9.16,9.15,9.16,9.15,442,404440,-0.11,0.11
2026-01-07 10:47:00,sh600318,新力金融,9.15,9.15,9.16,9.15,368,336655,0.0,0.11
2026-01-07 10:48:00,sh600318,新力金融,9.15,9.15,9.16,9.15,299,273588,0.0,0.11
2026-01-07 10:49:00,sh600318,新力金融,9.15,9.15,9.15,9.15,209,191235,0.0,0.0
2026-01-07 10:50:00,sh600318,新力金融,9.15,9.15,9.16,9.15,174,159370,0.0,0.11
2026-01-07 10:51:00,sh600318,新力金融,9.15,9.15,9.16,9.15,531,486162,0.0,0.11
2026-01-07 10:52:00,sh600318,新力金融,9.16,9.15,9.16,9.15,20,18310,0.0,0.11
2026-01-07 10:53:00,sh600318,新力金融,9.15,9.16,9.16,9.15,102,93404,0.11,0.11
2026-01-07 10:54:00,sh600318,新力金融,9.16,9.15,9.16,9.15,852,779830,-0.11,0.11
2026-01-07 10:55:00,sh600318,新力金融,9.14,9.14,9.14,9.14,1354,1238331,-0.11,0.0
2026-01-07 10:56:00,sh600318,新力金融,9.14,9.15,9.15,9.14,86,78673,0.11,0.11
2026-01-07 10:57:00,sh600318,新力金融,9.14,9.15,9.15,9.14,220,201157,0.0,0.11
2026-01-07 10:58:00,sh600318,新力金融,9.14,9.14,9.15,9.14,65,59418,-0.11,0.11
2026-01-07 10:59:00,sh600318,新力金融,9.14,9.15,9.15,9.14,116,106102,0.11,0.11
2026-01-07 11:00:00,sh600318,新力金融,9.14,9.14,9.15,9.14,223,203866,-0.11,0.11
2026-01-07 11:01:00,sh600318,新力金融,9.14,9.15,9.15,9.14,1426,1304722,0.11,0.11
2026-01-07 11:02:00,sh600318,新力金融,9.16,9.16,9.16,9.15,276,252685,0.11,0.11
2026-01-07 11:03:00,sh600318,新力金融,9.15,9.15,9.16,9.15,161,147356,-0.11,0.11
2026-01-07 11:04:00,sh600318,新力金融,9.16,9.15,9.16,9.15,37,33856,0.0,0.11
2026-01-07 11:05:00,sh600318,新力金融,9.15,9.15,9.16,9.15,182,166590,0.0,0.11
2026-01-07 11:06:00,sh600318,新力金融,9.15,9.16,9.16,9.15,87,79676,0.11,0.11
2026-01-07 11:07:00,sh600318,新力金融,9.16,9.15,9.16,9.15,105,96089,-0.11,0.11
2026-01-07 11:08:00,sh600318,新力金融,9.16,9.16,9.16,9.15,143,130937,0.11,0.11
2026-01-07 11:09:00,sh600318,新力金融,9.15,9.16,9.16,9.15,135,123618,0.0,0.11
2026-01-07 11:10:00,sh600318,新力金融,9.16,9.16,9.16,9.15,109,99832,0.0,0.11
2026-01-07 11:11:00,sh600318,新力金融,9.15,9.16,9.16,9.15,206,188595,0.0,0.11
2026-01-07 11:12:00,sh600318,新力金融,9.15,9.15,9.16,9.15,1083,991029,-0.11,0.11
2026-01-07 11:13:00,sh600318,新力金融,9.15,9.15,9.16,9.15,850,778019,0.0,0.11
2026-01-07 11:14:00,sh600318,新力金融,9.15,9.14,9.15,9.14,225,205821,-0.11,0.11
2026-01-07 11:15:00,sh600318,新力金融,9.14,9.15,9.15,9.14,271,247920,0.11,0.11
2026-01-07 11:16:00,sh600318,新力金融,9.14,9.15,9.15,9.14,786,718470,0.0,0.11
2026-01-07 11:17:00,sh600318,新力金融,9.14,9.15,9.15,9.14,446,407856,0.0,0.11
2026-01-07 11:18:00,sh600318,新力金融,9.15,9.15,9.15,9.14,216,197634,0.0,0.11
2026-01-07 11:19:00,sh600318,新力金融,9.14,9.15,9.15,9.14,123,112501,0.0,0.11
2026-01-07 11:20:00,sh600318,新力金融,9.15,9.15,9.15,9.14,397,362955,0.0,0.11
2026-01-07 11:21:00,sh600318,新力金融,9.15,9.14,9.15,9.14,118,107937,-0.11,0.11
2026-01-07 11:22:00,sh600318,新力金融,9.14,9.15,9.15,9.14,104,95126,0.11,0.11
2026-01-07 11:23:00,sh600318,新力金融,9.16,9.15,9.16,9.15,38,34793,0.0,0.11
2026-01-07 11:24:00,sh600318,新力金融,9.15,9.16,9.16,9.15,34,31126,0.11,0.11
2026-01-07 11:25:00,sh600318,新力金融,9.15,9.15,9.16,9.15,333,304868,-0.11,0.11
2026-01-07 11:26:00,sh600318,新力金融,9.15,9.16,9.17,9.15,336,307738,0.11,0.22
2026-01-07 11:27:00,sh600318,新力金融,9.16,9.16,9.16,9.16,62,56792,0.0,0.0
2026-01-07 11:28:00,sh600318,新力金融,9.16,9.16,9.16,9.16,65,59540,0.0,0.0
2026-01-07 11:29:00,sh600318,新力金融,9.15,9.15,9.15,9.15,60,54944,-0.11,0.0
2026-01-07 11:30:00,sh600318,新力金融,9.15,9.16,9.16,9.15,103,94332,0.11,0.11
2026-01-07 13:01:00,sh600318,新力金融,9.15,9.15,9.16,9.15,353,323299,-0.11,0.11
2026-01-07 13:02:00,sh600318,新力金融,9.15,9.16,9.16,9.15,447,409072,0.11,0.11
2026-01-07 13:03:00,sh600318,新力金融,9.15,9.16,9.16,9.15,62,56756,0.0,0.11
2026-01-07 13:04:00,sh600318,新力金融,9.16,9.15,9.16,9.15,324,296501,-0.11,0.11
2026-01-07 13:05:00,sh600318,新力金融,9.15,9.16,9.16,9.15,213,195091,0.11,0.11
2026-01-07 13:06:00,sh600318,新力金融,9.16,9.15,9.16,9.15,1013,926994,-0.11,0.11
2026-01-07 13:07:00,sh600318,新力金融,9.14,9.14,9.14,9.14,233,212962,-0.11,0.0
2026-01-07 13:08:00,sh600318,新力金融,9.14,9.13,9.14,9.13,1470,1343459,-0.11,0.11
2026-01-07 13:09:00,sh600318,新力金融,9.13,9.14,9.14,9.13,284,259372,0.11,0.11
2026-01-07 13:10:00,sh600318,新力金融,9.14,9.15,9.15,9.14,432,395068,0.11,0.11
2026-01-07 13:11:00,sh600318,新力金融,9.15,9.14,9.15,9.14,778,711629,-0.11,0.11
2026-01-07 13:12:00,sh600318,新力金融,9.15,9.15,9.15,9.15,294,269010,0.11,0.0
2026-01-07 13:13:00,sh600318,新力金融,9.14,9.14,9.15,9.14,320,292490,-0.11,0.11
2026-01-07 13:14:00,sh600318,新力金融,9.14,9.14,9.14,9.14,253,231242,0.0,0.0
2026-01-07 13:15:00,sh600318,新力金融,9.14,9.14,9.14,9.14,77,70378,0.0,0.0
2026-01-07 13:16:00,sh600318,新力金融,9.14,9.14,9.14,9.13,461,421218,0.0,0.11
2026-01-07 13:17:00,sh600318,新力金融,9.14,9.14,9.15,9.14,339,309962,0.0,0.11
2026-01-07 13:18:00,sh600318,新力金融,9.15,9.15,9.15,9.14,86,78619,0.11,0.11
2026-01-07 13:19:00,sh600318,新力金融,9.15,9.14,9.15,9.14,49,44792,-0.11,0.11
2026-01-07 13:20:00,sh600318,新力金融,9.14,9.14,9.15,9.14,277,253304,0.0,0.11
2026-01-07 13:21:00,sh600318,新力金融,9.15,9.14,9.15,9.13,351,320801,0.0,0.22
2026-01-07 13:22:00,sh600318,新力金融,9.14,9.14,9.14,9.13,22,20104,0.0,0.11
2026-01-07 13:23:00,sh600318,新力金融,9.13,9.13,9.13,9.13,556,507628,-0.11,0.0
2026-01-07 13:24:00,sh600318,新力金融,9.14,9.13,9.14,9.12,2870,2620322,0.0,0.22
2026-01-07 13:25:00,sh600318,新力金融,9.13,9.12,9.13,9.12,346,315567,-0.11,0.11
2026-01-07 13:26:00,sh600318,新力金融,9.12,9.1,9.12,9.1,4845,4415315,-0.22,0.22
2026-01-07 13:27:00,sh600318,新力金融,9.11,9.1,9.11,9.1,1621,1475398,0.0,0.11
2026-01-07 13:28:00,sh600318,新力金融,9.09,9.08,9.09,9.08,802,728885,-0.22,0.11
2026-01-07 13:29:00,sh600318,新力金融,9.08,9.08,9.09,9.08,1157,1050579,0.0,0.11
2026-01-07 13:30:00,sh600318,新力金融,9.08,9.08,9.09,9.08,593,538539,0.0,0.11
2026-01-07 13:31:00,sh600318,新力金融,9.08,9.1,9.1,9.08,3580,3253932,0.22,0.22
2026-01-07 13:32:00,sh600318,新力金融,9.1,9.1,9.1,9.09,541,492272,0.0,0.11
2026-01-07 13:33:00,sh600318,新力金融,9.09,9.1,9.1,9.09,449,408274,0.0,0.11
2026-01-07 13:34:00,sh600318,新力金融,9.09,9.1,9.1,9.09,247,224694,0.0,0.11
2026-01-07 13:35:00,sh600318,新力金融,9.1,9.1,9.1,9.09,746,678773,0.0,0.11
2026-01-07 13:36:00,sh600318,新力金融,9.1,9.09,9.1,9.09,198,180012,-0.11,0.11
2026-01-07 13:37:00,sh600318,新力金融,9.1,9.09,9.1,9.09,214,194581,0.0,0.11
2026-01-07 13:38:00,sh600318,新力金融,9.09,9.1,9.1,9.09,385,350150,0.11,0.11
2026-01-07 13:39:00,sh600318,新力金融,9.1,9.09,9.1,9.09,411,373675,-0.11,0.11
2026-01-07 13:40:00,sh600318,新力金融,9.1,9.09,9.1,9.09,352,320007,0.0,0.11
2026-01-07 13:41:00,sh600318,新力金融,9.09,9.09,9.1,9.08,612,556305,0.0,0.22
2026-01-07 13:42:00,sh600318,新力金融,9.08,9.09,9.09,9.08,842,764608,0.0,0.11
2026-01-07 13:43:00,sh600318,新力金融,9.08,9.07,9.08,9.06,2106,1911280,-0.22,0.22
2026-01-07 13:44:00,sh600318,新力金融,9.06,9.06,9.06,9.06,1188,1076589,-0.11,0.0
2026-01-07 13:45:00,sh600318,新力金融,9.06,9.07,9.07,9.06,572,517821,0.11,0.11
2026-01-07 13:46:00,sh600318,新力金融,9.06,9.08,9.08,9.06,1727,1565368,0.11,0.22
2026-01-07 13:47:00,sh600318,新力金融,9.08,9.07,9.08,9.07,740,671379,-0.11,0.11
2026-01-07 13:48:00,sh600318,新力金融,9.07,9.07,9.07,9.06,1269,1150980,0.0,0.11
2026-01-07 13:49:00,sh600318,新力金融,9.07,9.07,9.08,9.07,91,82589,0.0,0.11
2026-01-07 13:50:00,sh600318,新力金融,9.07,9.07,9.08,9.07,188,170546,0.0,0.11
2026-01-07 13:51:00,sh600318,新力金融,9.07,9.08,9.08,9.07,248,224985,0.11,0.11
2026-01-07 13:52:00,sh600318,新力金融,9.08,9.08,9.08,9.08,246,223358,0.0,0.0
2026-01-07 13:53:00,sh600318,新力金融,9.08,9.09,9.1,9.08,364,330732,0.11,0.22
2026-01-07 13:54:00,sh600318,新力金融,9.1,9.1,9.1,9.09,148,134622,0.11,0.11
2026-01-07 13:55:00,sh600318,新力金融,9.1,9.1,9.1,9.09,142,129135,0.0,0.11
2026-01-07 13:56:00,sh600318,新力金融,9.1,9.1,9.1,9.09,112,101919,0.0,0.11
2026-01-07 13:57:00,sh600318,新力金融,9.1,9.09,9.1,9.09,320,290952,-0.11,0.11
2026-01-07 13:58:00,sh600318,新力金融,9.09,9.1,9.1,9.09,472,429242,0.11,0.11
2026-01-07 13:59:00,sh600318,新力金融,9.09,9.1,9.1,9.09,209,190184,0.0,0.11
2026-01-07 14:00:00,sh600318,新力金融,9.1,9.1,9.1,9.09,276,251158,0.0,0.11
2026-01-07 14:01:00,sh600318,新力金融,9.1,9.1,9.1,9.09,153,139167,0.0,0.11
2026-01-07 14:02:00,sh600318,新力金融,9.1,9.11,9.11,9.1,155,141055,0.11,0.11
2026-01-07 14:03:00,sh600318,新力金融,9.1,9.1,9.11,9.1,276,251417,-0.11,0.11
2026-01-07 14:04:00,sh600318,新力金融,9.1,9.11,9.12,9.1,1174,1069522,0.11,0.22
2026-01-07 14:05:00,sh600318,新力金融,9.11,9.11,9.13,9.11,1648,1502839,0.0,0.22
2026-01-07 14:06:00,sh600318,新力金融,9.12,9.12,9.12,9.12,172,156864,0.11,0.0
2026-01-07 14:07:00,sh600318,新力金融,9.12,9.13,9.13,9.12,433,395269,0.11,0.11
2026-01-07 14:08:00,sh600318,新力金融,9.12,9.12,9.12,9.11,123,112165,-0.11,0.11
2026-01-07 14:09:00,sh600318,新力金融,9.12,9.11,9.12,9.11,46,41947,-0.11,0.11
2026-01-07 14:10:00,sh600318,新力金融,9.12,9.12,9.12,9.11,155,141285,0.11,0.11
2026-01-07 14:11:00,sh600318,新力金融,9.11,9.13,9.13,9.11,626,570948,0.11,0.22
2026-01-07 14:12:00,sh600318,新力金融,9.13,9.12,9.13,9.12,100,91212,-0.11,0.11
2026-01-07 14:13:00,sh600318,新力金融,9.13,9.12,9.13,9.12,45,41061,0.0,0.11
2026-01-07 14:14:00,sh600318,新力金融,9.13,9.12,9.13,9.12,172,156936,0.0,0.11
2026-01-07 14:15:00,sh600318,新力金融,9.12,9.13,9.13,9.12,57,52028,0.11,0.11
2026-01-07 14:16:00,sh600318,新力金融,9.12,9.12,9.13,9.12,191,174282,-0.11,0.11
2026-01-07 14:17:00,sh600318,新力金融,9.12,9.12,9.12,9.11,882,804383,0.0,0.11
2026-01-07 14:18:00,sh600318,新力金融,9.11,9.11,9.12,9.11,534,486774,-0.11,0.11
2026-01-07 14:19:00,sh600318,新力金融,9.12,9.11,9.12,9.11,194,176774,0.0,0.11
2026-01-07 14:20:00,sh600318,新力金融,9.12,9.1,9.12,9.1,436,397257,-0.11,0.22
2026-01-07 14:21:00,sh600318,新力金融,9.11,9.11,9.11,9.11,125,113875,0.11,0.0
2026-01-07 14:22:00,sh600318,新力金融,9.11,9.12,9.12,9.11,49,44683,0.11,0.11
2026-01-07 14:23:00,sh600318,新力金融,9.12,9.11,9.12,9.11,46,41944,-0.11,0.11
2026-01-07 14:24:00,sh600318,新力金融,9.11,9.11,9.12,9.11,354,322509,0.0,0.11
2026-01-07 14:25:00,sh600318,新力金融,9.11,9.11,9.12,9.11,41,37362,0.0,0.11
2026-01-07 14:26:00,sh600318,新力金融,9.11,9.11,9.11,9.11,22,20042,0.0,0.0
2026-01-07 14:27:00,sh600318,新力金融,9.11,9.11,9.11,9.11,118,107498,0.0,0.0
2026-01-07 14:28:00,sh600318,新力金融,9.11,9.12,9.12,9.11,335,305205,0.11,0.11
2026-01-07 14:29:00,sh600318,新力金融,9.12,9.11,9.12,9.11,405,369036,-0.11,0.11
2026-01-07 14:30:00,sh600318,新力金融,9.11,9.11,9.11,9.1,540,491884,0.0,0.11
2026-01-07 14:31:00,sh600318,新力金融,9.11,9.1,9.11,9.1,387,352172,-0.11,0.11
2026-01-07 14:32:00,sh600318,新力金融,9.1,9.09,9.1,9.09,988,899033,-0.11,0.11
2026-01-07 14:33:00,sh600318,新力金融,9.09,9.09,9.09,9.09,759,689940,0.0,0.0
2026-01-07 14:34:00,sh600318,新力金融,9.09,9.1,9.1,9.09,731,665069,0.11,0.11
2026-01-07 14:35:00,sh600318,新力金融,9.09,9.09,9.1,9.09,404,367419,-0.11,0.11
2026-01-07 14:36:00,sh600318,新力金融,9.09,9.1,9.1,9.09,230,209233,0.11,0.11
2026-01-07 14:37:00,sh600318,新力金融,9.1,9.1,9.1,9.09,342,311001,0.0,0.11
2026-01-07 14:38:00,sh600318,新力金融,9.09,9.1,9.1,9.09,444,403709,0.0,0.11
2026-01-07 14:39:00,sh600318,新力金融,9.1,9.09,9.1,9.09,876,796332,-0.11,0.11
2026-01-07 14:40:00,sh600318,新力金融,9.09,9.08,9.09,9.08,586,532593,-0.11,0.11
2026-01-07 14:41:00,sh600318,新力金融,9.08,9.09,9.09,9.08,228,207080,0.11,0.11
2026-01-07 14:42:00,sh600318,新力金融,9.09,9.09,9.09,9.08,129,117140,0.0,0.11
2026-01-07 14:43:00,sh600318,新力金融,9.08,9.07,9.09,9.07,1608,1460125,-0.22,0.22
2026-01-07 14:44:00,sh600318,新力金融,9.07,9.08,9.08,9.07,348,315647,0.11,0.11
2026-01-07 14:45:00,sh600318,新力金融,9.07,9.07,9.07,9.06,1927,1747365,-0.11,0.11
2026-01-07 14:46:00,sh600318,新力金融,9.07,9.08,9.08,9.07,238,215955,0.11,0.11
2026-01-07 14:47:00,sh600318,新力金融,9.08,9.08,9.08,9.07,598,542559,0.0,0.11
2026-01-07 14:48:00,sh600318,新力金融,9.07,9.07,9.08,9.07,266,241290,-0.11,0.11
2026-01-07 14:49:00,sh600318,新力金融,9.07,9.07,9.08,9.07,178,161579,0.0,0.11
2026-01-07 14:50:00,sh600318,新力金融,9.08,9.08,9.08,9.07,792,718829,0.11,0.11
2026-01-07 14:51:00,sh600318,新力金融,9.08,9.08,9.08,9.07,1341,1217526,0.0,0.11
2026-01-07 14:52:00,sh600318,新力金融,9.08,9.09,9.09,9.07,679,616357,0.11,0.22
2026-01-07 14:53:00,sh600318,新力金融,9.09,9.08,9.09,9.08,1019,925391,-0.11,0.11
2026-01-07 14:54:00,sh600318,新力金融,9.08,9.08,9.09,9.08,840,763527,0.0,0.11
2026-01-07 14:55:00,sh600318,新力金融,9.08,9.08,9.09,9.08,1686,1531092,0.0,0.11
2026-01-07 14:56:00,sh600318,新力金融,9.08,9.08,9.09,9.07,603,547544,0.0,0.22
2026-01-07 14:57:00,sh600318,新力金融,9.09,9.1,9.1,9.08,1554,1412484,0.22,0.22
2026-01-07 14:58:00,sh600318,新力金融,9.1,9.1,9.1,9.1,106,96460,0.0,0.0
2026-01-07 14:59:00,sh600318,新力金融,9.1,9.1,9.1,9.1,0,0,0.0,0.0
2026-01-07 15:00:00,sh600318,新力金融,9.1,9.1,9.1,9.1,1662,1512420,0.0,0.0
2026-01-08 09:30:00,sh600318,新力金融,9.07,9.07,9.07,9.07,689,624923,0.0,0.0
2026-01-08 09:31:00,sh600318,新力金融,9.07,9.02,9.07,9.02,1989,1798597,-0.55,0.55
2026-01-08 09:32:00,sh600318,新力金融,9.02,9.02,9.03,9.01,4348,3921175,0.0,0.22
2026-01-08 09:33:00,sh600318,新力金融,9.03,9.04,9.05,9.02,1364,1231408,0.22,0.33
2026-01-08 09:34:00,sh600318,新力金融,9.05,9.02,9.05,9.02,2782,2514735,-0.22,0.33
2026-01-08 09:35:00,sh600318,新力金融,9.02,9.04,9.05,9.02,748,675694,0.22,0.33
2026-01-08 09:36:00,sh600318,新力金融,9.04,9.03,9.05,9.03,1324,1196145,-0.11,0.22
2026-01-08 09:37:00,sh600318,新力金融,9.03,9.04,9.04,9.03,395,356969,0.11,0.11
2026-01-08 09:38:00,sh600318,新力金融,9.04,9.02,9.04,9.02,2251,2032065,-0.22,0.22
2026-01-08 09:39:00,sh600318,新力金融,9.02,9.02,9.03,9.02,1049,946236,0.0,0.11
2026-01-08 09:40:00,sh600318,新力金融,9.03,9.0,9.03,8.99,6529,5878986,-0.22,0.44
2026-01-08 09:41:00,sh600318,新力金融,9.0,9.0,9.01,9.0,1016,914518,0.0,0.11
2026-01-08 09:42:00,sh600318,新力金融,9.01,8.99,9.01,8.99,1755,1578853,-0.11,0.22
2026-01-08 09:43:00,sh600318,新力金融,8.99,8.98,9.0,8.98,2527,2272287,-0.11,0.22
2026-01-08 09:44:00,sh600318,新力金融,8.99,9.0,9.01,8.99,3122,2807039,0.22,0.22
2026-01-08 09:45:00,sh600318,新力金融,9.01,9.01,9.02,9.0,560,504400,0.11,0.22
2026-01-08 09:46:00,sh600318,新力金融,9.02,9.02,9.02,9.01,581,523557,0.11,0.11
2026-01-08 09:47:00,sh600318,新力金融,9.02,9.02,9.02,9.01,300,270543,0.0,0.11
2026-01-08 09:48:00,sh600318,新力金融,9.02,9.02,9.02,9.01,737,664739,0.0,0.11
2026-01-08 09:49:00,sh600318,新力金融,9.01,9.02,9.02,9.01,421,379652,0.0,0.11
2026-01-08 09:50:00,sh600318,新力金融,9.02,9.02,9.02,9.01,266,239884,0.0,0.11
2026-01-08 09:51:00,sh600318,新力金融,9.02,9.05,9.05,9.02,970,876259,0.33,0.33
2026-01-08 09:52:00,sh600318,新力金融,9.06,9.05,9.06,9.04,773,699792,0.0,0.22
2026-01-08 09:53:00,sh600318,新力金融,9.04,9.05,9.05,9.04,341,308472,0.0,0.11
2026-01-08 09:54:00,sh600318,新力金融,9.04,9.04,9.05,9.04,368,332681,-0.11,0.11
2026-01-08 09:55:00,sh600318,新力金融,9.04,9.05,9.05,9.04,345,311984,0.11,0.11
2026-01-08 09:56:00,sh600318,新力金融,9.05,9.06,9.06,9.04,897,811830,0.11,0.22
2026-01-08 09:57:00,sh600318,新力金融,9.06,9.06,9.06,9.05,824,746020,0.0,0.11
2026-01-08 09:58:00,sh600318,新力金融,9.06,9.06,9.06,9.05,221,200192,0.0,0.11
2026-01-08 09:59:00,sh600318,新力金融,9.05,9.04,9.05,9.04,404,365550,-0.22,0.11
2026-01-08 10:00:00,sh600318,新力金融,9.04,9.06,9.06,9.04,347,313789,0.22,0.22
2026-01-08 10:01:00,sh600318,新力金融,9.05,9.05,9.06,9.04,346,313234,-0.11,0.22
2026-01-08 10:02:00,sh600318,新力金融,9.06,9.06,9.06,9.05,234,211788,0.11,0.11
2026-01-08 10:03:00,sh600318,新力金融,9.06,9.07,9.07,9.05,830,751988,0.11,0.22
2026-01-08 10:04:00,sh600318,新力金融,9.07,9.07,9.08,9.06,1382,1253530,0.0,0.22
2026-01-08 10:05:00,sh600318,新力金融,9.06,9.05,9.07,9.05,403,364969,-0.22,0.22
2026-01-08 10:06:00,sh600318,新力金融,9.05,9.04,9.05,9.04,558,504676,-0.11,0.11
2026-01-08 10:07:00,sh600318,新力金融,9.04,9.03,9.04,9.03,327,295490,-0.11,0.11
2026-01-08 10:08:00,sh600318,新力金融,9.03,9.03,9.04,9.03,987,891358,0.0,0.11
2026-01-08 10:09:00,sh600318,新力金融,9.03,9.05,9.05,9.03,1356,1225228,0.22,0.22
2026-01-08 10:10:00,sh600318,新力金融,9.05,9.04,9.05,9.04,131,118446,-0.11,0.11
2026-01-08 10:11:00,sh600318,新力金融,9.05,9.04,9.05,9.04,92,83233,0.0,0.11
2026-01-08 10:12:00,sh600318,新力金融,9.04,9.04,9.04,9.04,337,304648,0.0,0.0
2026-01-08 10:13:00,sh600318,新力金融,9.05,9.04,9.05,9.03,759,686279,0.0,0.22
2026-01-08 10:14:00,sh600318,新力金融,9.04,9.03,9.04,9.03,224,202334,-0.11,0.11
2026-01-08 10:15:00,sh600318,新力金融,9.03,9.04,9.04,9.03,407,367896,0.11,0.11
2026-01-08 10:16:00,sh600318,新力金融,9.04,9.04,9.04,9.03,204,184411,0.0,0.11
2026-01-08 10:17:00,sh600318,新力金融,9.04,9.04,9.04,9.03,363,327952,0.0,0.11
2026-01-08 10:18:00,sh600318,新力金融,9.03,9.04,9.04,9.03,353,318980,0.0,0.11
2026-01-08 10:19:00,sh600318,新力金融,9.04,9.04,9.05,9.04,2856,2583079,0.0,0.11
2026-01-08 10:20:00,sh600318,新力金融,9.04,9.07,9.07,9.04,971,879740,0.33,0.33
2026-01-08 10:21:00,sh600318,新力金融,9.07,9.1,9.11,9.06,2596,2359355,0.33,0.55
2026-01-08 10:22:00,sh600318,新力金融,9.11,9.1,9.11,9.09,1460,1329126,0.0,0.22
2026-01-08 10:23:00,sh600318,新力金融,9.11,9.16,9.17,9.11,4815,4399063,0.66,0.66
2026-01-08 10:24:00,sh600318,新力金融,9.16,9.13,9.16,9.13,2988,2735000,-0.33,0.33
2026-01-08 10:25:00,sh600318,新力金融,9.13,9.12,9.13,9.11,836,762153,-0.11,0.22
2026-01-08 10:26:00,sh600318,新力金融,9.11,9.14,9.14,9.11,1233,1125139,0.22,0.33
2026-01-08 10:27:00,sh600318,新力金融,9.13,9.16,9.18,9.13,4743,4346167,0.22,0.55
2026-01-08 10:28:00,sh600318,新力金融,9.16,9.15,9.18,9.15,4611,4228104,-0.11,0.33
2026-01-08 10:29:00,sh600318,新力金融,9.15,9.17,9.18,9.15,1830,1677531,0.22,0.33
2026-01-08 10:30:00,sh600318,新力金融,9.17,9.15,9.17,9.15,739,677267,-0.22,0.22
2026-01-08 10:31:00,sh600318,新力金融,9.15,9.15,9.16,9.15,1035,947586,0.0,0.11
2026-01-08 10:32:00,sh600318,新力金融,9.14,9.13,9.14,9.13,289,264136,-0.22,0.11
2026-01-08 10:33:00,sh600318,新力金融,9.14,9.12,9.14,9.12,769,702080,-0.11,0.22
2026-01-08 10:34:00,sh600318,新力金融,9.13,9.13,9.13,9.13,413,377174,0.11,0.0
2026-01-08 10:35:00,sh600318,新力金融,9.14,9.14,9.14,9.13,291,265953,0.11,0.11
2026-01-08 10:36:00,sh600318,新力金融,9.14,9.13,9.14,9.13,132,120618,-0.11,0.11
2026-01-08 10:37:00,sh600318,新力金融,9.13,9.14,9.14,9.13,877,801041,0.11,0.11
2026-01-08 10:38:00,sh600318,新力金融,9.14,9.13,9.14,9.13,202,184618,-0.11,0.11
2026-01-08 10:39:00,sh600318,新力金融,9.13,9.13,9.14,9.13,1055,963230,0.0,0.11
2026-01-08 10:40:00,sh600318,新力金融,9.13,9.13,9.14,9.13,160,146136,0.0,0.11
2026-01-08 10:41:00,sh600318,新力金融,9.14,9.14,9.14,9.14,72,65808,0.11,0.0
2026-01-08 10:42:00,sh600318,新力金融,9.13,9.13,9.14,9.13,259,236517,-0.11,0.11
2026-01-08 10:43:00,sh600318,新力金融,9.13,9.13,9.13,9.13,623,568799,0.0,0.0
2026-01-08 10:44:00,sh600318,新力金融,9.13,9.13,9.14,9.13,286,261148,0.0,0.11
2026-01-08 10:45:00,sh600318,新力金融,9.12,9.13,9.13,9.12,134,122239,0.0,0.11
2026-01-08 10:46:00,sh600318,新力金融,9.13,9.13,9.14,9.12,310,283024,0.0,0.22
2026-01-08 10:47:00,sh600318,新力金融,9.13,9.13,9.14,9.13,120,109573,0.0,0.11
2026-01-08 10:48:00,sh600318,新力金融,9.13,9.13,9.14,9.13,241,220193,0.0,0.11
2026-01-08 10:49:00,sh600318,新力金融,9.13,9.14,9.14,9.13,214,195581,0.11,0.11
2026-01-08 10:50:00,sh600318,新力金融,9.13,9.14,9.14,9.13,368,336303,0.0,0.11
2026-01-08 10:51:00,sh600318,新力金融,9.14,9.13,9.14,9.13,333,304111,-0.11,0.11
2026-01-08 10:52:00,sh600318,新力金融,9.13,9.14,9.14,9.13,252,230232,0.11,0.11
2026-01-08 10:53:00,sh600318,新力金融,9.14,9.13,9.14,9.13,201,183534,-0.11,0.11
2026-01-08 10:54:00,sh600318,新力金融,9.14,9.13,9.14,9.13,65,59361,0.0,0.11
2026-01-08 10:55:00,sh600318,新力金融,9.14,9.14,9.14,9.13,32,29231,0.11,0.11
2026-01-08 10:56:00,sh600318,新力金融,9.12,9.13,9.13,9.12,579,528625,-0.11,0.11
2026-01-08 10:57:00,sh600318,新力金融,9.13,9.12,9.13,9.12,773,705352,-0.11,0.11
2026-01-08 10:58:00,sh600318,新力金融,9.12,9.13,9.13,9.12,65,59302,0.11,0.11
2026-01-08 10:59:00,sh600318,新力金融,9.12,9.12,9.12,9.12,15,13680,-0.11,0.0
2026-01-08 11:00:00,sh600318,新力金融,9.12,9.12,9.13,9.12,50,45601,0.0,0.11
2026-01-08 11:01:00,sh600318,新力金融,9.13,9.12,9.13,9.12,321,292755,0.0,0.11
2026-01-08 11:02:00,sh600318,新力金融,9.12,9.11,9.12,9.11,195,177650,-0.11,0.11
2026-01-08 11:03:00,sh600318,新力金融,9.11,9.11,9.11,9.11,53,48283,0.0,0.0
2026-01-08 11:04:00,sh600318,新力金融,9.11,9.11,9.11,9.1,193,175810,0.0,0.11
2026-01-08 11:05:00,sh600318,新力金融,9.11,9.11,9.11,9.1,228,207702,0.0,0.11
2026-01-08 11:06:00,sh600318,新力金融,9.1,9.1,9.11,9.1,641,583426,-0.11,0.11
2026-01-08 11:07:00,sh600318,新力金融,9.1,9.1,9.1,9.1,284,258445,0.0,0.0
2026-01-08 11:08:00,sh600318,新力金融,9.1,9.1,9.11,9.1,122,111066,0.0,0.11
2026-01-08 11:09:00,sh600318,新力金融,9.1,9.1,9.1,9.1,204,185640,0.0,0.0
2026-01-08 11:10:00,sh600318,新力金融,9.1,9.11,9.12,9.1,837,762368,0.11,0.22
2026-01-08 11:11:00,sh600318,新力金融,9.11,9.12,9.12,9.11,55,50122,0.11,0.11
2026-01-08 11:12:00,sh600318,新力金融,9.11,9.12,9.12,9.11,22,20052,0.0,0.11
2026-01-08 11:13:00,sh600318,新力金融,9.11,9.12,9.12,9.11,38,34623,0.0,0.11
2026-01-08 11:14:00,sh600318,新力金融,9.12,9.11,9.12,9.11,898,818124,-0.11,0.11
2026-01-08 11:15:00,sh600318,新力金融,9.11,9.1,9.11,9.1,841,765325,-0.11,0.11
2026-01-08 11:16:00,sh600318,新力金融,9.1,9.09,9.1,9.09,8,7278,-0.11,0.11
2026-01-08 11:17:00,sh600318,新力金融,9.09,9.09,9.1,9.09,113,102727,0.0,0.11
2026-01-08 11:18:00,sh600318,新力金融,9.09,9.09,9.1,9.09,528,479970,0.0,0.11
2026-01-08 11:19:00,sh600318,新力金融,9.09,9.09,9.1,9.09,15,13636,0.0,0.11
2026-01-08 11:20:00,sh600318,新力金融,9.1,9.1,9.1,9.1,345,313680,0.11,0.0
2026-01-08 11:21:00,sh600318,新力金融,9.09,9.1,9.1,9.09,696,633297,0.0,0.11
2026-01-08 11:22:00,sh600318,新力金融,9.1,9.1,9.11,9.1,394,358731,0.0,0.11
2026-01-08 11:23:00,sh600318,新力金融,9.1,9.1,9.1,9.1,404,367630,0.0,0.0
2026-01-08 11:24:00,sh600318,新力金融,9.1,9.1,9.1,9.09,85,77348,0.0,0.11
2026-01-08 11:25:00,sh600318,新力金融,9.11,9.11,9.11,9.1,44,40080,0.11,0.11
2026-01-08 11:26:00,sh600318,新力金融,9.1,9.1,9.1,9.1,8,7280,-0.11,0.0
2026-01-08 11:27:00,sh600318,新力金融,9.1,9.1,9.11,9.1,260,236829,0.0,0.11
2026-01-08 11:28:00,sh600318,新力金融,9.1,9.1,9.11,9.1,44,40053,0.0,0.11
2026-01-08 11:29:00,sh600318,新力金融,9.11,9.11,9.11,9.11,24,21864,0.11,0.0
2026-01-08 11:30:00,sh600318,新力金融,9.1,9.11,9.11,9.1,33,30046,0.0,0.11
2026-01-08 13:01:00,sh600318,新力金融,9.11,9.1,9.11,9.09,1252,1139355,-0.11,0.22
2026-01-08 13:02:00,sh600318,新力金融,9.1,9.1,9.1,9.09,365,331809,0.0,0.11
2026-01-08 13:03:00,sh600318,新力金融,9.1,9.11,9.11,9.1,174,158329,0.11,0.11
2026-01-08 13:04:00,sh600318,新力金融,9.1,9.11,9.11,9.1,43,39141,0.0,0.11
2026-01-08 13:05:00,sh600318,新力金融,9.11,9.11,9.11,9.1,52,47349,0.0,0.11
2026-01-08 13:06:00,sh600318,新力金融,9.11,9.11,9.11,9.1,64,58287,0.0,0.11
2026-01-08 13:07:00,sh600318,新力金融,9.11,9.11,9.11,9.1,50,45549,0.0,0.11
2026-01-08 13:08:00,sh600318,新力金融,9.1,9.11,9.11,9.1,334,304182,0.0,0.11
2026-01-08 13:09:00,sh600318,新力金融,9.11,9.1,9.11,9.1,111,101038,-0.11,0.11
2026-01-08 13:10:00,sh600318,新力金融,9.1,9.11,9.11,9.1,241,219425,0.11,0.11
2026-01-08 13:11:00,sh600318,新力金融,9.11,9.11,9.11,9.1,83,75561,0.0,0.11
2026-01-08 13:12:00,sh600318,新力金融,9.1,9.1,9.1,9.1,154,140146,-0.11,0.0
2026-01-08 13:13:00,sh600318,新力金融,9.1,9.1,9.1,9.1,723,657930,0.0,0.0
2026-01-08 13:14:00,sh600318,新力金融,9.1,9.1,9.1,9.1,77,70071,0.0,0.0
2026-01-08 13:15:00,sh600318,新力金融,9.11,9.1,9.11,9.1,74,67342,0.0,0.11
2026-01-08 13:16:00,sh600318,新力金融,9.1,9.1,9.1,9.1,97,88270,0.0,0.0
2026-01-08 13:17:00,sh600318,新力金融,9.11,9.11,9.11,9.1,193,175660,0.11,0.11
2026-01-08 13:18:00,sh600318,新力金融,9.1,9.1,9.11,9.1,271,246618,-0.11,0.11
2026-01-08 13:19:00,sh600318,新力金融,9.1,9.12,9.12,9.1,379,345290,0.22,0.22
2026-01-08 13:20:00,sh600318,新力金融,9.12,9.12,9.12,9.12,499,455081,0.0,0.0
2026-01-08 13:21:00,sh600318,新力金融,9.12,9.12,9.12,9.11,457,416760,0.0,0.11
2026-01-08 13:22:00,sh600318,新力金融,9.11,9.12,9.13,9.11,458,417712,0.0,0.22
2026-01-08 13:23:00,sh600318,新力金融,9.12,9.13,9.13,9.12,88,80267,0.11,0.11
2026-01-08 13:24:00,sh600318,新力金融,9.13,9.12,9.13,9.12,139,126812,-0.11,0.11
2026-01-08 13:25:00,sh600318,新力金融,9.12,9.12,9.13,9.12,370,337547,0.0,0.11
2026-01-08 13:26:00,sh600318,新力金融,9.12,9.12,9.12,9.12,170,155040,0.0,0.0
2026-01-08 13:27:00,sh600318,新力金融,9.13,9.13,9.13,9.13,16,14608,0.11,0.0
2026-01-08 13:28:00,sh600318,新力金融,9.12,9.11,9.12,9.11,148,134966,-0.22,0.11
2026-01-08 13:29:00,sh600318,新力金融,9.11,9.12,9.12,9.11,5,4557,0.11,0.11
2026-01-08 13:30:00,sh600318,新力金融,9.12,9.12,9.12,9.11,25,22790,0.0,0.11
2026-01-08 13:31:00,sh600318,新力金融,9.12,9.12,9.12,9.11,11,10031,0.0,0.11
2026-01-08 13:32:00,sh600318,新力金融,9.11,9.11,9.11,9.11,371,337986,-0.11,0.0
2026-01-08 13:33:00,sh600318,新力金融,9.11,9.11,9.11,9.1,984,896423,0.0,0.11
2026-01-08 13:34:00,sh600318,新力金融,9.1,9.1,9.11,9.1,544,495086,-0.11,0.11
2026-01-08 13:35:00,sh600318,新力金融,9.1,9.1,9.11,9.1,126,114751,0.0,0.11
2026-01-08 13:36:00,sh600318,新力金融,9.1,9.11,9.11,9.1,186,169278,0.11,0.11
2026-01-08 13:37:00,sh600318,新力金融,9.1,9.1,9.11,9.09,774,704345,-0.11,0.22
2026-01-08 13:38:00,sh600318,新力金融,9.09,9.1,9.1,9.09,397,361262,0.0,0.11
2026-01-08 13:39:00,sh600318,新力金融,9.1,9.1,9.11,9.1,86,78264,0.0,0.11
2026-01-08 13:40:00,sh600318,新力金融,9.1,9.1,9.11,9.1,370,336809,0.0,0.11
2026-01-08 13:41:00,sh600318,新力金融,9.09,9.1,9.11,9.09,1060,964079,0.0,0.22
2026-01-08 13:42:00,sh600318,新力金融,9.1,9.1,9.11,9.1,184,167440,0.0,0.11
2026-01-08 13:43:00,sh600318,新力金融,9.1,9.11,9.11,9.1,148,134681,0.11,0.11
2026-01-08 13:44:00,sh600318,新力金融,9.11,9.1,9.11,9.1,228,207620,-0.11,0.11
2026-01-08 13:45:00,sh600318,新力金融,9.1,9.09,9.1,9.09,632,574411,-0.11,0.11
2026-01-08 13:46:00,sh600318,新力金融,9.09,9.1,9.1,9.09,15,13642,0.11,0.11
2026-01-08 13:47:00,sh600318,新力金融,9.09,9.09,9.1,9.09,109,99121,-0.11,0.11
2026-01-08 13:48:00,sh600318,新力金融,9.09,9.1,9.1,9.09,172,156419,0.11,0.11
2026-01-08 13:49:00,sh600318,新力金融,9.09,9.1,9.1,9.09,873,793940,0.0,0.11
2026-01-08 13:50:00,sh600318,新力金融,9.1,9.1,9.11,9.1,173,157431,0.0,0.11
2026-01-08 13:51:00,sh600318,新力金融,9.11,9.1,9.11,9.1,152,138372,0.0,0.11
2026-01-08 13:52:00,sh600318,新力金融,9.1,9.09,9.1,9.09,449,408423,-0.11,0.11
2026-01-08 13:53:00,sh600318,新力金融,9.09,9.08,9.09,9.08,556,504995,-0.11,0.11
2026-01-08 13:54:00,sh600318,新力金融,9.08,9.09,9.1,9.08,511,464397,0.11,0.22
2026-01-08 13:55:00,sh600318,新力金融,9.09,9.09,9.09,9.08,515,468006,0.0,0.11
2026-01-08 13:56:00,sh600318,新力金融,9.09,9.09,9.1,9.09,138,125474,0.0,0.11
2026-01-08 13:57:00,sh600318,新力金融,9.09,9.1,9.1,9.09,303,275560,0.11,0.11
2026-01-08 13:58:00,sh600318,新力金融,9.1,9.1,9.1,9.09,143,130055,0.0,0.11
2026-01-08 13:59:00,sh600318,新力金融,9.09,9.1,9.1,9.09,83,75516,0.0,0.11
2026-01-08 14:00:00,sh600318,新力金融,9.1,9.11,9.11,9.09,482,438636,0.11,0.22
2026-01-08 14:01:00,sh600318,新力金融,9.1,9.11,9.11,9.1,63,57368,0.0,0.11
2026-01-08 14:02:00,sh600318,新力金融,9.11,9.11,9.11,9.1,64,58299,0.0,0.11
2026-01-08 14:03:00,sh600318,新力金融,9.1,9.1,9.11,9.1,477,434132,-0.11,0.11
2026-01-08 14:04:00,sh600318,新力金融,9.1,9.1,9.1,9.1,382,347628,0.0,0.0
2026-01-08 14:05:00,sh600318,新力金融,9.11,9.1,9.11,9.1,55,50068,0.0,0.11
2026-01-08 14:06:00,sh600318,新力金融,9.1,9.1,9.11,9.1,298,271359,0.0,0.11
2026-01-08 14:07:00,sh600318,新力金融,9.1,9.1,9.11,9.1,228,207535,0.0,0.11
2026-01-08 14:08:00,sh600318,新力金融,9.1,9.1,9.1,9.1,232,211120,0.0,0.0
2026-01-08 14:09:00,sh600318,新力金融,9.1,9.1,9.1,9.1,352,320320,0.0,0.0
2026-01-08 14:10:00,sh600318,新力金融,9.1,9.1,9.1,9.09,869,790656,0.0,0.11
2026-01-08 14:11:00,sh600318,新力金融,9.09,9.1,9.1,9.09,209,190010,0.0,0.11
2026-01-08 14:12:00,sh600318,新力金融,9.1,9.09,9.1,9.09,137,124565,-0.11,0.11
2026-01-08 14:13:00,sh600318,新力金融,9.09,9.08,9.09,9.08,1328,1206425,-0.11,0.11
2026-01-08 14:14:00,sh600318,新力金融,9.08,9.08,9.08,9.07,647,587195,0.0,0.11
2026-01-08 14:15:00,sh600318,新力金融,9.07,9.07,9.08,9.07,444,402784,-0.11,0.11
2026-01-08 14:16:00,sh600318,新力金融,9.08,9.08,9.08,9.07,361,327563,0.11,0.11
2026-01-08 14:17:00,sh600318,新力金融,9.1,9.09,9.1,9.08,651,591543,0.11,0.22
2026-01-08 14:18:00,sh600318,新力金融,9.08,9.08,9.09,9.08,94,85360,-0.11,0.11
2026-01-08 14:19:00,sh600318,新力金融,9.09,9.08,9.09,9.08,362,328727,0.0,0.11
2026-01-08 14:20:00,sh600318,新力金融,9.08,9.08,9.09,9.08,200,181612,0.0,0.11
2026-01-08 14:21:00,sh600318,新力金融,9.08,9.08,9.09,9.08,153,138955,0.0,0.11
2026-01-08 14:22:00,sh600318,新力金融,9.08,9.08,9.09,9.08,267,242669,0.0,0.11
2026-01-08 14:23:00,sh600318,新力金融,9.09,9.09,9.09,9.09,111,100859,0.11,0.0
2026-01-08 14:24:00,sh600318,新力金融,9.09,9.09,9.09,9.09,196,178120,0.0,0.0
2026-01-08 14:25:00,sh600318,新力金融,9.08,9.1,9.1,9.08,736,668794,0.11,0.22
2026-01-08 14:26:00,sh600318,新力金融,9.08,9.09,9.1,9.08,169,153557,-0.11,0.22
2026-01-08 14:27:00,sh600318,新力金融,9.09,9.09,9.09,9.09,144,130896,0.0,0.0
2026-01-08 14:28:00,sh600318,新力金融,9.08,9.09,9.09,9.08,430,390819,0.0,0.11
2026-01-08 14:29:00,sh600318,新力金融,9.08,9.09,9.1,9.08,205,186302,0.0,0.22
2026-01-08 14:30:00,sh600318,新力金融,9.09,9.1,9.1,9.09,195,177359,0.11,0.11
2026-01-08 14:31:00,sh600318,新力金融,9.1,9.11,9.11,9.09,753,685153,0.11,0.22
2026-01-08 14:32:00,sh600318,新力金融,9.11,9.11,9.11,9.1,148,134700,0.0,0.11
2026-01-08 14:33:00,sh600318,新力金融,9.1,9.11,9.11,9.1,580,527897,0.0,0.11
2026-01-08 14:34:00,sh600318,新力金融,9.1,9.1,9.11,9.1,183,166555,-0.11,0.11
2026-01-08 14:35:00,sh600318,新力金融,9.1,9.1,9.11,9.1,107,97403,0.0,0.11
2026-01-08 14:36:00,sh600318,新力金融,9.1,9.11,9.11,9.1,90,81937,0.11,0.11
2026-01-08 14:37:00,sh600318,新力金融,9.1,9.1,9.11,9.1,336,305767,-0.11,0.11
2026-01-08 14:38:00,sh600318,新力金融,9.1,9.1,9.11,9.1,103,93751,0.0,0.11
2026-01-08 14:39:00,sh600318,新力金融,9.1,9.1,9.1,9.09,315,286600,0.0,0.11
2026-01-08 14:40:00,sh600318,新力金融,9.1,9.09,9.1,9.09,41,37272,-0.11,0.11
2026-01-08 14:41:00,sh600318,新力金融,9.1,9.1,9.1,9.1,152,138319,0.11,0.0
2026-01-08 14:42:00,sh600318,新力金融,9.1,9.1,9.11,9.09,818,744287,0.0,0.22
2026-01-08 14:43:00,sh600318,新力金融,9.1,9.1,9.11,9.1,152,138359,0.0,0.11
2026-01-08 14:44:00,sh600318,新力金融,9.1,9.1,9.11,9.1,342,311293,0.0,0.11
2026-01-08 14:45:00,sh600318,新力金融,9.1,9.1,9.11,9.1,498,453224,0.0,0.11
2026-01-08 14:46:00,sh600318,新力金融,9.1,9.11,9.11,9.1,201,183026,0.11,0.11
2026-01-08 14:47:00,sh600318,新力金融,9.1,9.11,9.11,9.1,379,345154,0.0,0.11
2026-01-08 14:48:00,sh600318,新力金融,9.11,9.1,9.11,9.1,61,55528,-0.11,0.11
2026-01-08 14:49:00,sh600318,新力金融,9.11,9.11,9.11,9.1,923,840526,0.11,0.11
2026-01-08 14:50:00,sh600318,新力金融,9.11,9.11,9.11,9.1,609,554243,0.0,0.11
2026-01-08 14:51:00,sh600318,新力金融,9.11,9.11,9.11,9.1,329,299664,0.0,0.11
2026-01-08 14:52:00,sh600318,新力金融,9.11,9.11,9.11,9.1,1754,1597528,0.0,0.11
2026-01-08 14:53:00,sh600318,新力金融,9.11,9.12,9.12,9.1,1032,939960,0.11,0.22
2026-01-08 14:54:00,sh600318,新力金融,9.12,9.11,9.12,9.1,671,611024,-0.11,0.22
2026-01-08 14:55:00,sh600318,新力金融,9.11,9.11,9.11,9.1,519,472795,0.0,0.11
2026-01-08 14:56:00,sh600318,新力金融,9.1,9.09,9.11,9.09,2421,2203097,-0.22,0.22
2026-01-08 14:57:00,sh600318,新力金融,9.09,9.11,9.11,9.09,1027,934182,0.22,0.22
2026-01-08 14:58:00,sh600318,新力金融,9.11,9.11,9.11,9.11,0,0,0.0,0.0
2026-01-08 14:59:00,sh600318,新力金融,9.11,9.11,9.11,9.11,0,0,0.0,0.0
2026-01-08 15:00:00,sh600318,新力金融,9.11,9.11,9.11,9.11,1754,1597894,0.0,0.0
2026-01-09 09:30:00,sh600318,新力金融,9.1,9.1,9.1,9.1,489,444989,0.0,0.0
2026-01-09 09:31:00,sh600318,新力金融,9.1,9.17,9.18,9.09,2405,2199330,0.77,0.99
2026-01-09 09:32:00,sh600318,新力金融,9.16,9.17,9.18,9.16,4020,3686460,0.0,0.22
2026-01-09 09:33:00,sh600318,新力金融,9.17,9.16,9.17,9.15,1619,1483496,-0.11,0.22
2026-01-09 09:34:00,sh600318,新力金融,9.17,9.2,9.2,9.16,5267,4834703,0.44,0.44
2026-01-09 09:35:00,sh600318,新力金融,9.2,9.19,9.21,9.19,5333,4905819,-0.11,0.22
2026-01-09 09:36:00,sh600318,新力金融,9.19,9.19,9.2,9.19,2070,1903708,0.0,0.11
2026-01-09 09:37:00,sh600318,新力金融,9.19,9.2,9.2,9.19,2471,2272426,0.11,0.11
2026-01-09 09:38:00,sh600318,新力金融,9.19,9.2,9.2,9.19,4000,3677897,0.0,0.11
2026-01-09 09:39:00,sh600318,新力金融,9.2,9.19,9.2,9.18,1199,1102108,-0.11,0.22
2026-01-09 09:40:00,sh600318,新力金融,9.19,9.19,9.19,9.16,1535,1408897,0.0,0.33
2026-01-09 09:41:00,sh600318,新力金融,9.18,9.19,9.2,9.18,2469,2269403,0.0,0.22
2026-01-09 09:42:00,sh600318,新力金融,9.19,9.2,9.21,9.19,3091,2844233,0.11,0.22
2026-01-09 09:43:00,sh600318,新力金融,9.21,9.21,9.21,9.2,1162,1069722,0.11,0.11
2026-01-09 09:44:00,sh600318,新力金融,9.2,9.19,9.21,9.19,1205,1108661,-0.22,0.22
2026-01-09 09:45:00,sh600318,新力金融,9.19,9.2,9.2,9.19,1452,1335480,0.11,0.11
2026-01-09 09:46:00,sh600318,新力金融,9.2,9.21,9.21,9.2,901,829412,0.11,0.11
2026-01-09 09:47:00,sh600318,新力金融,9.21,9.2,9.21,9.19,955,878645,-0.11,0.22
2026-01-09 09:48:00,sh600318,新力金融,9.2,9.21,9.21,9.2,1349,1241657,0.11,0.11
2026-01-09 09:49:00,sh600318,新力金融,9.21,9.22,9.22,9.2,1142,1051725,0.11,0.22
2026-01-09 09:50:00,sh600318,新力金融,9.21,9.22,9.22,9.21,879,810321,0.0,0.11
2026-01-09 09:51:00,sh600318,新力金融,9.22,9.23,9.23,9.22,1376,1268927,0.11,0.11
2026-01-09 09:52:00,sh600318,新力金融,9.23,9.24,9.24,9.22,1993,1839752,0.11,0.22
2026-01-09 09:53:00,sh600318,新力金融,9.24,9.22,9.24,9.22,789,728213,-0.22,0.22
2026-01-09 09:54:00,sh600318,新力金融,9.23,9.26,9.26,9.23,6795,6281627,0.43,0.33
2026-01-09 09:55:00,sh600318,新力金融,9.26,9.26,9.26,9.24,2703,2500427,0.0,0.22
2026-01-09 09:56:00,sh600318,新力金融,9.25,9.24,9.26,9.24,944,873300,-0.22,0.22
2026-01-09 09:57:00,sh600318,新力金融,9.24,9.23,9.25,9.23,798,737776,-0.11,0.22
2026-01-09 09:58:00,sh600318,新力金融,9.23,9.24,9.25,9.23,455,420258,0.11,0.22
2026-01-09 09:59:00,sh600318,新力金融,9.24,9.23,9.24,9.23,470,433198,-0.11,0.11
2026-01-09 10:00:00,sh600318,新力金融,9.24,9.24,9.24,9.23,1068,986541,0.11,0.11
2026-01-09 10:01:00,sh600318,新力金融,9.23,9.23,9.24,9.23,3531,3262149,-0.11,0.11
2026-01-09 10:02:00,sh600318,新力金融,9.24,9.25,9.25,9.23,1108,1023962,0.22,0.22
2026-01-09 10:03:00,sh600318,新力金融,9.24,9.24,9.24,9.24,554,511926,-0.11,0.0
2026-01-09 10:04:00,sh600318,新力金融,9.23,9.24,9.24,9.23,1160,1071752,0.0,0.11
2026-01-09 10:05:00,sh600318,新力金融,9.24,9.24,9.25,9.24,766,707835,0.0,0.11
2026-01-09 10:06:00,sh600318,新力金融,9.24,9.24,9.24,9.23,332,306642,0.0,0.11
2026-01-09 10:07:00,sh600318,新力金融,9.23,9.23,9.24,9.23,399,368508,-0.11,0.11
2026-01-09 10:08:00,sh600318,新力金融,9.23,9.23,9.24,9.23,485,447922,0.0,0.11
2026-01-09 10:09:00,sh600318,新力金融,9.24,9.24,9.24,9.23,1418,1310069,0.11,0.11
2026-01-09 10:10:00,sh600318,新力金融,9.25,9.24,9.25,9.24,332,306898,0.0,0.11
2026-01-09 10:11:00,sh600318,新力金融,9.24,9.25,9.25,9.24,127,117435,0.11,0.11
2026-01-09 10:12:00,sh600318,新力金融,9.25,9.25,9.25,9.24,404,373480,0.0,0.11
2026-01-09 10:13:00,sh600318,新力金融,9.24,9.23,9.25,9.23,1325,1224349,-0.22,0.22
2026-01-09 10:14:00,sh600318,新力金融,9.24,9.24,9.24,9.23,1078,996064,0.11,0.11
2026-01-09 10:15:00,sh600318,新力金融,9.24,9.23,9.24,9.23,543,501623,-0.11,0.11
2026-01-09 10:16:00,sh600318,新力金融,9.23,9.23,9.24,9.23,1203,1110500,0.0,0.11
2026-01-09 10:17:00,sh600318,新力金融,9.23,9.23,9.24,9.23,1028,949171,0.0,0.11
2026-01-09 10:18:00,sh600318,新力金融,9.24,9.24,9.24,9.23,710,655527,0.11,0.11
2026-01-09 10:19:00,sh600318,新力金融,9.24,9.23,9.24,9.23,285,263319,-0.11,0.11
2026-01-09 10:20:00,sh600318,新力金融,9.23,9.23,9.24,9.23,773,713590,0.0,0.11
2026-01-09 10:21:00,sh600318,新力金融,9.24,9.23,9.24,9.23,322,297226,0.0,0.11
2026-01-09 10:22:00,sh600318,新力金融,9.23,9.23,9.23,9.22,519,479406,0.0,0.11
2026-01-09 10:23:00,sh600318,新力金融,9.22,9.22,9.23,9.22,2187,2016525,-0.11,0.11
2026-01-09 10:24:00,sh600318,新力金融,9.22,9.23,9.24,9.21,1439,1327697,0.11,0.33
2026-01-09 10:25:00,sh600318,新力金融,9.23,9.23,9.24,9.22,1000,922962,0.0,0.22
2026-01-09 10:26:00,sh600318,新力金融,9.23,9.23,9.23,9.22,255,235188,0.0,0.11
2026-01-09 10:27:00,sh600318,新力金融,9.22,9.22,9.22,9.22,782,721119,-0.11,0.0
2026-01-09 10:28:00,sh600318,新力金融,9.22,9.22,9.22,9.21,691,636816,0.0,0.11
2026-01-09 10:29:00,sh600318,新力金融,9.22,9.21,9.22,9.21,198,182486,-0.11,0.11
2026-01-09 10:30:00,sh600318,新力金融,9.21,9.21,9.22,9.21,1091,1005188,0.0,0.11
2026-01-09 10:31:00,sh600318,新力金融,9.22,9.22,9.23,9.22,1371,1264218,0.11,0.11
2026-01-09 10:32:00,sh600318,新力金融,9.22,9.22,9.23,9.22,238,219474,0.0,0.11
2026-01-09 10:33:00,sh600318,新力金融,9.22,9.22,9.23,9.22,655,603921,0.0,0.11
2026-01-09 10:34:00,sh600318,新力金融,9.22,9.21,9.23,9.21,1085,999387,-0.11,0.22
2026-01-09 10:35:00,sh600318,新力金融,9.21,9.21,9.21,9.2,1927,1772965,0.0,0.11
2026-01-09 10:36:00,sh600318,新力金融,9.21,9.2,9.21,9.2,1224,1126084,-0.11,0.11
2026-01-09 10:37:00,sh600318,新力金融,9.2,9.2,9.21,9.2,1856,1708622,0.0,0.11
2026-01-09 10:38:00,sh600318,新力金融,9.21,9.22,9.23,9.21,801,738245,0.22,0.22
2026-01-09 10:39:00,sh600318,新力金融,9.22,9.23,9.23,9.22,407,375335,0.11,0.11
2026-01-09 10:40:00,sh600318,新力金融,9.23,9.22,9.23,9.22,490,451851,-0.11,0.11
2026-01-09 10:41:00,sh600318,新力金融,9.21,9.21,9.22,9.21,401,369322,-0.11,0.11
2026-01-09 10:42:00,sh600318,新力金融,9.22,9.22,9.22,9.21,205,188928,0.11,0.11
2026-01-09 10:43:00,sh600318,新力金融,9.22,9.21,9.22,9.21,379,349165,-0.11,0.11
2026-01-09 10:44:00,sh600318,新力金融,9.22,9.21,9.22,9.21,321,295957,0.0,0.11
2026-01-09 10:45:00,sh600318,新力金融,9.21,9.22,9.22,9.21,465,428367,0.11,0.11
2026-01-09 10:46:00,sh600318,新力金融,9.22,9.22,9.23,9.22,442,407893,0.0,0.11
2026-01-09 10:47:00,sh600318,新力金融,9.22,9.22,9.23,9.22,252,232403,0.0,0.11
2026-01-09 10:48:00,sh600318,新力金融,9.23,9.22,9.23,9.22,152,140148,0.0,0.11
2026-01-09 10:49:00,sh600318,新力金融,9.23,9.24,9.24,9.23,2892,2669767,0.22,0.11
2026-01-09 10:50:00,sh600318,新力金融,9.24,9.26,9.26,9.24,7648,7074323,0.22,0.22
2026-01-09 10:51:00,sh600318,新力金融,9.26,9.27,9.27,9.25,3056,2830319,0.11,0.22
2026-01-09 10:52:00,sh600318,新力金融,9.27,9.29,9.3,9.27,6830,6341459,0.22,0.32
2026-01-09 10:53:00,sh600318,新力金融,9.3,9.29,9.3,9.29,4092,3803242,0.0,0.11
2026-01-09 10:54:00,sh600318,新力金融,9.28,9.28,9.29,9.28,1664,1544680,-0.11,0.11
2026-01-09 10:55:00,sh600318,新力金融,9.28,9.26,9.28,9.26,1520,1409173,-0.22,0.22
2026-01-09 10:56:00,sh600318,新力金融,9.26,9.27,9.27,9.26,1615,1496077,0.11,0.11
2026-01-09 10:57:00,sh600318,新力金融,9.27,9.27,9.27,9.26,1168,1082213,0.0,0.11
2026-01-09 10:58:00,sh600318,新力金融,9.27,9.27,9.27,9.27,496,459822,0.0,0.0
2026-01-09 10:59:00,sh600318,新力金融,9.27,9.28,9.28,9.27,384,356121,0.11,0.11
2026-01-09 11:00:00,sh600318,新力金融,9.28,9.27,9.28,9.27,603,559438,-0.11,0.11
2026-01-09 11:01:00,sh600318,新力金融,9.28,9.28,9.28,9.27,596,552757,0.11,0.11
2026-01-09 11:02:00,sh600318,新力金融,9.27,9.26,9.28,9.26,1612,1494445,-0.22,0.22
2026-01-09 11:03:00,sh600318,新力金融,9.26,9.26,9.27,9.26,1396,1293716,0.0,0.11
2026-01-09 11:04:00,sh600318,新力金融,9.27,9.25,9.27,9.25,1986,1839430,-0.11,0.22
2026-01-09 11:05:00,sh600318,新力金融,9.25,9.25,9.26,9.24,2380,2201149,0.0,0.22
2026-01-09 11:06:00,sh600318,新力金融,9.24,9.24,9.25,9.24,592,547144,-0.11,0.11
2026-01-09 11:07:00,sh600318,新力金融,9.24,9.24,9.24,9.23,340,314075,0.0,0.11
2026-01-09 11:08:00,sh600318,新力金融,9.24,9.23,9.24,9.23,932,860349,-0.11,0.11
2026-01-09 11:09:00,sh600318,新力金融,9.23,9.23,9.24,9.23,1327,1225128,0.0,0.11
2026-01-09 11:10:00,sh600318,新力金融,9.24,9.24,9.24,9.23,1414,1305409,0.11,0.11
2026-01-09 11:11:00,sh600318,新力金融,9.24,9.24,9.24,9.23,766,707555,0.0,0.11
2026-01-09 11:12:00,sh600318,新力金融,9.24,9.25,9.25,9.24,707,653722,0.11,0.11
2026-01-09 11:13:00,sh600318,新力金融,9.25,9.25,9.25,9.24,279,258164,0.0,0.11
2026-01-09 11:14:00,sh600318,新力金融,9.25,9.25,9.26,9.25,335,310070,0.0,0.11
2026-01-09 11:15:00,sh600318,新力金融,9.24,9.26,9.26,9.24,226,209132,0.11,0.22
2026-01-09 11:16:00,sh600318,新力金融,9.25,9.24,9.25,9.24,730,675141,-0.22,0.11
2026-01-09 11:17:00,sh600318,新力金融,9.25,9.25,9.25,9.24,83,76764,0.11,0.11
2026-01-09 11:18:00,sh600318,新力金融,9.25,9.25,9.26,9.24,923,853771,0.0,0.22
2026-01-09 11:19:00,sh600318,新力金融,9.25,9.24,9.26,9.24,1384,1279110,-0.11,0.22
2026-01-09 11:20:00,sh600318,新力金融,9.24,9.23,9.24,9.23,191,176440,-0.11,0.11
2026-01-09 11:21:00,sh600318,新力金融,9.24,9.23,9.24,9.23,606,559342,0.0,0.11
2026-01-09 11:22:00,sh600318,新力金融,9.24,9.25,9.25,9.23,874,807420,0.22,0.22
2026-01-09 11:23:00,sh600318,新力金融,9.24,9.23,9.24,9.23,1709,1578594,-0.22,0.11
2026-01-09 11:24:00,sh600318,新力金融,9.24,9.23,9.24,9.23,771,711803,0.0,0.11
2026-01-09 11:25:00,sh600318,新力金融,9.23,9.21,9.23,9.2,4604,4244521,-0.22,0.33
2026-01-09 11:26:00,sh600318,新力金融,9.22,9.22,9.23,9.21,1198,1104323,0.11,0.22
2026-01-09 11:27:00,sh600318,新力金融,9.23,9.22,9.23,9.21,1243,1145123,0.0,0.22
2026-01-09 11:28:00,sh600318,新力金融,9.21,9.21,9.22,9.2,677,623112,-0.11,0.22
2026-01-09 11:29:00,sh600318,新力金融,9.2,9.2,9.2,9.19,1849,1699968,-0.11,0.11
2026-01-09 11:30:00,sh600318,新力金融,9.19,9.19,9.2,9.19,249,228865,-0.11,0.11
2026-01-09 13:01:00,sh600318,新力金融,9.2,9.19,9.2,9.18,1115,1024593,0.0,0.22
2026-01-09 13:02:00,sh600318,新力金融,9.19,9.19,9.2,9.19,360,330860,0.0,0.11
2026-01-09 13:03:00,sh600318,新力金融,9.19,9.2,9.2,9.19,97,89177,0.11,0.11
2026-01-09 13:04:00,sh600318,新力金融,9.2,9.19,9.2,9.19,1247,1146032,-0.11,0.11
2026-01-09 13:05:00,sh600318,新力金融,9.19,9.18,9.19,9.18,411,377609,-0.11,0.11
2026-01-09 13:06:00,sh600318,新力金融,9.18,9.19,9.19,9.18,777,713842,0.11,0.11
2026-01-09 13:07:00,sh600318,新力金融,9.19,9.2,9.2,9.18,278,255516,0.11,0.22
2026-01-09 13:08:00,sh600318,新力金融,9.2,9.2,9.2,9.19,55,50587,0.0,0.11
2026-01-09 13:09:00,sh600318,新力金融,9.2,9.2,9.2,9.2,135,124200,0.0,0.0
2026-01-09 13:10:00,sh600318,新力金融,9.2,9.2,9.2,9.19,124,114077,0.0,0.11
2026-01-09 13:11:00,sh600318,新力金融,9.19,9.19,9.2,9.19,426,391539,-0.11,0.11
2026-01-09 13:12:00,sh600318,新力金融,9.2,9.19,9.2,9.19,26,23900,0.0,0.11
2026-01-09 13:13:00,sh600318,新力金融,9.19,9.19,9.2,9.19,91,83647,0.0,0.11
2026-01-09 13:14:00,sh600318,新力金融,9.19,9.2,9.2,9.19,53,48750,0.11,0.11
2026-01-09 13:15:00,sh600318,新力金融,9.2,9.19,9.2,9.19,227,208720,-0.11,0.11
2026-01-09 13:16:00,sh600318,新力金融,9.19,9.19,9.19,9.19,888,816072,0.0,0.0
2026-01-09 13:17:00,sh600318,新力金融,9.19,9.19,9.2,9.19,330,303379,0.0,0.11
2026-01-09 13:18:00,sh600318,新力金融,9.19,9.19,9.2,9.19,419,385069,0.0,0.11
2026-01-09 13:19:00,sh600318,新力金融,9.2,9.2,9.2,9.19,281,258433,0.11,0.11
2026-01-09 13:20:00,sh600318,新力金融,9.19,9.19,9.2,9.19,75,68945,-0.11,0.11
2026-01-09 13:21:00,sh600318,新力金融,9.2,9.2,9.2,9.2,354,325680,0.11,0.0
2026-01-09 13:22:00,sh600318,新力金融,9.21,9.21,9.21,9.2,407,374738,0.11,0.11
2026-01-09 13:23:00,sh600318,新力金融,9.23,9.22,9.23,9.22,2201,2029458,0.11,0.11
2026-01-09 13:24:00,sh600318,新力金融,9.23,9.22,9.23,9.22,837,772202,0.0,0.11
2026-01-09 13:25:00,sh600318,新力金融,9.22,9.22,9.22,9.21,209,192686,0.0,0.11
2026-01-09 13:26:00,sh600318,新力金融,9.22,9.21,9.22,9.21,668,615246,-0.11,0.11
2026-01-09 13:27:00,sh600318,新力金融,9.21,9.21,9.21,9.2,512,471768,0.0,0.11
2026-01-09 13:28:00,sh600318,新力金融,9.21,9.2,9.21,9.2,165,151911,-0.11,0.11
2026-01-09 13:29:00,sh600318,新力金融,9.21,9.22,9.22,9.21,281,259055,0.22,0.11
2026-01-09 13:30:00,sh600318,新力金融,9.22,9.21,9.22,9.21,18,16581,-0.11,0.11
2026-01-09 13:31:00,sh600318,新力金融,9.22,9.21,9.22,9.21,88,81100,0.0,0.11
2026-01-09 13:32:00,sh600318,新力金融,9.22,9.22,9.22,9.21,150,138293,0.11,0.11
2026-01-09 13:33:00,sh600318,新力金融,9.22,9.22,9.22,9.21,583,537519,0.0,0.11
2026-01-09 13:34:00,sh600318,新力金融,9.21,9.21,9.22,9.21,570,524983,-0.11,0.11
2026-01-09 13:35:00,sh600318,新力金融,9.21,9.22,9.22,9.21,155,142796,0.11,0.11
2026-01-09 13:36:00,sh600318,新力金融,9.22,9.22,9.22,9.22,946,872212,0.0,0.0
2026-01-09 13:37:00,sh600318,新力金融,9.22,9.23,9.24,9.22,677,624783,0.11,0.22
2026-01-09 13:38:00,sh600318,新力金融,9.24,9.24,9.24,9.24,180,166320,0.11,0.0
2026-01-09 13:39:00,sh600318,新力金融,9.24,9.23,9.24,9.23,2926,2697759,-0.11,0.11
2026-01-09 13:40:00,sh600318,新力金融,9.23,9.23,9.24,9.23,1644,1518694,0.0,0.11
2026-01-09 13:41:00,sh600318,新力金融,9.24,9.24,9.24,9.23,473,437051,0.11,0.11
2026-01-09 13:42:00,sh600318,新力金融,9.24,9.24,9.24,9.23,119,109884,0.0,0.11
2026-01-09 13:43:00,sh600318,新力金融,9.24,9.24,9.24,9.23,198,182949,0.0,0.11
2026-01-09 13:44:00,sh600318,新力金融,9.24,9.24,9.24,9.23,263,243002,0.0,0.11
2026-01-09 13:45:00,sh600318,新力金融,9.22,9.22,9.23,9.22,3586,3306054,-0.22,0.11
2026-01-09 13:46:00,sh600318,新力金融,9.22,9.24,9.24,9.22,232,214290,0.22,0.22
2026-01-09 13:47:00,sh600318,新力金融,9.24,9.23,9.24,9.23,202,186553,-0.11,0.11
2026-01-09 13:48:00,sh600318,新力金融,9.24,9.26,9.26,9.24,2807,2595910,0.33,0.22
2026-01-09 13:49:00,sh600318,新力金融,9.26,9.26,9.26,9.25,439,406142,0.0,0.11
2026-01-09 13:50:00,sh600318,新力金融,9.25,9.25,9.26,9.24,529,489395,-0.11,0.22
2026-01-09 13:51:00,sh600318,新力金融,9.25,9.25,9.26,9.25,1601,1481750,0.0,0.11
2026-01-09 13:52:00,sh600318,新力金融,9.25,9.25,9.26,9.25,422,390244,0.0,0.11
2026-01-09 13:53:00,sh600318,新力金融,9.26,9.25,9.26,9.25,516,477333,0.0,0.11
2026-01-09 13:54:00,sh600318,新力金融,9.25,9.25,9.25,9.25,760,703215,0.0,0.0
2026-01-09 13:55:00,sh600318,新力金融,9.25,9.24,9.25,9.24,348,321554,-0.11,0.11
2026-01-09 13:56:00,sh600318,新力金融,9.25,9.24,9.25,9.24,515,476324,0.0,0.11
2026-01-09 13:57:00,sh600318,新力金融,9.24,9.24,9.25,9.24,281,259909,0.0,0.11
2026-01-09 13:58:00,sh600318,新力金融,9.25,9.25,9.25,9.24,174,160941,0.11,0.11
2026-01-09 13:59:00,sh600318,新力金融,9.24,9.24,9.25,9.24,155,143274,-0.11,0.11
2026-01-09 14:00:00,sh600318,新力金融,9.25,9.25,9.25,9.24,304,281005,0.11,0.11
2026-01-09 14:01:00,sh600318,新力金融,9.25,9.26,9.26,9.25,2150,1989340,0.11,0.11
2026-01-09 14:02:00,sh600318,新力金融,9.26,9.27,9.27,9.26,1175,1088089,0.11,0.11
2026-01-09 14:03:00,sh600318,新力金融,9.27,9.27,9.27,9.26,252,233460,0.0,0.11
2026-01-09 14:04:00,sh600318,新力金融,9.27,9.26,9.27,9.26,1294,1198328,-0.11,0.11
2026-01-09 14:05:00,sh600318,新力金融,9.25,9.25,9.26,9.25,263,243466,-0.11,0.11
2026-01-09 14:06:00,sh600318,新力金融,9.25,9.25,9.26,9.25,866,801250,0.0,0.11
2026-01-09 14:07:00,sh600318,新力金融,9.25,9.24,9.25,9.24,470,434852,-0.11,0.11
2026-01-09 14:08:00,sh600318,新力金融,9.24,9.24,9.25,9.24,1722,1592209,0.0,0.11
2026-01-09 14:09:00,sh600318,新力金融,9.25,9.24,9.25,9.24,70,64733,0.0,0.11
2026-01-09 14:10:00,sh600318,新力金融,9.25,9.24,9.25,9.24,439,405690,0.0,0.11
2026-01-09 14:11:00,sh600318,新力金融,9.25,9.25,9.25,9.25,188,173893,0.11,0.0
2026-01-09 14:12:00,sh600318,新力金融,9.25,9.25,9.25,9.24,64,59178,0.0,0.11
2026-01-09 14:13:00,sh600318,新力金融,9.24,9.25,9.25,9.24,142,131257,0.0,0.11
2026-01-09 14:14:00,sh600318,新力金融,9.24,9.24,9.25,9.24,286,264399,-0.11,0.11
2026-01-09 14:15:00,sh600318,新力金融,9.25,9.25,9.25,9.24,260,240472,0.11,0.11
2026-01-09 14:16:00,sh600318,新力金融,9.25,9.25,9.25,9.24,1154,1067427,0.0,0.11
2026-01-09 14:17:00,sh600318,新力金融,9.25,9.25,9.25,9.24,1102,1019345,0.0,0.11
2026-01-09 14:18:00,sh600318,新力金融,9.25,9.25,9.25,9.24,1357,1255224,0.0,0.11
2026-01-09 14:19:00,sh600318,新力金融,9.25,9.25,9.25,9.25,239,221075,0.0,0.0
2026-01-09 14:20:00,sh600318,新力金融,9.25,9.25,9.25,9.24,723,668667,0.0,0.11
2026-01-09 14:21:00,sh600318,新力金融,9.24,9.25,9.25,9.24,254,234827,0.0,0.11
2026-01-09 14:22:00,sh600318,新力金融,9.24,9.24,9.25,9.24,179,165528,-0.11,0.11
2026-01-09 14:23:00,sh600318,新力金融,9.25,9.24,9.25,9.24,282,260635,0.0,0.11
2026-01-09 14:24:00,sh600318,新力金融,9.24,9.25,9.25,9.24,327,302343,0.11,0.11
2026-01-09 14:25:00,sh600318,新力金融,9.24,9.24,9.24,9.24,51,47124,-0.11,0.0
2026-01-09 14:26:00,sh600318,新力金融,9.24,9.25,9.25,9.24,1932,1785322,0.11,0.11
2026-01-09 14:27:00,sh600318,新力金融,9.24,9.25,9.25,9.24,672,621255,0.0,0.11
2026-01-09 14:28:00,sh600318,新力金融,9.24,9.25,9.25,9.24,621,573880,0.0,0.11
2026-01-09 14:29:00,sh600318,新力金融,9.24,9.24,9.25,9.24,111,102631,-0.11,0.11
2026-01-09 14:30:00,sh600318,新力金融,9.24,9.24,9.25,9.24,1052,972078,0.0,0.11
2026-01-09 14:31:00,sh600318,新力金融,9.25,9.24,9.25,9.24,903,834301,0.0,0.11
2026-01-09 14:32:00,sh600318,新力金融,9.24,9.24,9.25,9.24,474,438060,0.0,0.11
2026-01-09 14:33:00,sh600318,新力金融,9.24,9.25,9.25,9.24,969,895604,0.11,0.11
2026-01-09 14:34:00,sh600318,新力金融,9.25,9.24,9.25,9.24,560,517731,-0.11,0.11
2026-01-09 14:35:00,sh600318,新力金融,9.24,9.24,9.25,9.24,497,459532,0.0,0.11
2026-01-09 14:36:00,sh600318,新力金融,9.25,9.24,9.25,9.24,1208,1116908,0.0,0.11
2026-01-09 14:37:00,sh600318,新力金融,9.25,9.24,9.25,9.24,934,863543,0.0,0.11
2026-01-09 14:38:00,sh600318,新力金融,9.24,9.25,9.25,9.24,241,222781,0.11,0.11
2026-01-09 14:39:00,sh600318,新力金融,9.25,9.25,9.25,9.24,893,825980,0.0,0.11
2026-01-09 14:40:00,sh600318,新力金融,9.25,9.25,9.25,9.24,788,728777,0.0,0.11
2026-01-09 14:41:00,sh600318,新力金融,9.25,9.25,9.25,9.24,1567,1449216,0.0,0.11
2026-01-09 14:42:00,sh600318,新力金融,9.25,9.25,9.26,9.25,1468,1358068,0.0,0.11
2026-01-09 14:43:00,sh600318,新力金融,9.25,9.25,9.26,9.25,1371,1268256,0.0,0.11
2026-01-09 14:44:00,sh600318,新力金融,9.25,9.25,9.25,9.24,302,279231,0.0,0.11
2026-01-09 14:45:00,sh600318,新力金融,9.25,9.24,9.25,9.24,903,835221,-0.11,0.11
2026-01-09 14:46:00,sh600318,新力金融,9.25,9.25,9.25,9.24,993,918453,0.11,0.11
2026-01-09 14:47:00,sh600318,新力金融,9.25,9.25,9.25,9.24,1162,1074448,0.0,0.11
2026-01-09 14:48:00,sh600318,新力金融,9.24,9.26,9.26,9.24,1019,942570,0.11,0.22
2026-01-09 14:49:00,sh600318,新力金融,9.25,9.26,9.26,9.25,539,498696,0.0,0.11
2026-01-09 14:50:00,sh600318,新力金融,9.25,9.25,9.26,9.25,983,909943,-0.11,0.11
2026-01-09 14:51:00,sh600318,新力金融,9.26,9.25,9.26,9.25,2514,2325858,0.0,0.11
2026-01-09 14:52:00,sh600318,新力金融,9.26,9.25,9.26,9.24,1230,1137754,0.0,0.22
2026-01-09 14:53:00,sh600318,新力金融,9.25,9.24,9.25,9.24,1164,1076617,-0.11,0.11
2026-01-09 14:54:00,sh600318,新力金融,9.25,9.24,9.25,9.24,678,627024,0.0,0.11
2026-01-09 14:55:00,sh600318,新力金融,9.25,9.26,9.26,9.25,1648,1524745,0.22,0.11
2026-01-09 14:56:00,sh600318,新力金融,9.26,9.25,9.26,9.25,1483,1372562,-0.11,0.11
2026-01-09 14:57:00,sh600318,新力金融,9.25,9.26,9.26,9.25,3279,3035780,0.11,0.11
2026-01-09 14:58:00,sh600318,新力金融,9.26,9.26,9.26,9.26,211,195286,0.0,0.0
2026-01-09 14:59:00,sh600318,新力金融,9.26,9.26,9.26,9.26,0,0,0.0,0.0
2026-01-09 15:00:00,sh600318,新力金融,9.26,9.26,9.26,9.26,4478,4146702,0.0,0.0
2026-01-12 09:30:00,sh600318,新力金融,9.25,9.25,9.25,9.25,1239,1146075,0.0,0.0
2026-01-12 09:31:00,sh600318,新力金融,9.25,9.25,9.25,9.22,4582,4235596,0.0,0.32
2026-01-12 09:32:00,sh600318,新力金融,9.25,9.26,9.27,9.23,4672,4320898,0.11,0.43
2026-01-12 09:33:00,sh600318,新力金融,9.27,9.26,9.27,9.26,1796,1663506,0.0,0.11
2026-01-12 09:34:00,sh600318,新力金融,9.25,9.24,9.26,9.24,2217,2051634,-0.22,0.22
2026-01-12 09:35:00,sh600318,新力金融,9.24,9.23,9.24,9.22,1625,1500130,-0.11,0.22
2026-01-12 09:36:00,sh600318,新力金融,9.23,9.24,9.25,9.23,797,736039,0.11,0.22
2026-01-12 09:37:00,sh600318,新力金融,9.25,9.25,9.26,9.24,2655,2454654,0.11,0.22
2026-01-12 09:38:00,sh600318,新力金融,9.26,9.27,9.28,9.26,1670,1547538,0.22,0.22
2026-01-12 09:39:00,sh600318,新力金融,9.26,9.26,9.27,9.26,1480,1371174,-0.11,0.11
2026-01-12 09:40:00,sh600318,新力金融,9.25,9.23,9.25,9.23,1584,1464126,-0.32,0.22
2026-01-12 09:41:00,sh600318,新力金融,9.23,9.23,9.23,9.23,857,790965,0.0,0.0
2026-01-12 09:42:00,sh600318,新力金融,9.24,9.25,9.25,9.24,556,513803,0.22,0.11
2026-01-12 09:43:00,sh600318,新力金融,9.25,9.24,9.25,9.23,848,783111,-0.11,0.22
2026-01-12 09:44:00,sh600318,新力金融,9.23,9.23,9.23,9.23,628,579560,-0.11,0.0
2026-01-12 09:45:00,sh600318,新力金融,9.24,9.24,9.25,9.23,1033,954149,0.11,0.22
2026-01-12 09:46:00,sh600318,新力金融,9.23,9.24,9.24,9.23,548,506096,0.0,0.11
2026-01-12 09:47:00,sh600318,新力金融,9.24,9.25,9.25,9.23,3221,2976108,0.11,0.22
2026-01-12 09:48:00,sh600318,新力金融,9.24,9.24,9.24,9.23,1056,975188,-0.11,0.11
2026-01-12 09:49:00,sh600318,新力金融,9.24,9.22,9.24,9.22,1390,1282239,-0.22,0.22
2026-01-12 09:50:00,sh600318,新力金融,9.23,9.22,9.24,9.22,1782,1644389,0.0,0.22
2026-01-12 09:51:00,sh600318,新力金融,9.23,9.23,9.24,9.23,791,730127,0.11,0.11
2026-01-12 09:52:00,sh600318,新力金融,9.23,9.23,9.24,9.23,1202,1110312,0.0,0.11
2026-01-12 09:53:00,sh600318,新力金融,9.24,9.24,9.25,9.24,3243,2995749,0.11,0.11
2026-01-12 09:54:00,sh600318,新力金融,9.25,9.25,9.26,9.24,1509,1395820,0.11,0.22
2026-01-12 09:55:00,sh600318,新力金融,9.26,9.24,9.26,9.23,1153,1065669,-0.11,0.32
2026-01-12 09:56:00,sh600318,新力金融,9.24,9.23,9.24,9.23,1314,1213331,-0.11,0.11
2026-01-12 09:57:00,sh600318,新力金融,9.24,9.25,9.25,9.23,870,803802,0.22,0.22
2026-01-12 09:58:00,sh600318,新力金融,9.25,9.23,9.25,9.23,1185,1095136,-0.22,0.22
2026-01-12 09:59:00,sh600318,新力金融,9.24,9.24,9.24,9.23,1207,1114667,0.11,0.11
2026-01-12 10:00:00,sh600318,新力金融,9.24,9.23,9.24,9.23,1680,1550860,-0.11,0.11
2026-01-12 10:01:00,sh600318,新力金融,9.24,9.25,9.25,9.23,1733,1601057,0.22,0.22
2026-01-12 10:02:00,sh600318,新力金融,9.25,9.24,9.25,9.24,1251,1155805,-0.11,0.11
2026-01-12 10:03:00,sh600318,新力金融,9.24,9.25,9.25,9.24,650,600906,0.11,0.11
2026-01-12 10:04:00,sh600318,新力金融,9.25,9.26,9.26,9.25,872,806950,0.11,0.11
2026-01-12 10:05:00,sh600318,新力金融,9.26,9.26,9.27,9.25,1522,1408847,0.0,0.22
2026-01-12 10:06:00,sh600318,新力金融,9.26,9.26,9.26,9.25,643,595073,0.0,0.11
2026-01-12 10:07:00,sh600318,新力金融,9.27,9.27,9.27,9.26,543,502975,0.11,0.11
2026-01-12 10:08:00,sh600318,新力金融,9.27,9.26,9.27,9.26,348,322416,-0.11,0.11
2026-01-12 10:09:00,sh600318,新力金融,9.27,9.26,9.27,9.26,707,655218,0.0,0.11
2026-01-12 10:10:00,sh600318,新力金融,9.26,9.26,9.26,9.25,1080,1000070,0.0,0.11
2026-01-12 10:11:00,sh600318,新力金融,9.26,9.26,9.27,9.25,1360,1259880,0.0,0.22
2026-01-12 10:12:00,sh600318,新力金融,9.27,9.27,9.27,9.26,891,825950,0.11,0.11
2026-01-12 10:13:00,sh600318,新力金融,9.27,9.28,9.28,9.27,1019,945333,0.11,0.11
2026-01-12 10:14:00,sh600318,新力金融,9.28,9.29,9.29,9.27,1907,1769691,0.11,0.22
2026-01-12 10:15:00,sh600318,新力金融,9.28,9.29,9.29,9.28,1779,1651057,0.0,0.11
2026-01-12 10:16:00,sh600318,新力金融,9.28,9.28,9.29,9.27,1766,1638864,-0.11,0.22
2026-01-12 10:17:00,sh600318,新力金融,9.28,9.27,9.28,9.27,1425,1321054,-0.11,0.11
2026-01-12 10:18:00,sh600318,新力金融,9.27,9.27,9.27,9.26,337,312385,0.0,0.11
2026-01-12 10:19:00,sh600318,新力金融,9.27,9.27,9.27,9.26,1092,1011465,0.0,0.11
2026-01-12 10:20:00,sh600318,新力金融,9.27,9.27,9.27,9.26,868,804422,0.0,0.11
2026-01-12 10:21:00,sh600318,新力金融,9.27,9.26,9.27,9.26,732,677854,-0.11,0.11
2026-01-12 10:22:00,sh600318,新力金融,9.26,9.27,9.27,9.25,706,654148,0.11,0.22
2026-01-12 10:23:00,sh600318,新力金融,9.26,9.26,9.26,9.25,1230,1137996,-0.11,0.11
2026-01-12 10:24:00,sh600318,新力金融,9.25,9.24,9.25,9.24,504,465985,-0.22,0.11
2026-01-12 10:25:00,sh600318,新力金融,9.24,9.25,9.25,9.24,468,432690,0.11,0.11
2026-01-12 10:26:00,sh600318,新力金融,9.25,9.24,9.25,9.24,280,258794,-0.11,0.11
2026-01-12 10:27:00,sh600318,新力金融,9.24,9.24,9.25,9.24,795,734556,0.0,0.11
2026-01-12 10:28:00,sh600318,新力金融,9.25,9.24,9.25,9.24,265,245034,0.0,0.11
2026-01-12 10:29:00,sh600318,新力金融,9.25,9.25,9.26,9.25,806,745631,0.11,0.11
2026-01-12 10:30:00,sh600318,新力金融,9.25,9.26,9.26,9.25,578,534727,0.11,0.11
2026-01-12 10:31:00,sh600318,新力金融,9.26,9.26,9.26,9.25,1079,998357,0.0,0.11
2026-01-12 10:32:00,sh600318,新力金融,9.26,9.26,9.26,9.25,1501,1389238,0.0,0.11
2026-01-12 10:33:00,sh600318,新力金融,9.25,9.25,9.26,9.25,201,186001,-0.11,0.11
2026-01-12 10:34:00,sh600318,新力金融,9.25,9.26,9.27,9.25,674,624015,0.11,0.22
2026-01-12 10:35:00,sh600318,新力金融,9.26,9.27,9.27,9.26,422,391058,0.11,0.11
2026-01-12 10:36:00,sh600318,新力金融,9.26,9.27,9.27,9.26,169,156651,0.0,0.11
2026-01-12 10:37:00,sh600318,新力金融,9.26,9.27,9.27,9.26,978,906012,0.0,0.11
2026-01-12 10:38:00,sh600318,新力金融,9.26,9.27,9.27,9.26,340,315089,0.0,0.11
2026-01-12 10:39:00,sh600318,新力金融,9.26,9.27,9.27,9.26,144,133356,0.0,0.11
2026-01-12 10:40:00,sh600318,新力金融,9.27,9.27,9.27,9.26,90,83400,0.0,0.11
2026-01-12 10:41:00,sh600318,新力金融,9.26,9.27,9.27,9.26,88,81511,0.0,0.11
2026-01-12 10:42:00,sh600318,新力金融,9.27,9.26,9.27,9.26,319,295538,-0.11,0.11
2026-01-12 10:43:00,sh600318,新力金融,9.27,9.27,9.27,9.26,270,250285,0.11,0.11
2026-01-12 10:44:00,sh600318,新力金融,9.27,9.26,9.27,9.26,812,752436,-0.11,0.11
2026-01-12 10:45:00,sh600318,新力金融,9.27,9.27,9.27,9.26,321,297507,0.11,0.11
2026-01-12 10:46:00,sh600318,新力金融,9.26,9.27,9.27,9.26,580,537584,0.0,0.11
2026-01-12 10:47:00,sh600318,新力金融,9.28,9.28,9.28,9.27,526,487880,0.11,0.11
2026-01-12 10:48:00,sh600318,新力金融,9.27,9.28,9.28,9.27,1422,1319579,0.0,0.11
2026-01-12 10:49:00,sh600318,新力金融,9.28,9.28,9.28,9.27,603,559517,0.0,0.11
2026-01-12 10:50:00,sh600318,新力金融,9.28,9.3,9.3,9.27,2386,2215937,0.22,0.32
2026-01-12 10:51:00,sh600318,新力金融,9.3,9.29,9.3,9.28,1808,1679880,-0.11,0.22
2026-01-12 10:52:00,sh600318,新力金融,9.29,9.3,9.3,9.28,2593,2409862,0.11,0.22
2026-01-12 10:53:00,sh600318,新力金融,9.3,9.33,9.34,9.3,5851,5455804,0.32,0.43
2026-01-12 10:54:00,sh600318,新力金融,9.34,9.36,9.39,9.34,6146,5755136,0.32,0.54
2026-01-12 10:55:00,sh600318,新力金融,9.36,9.35,9.36,9.33,2214,2070663,-0.11,0.32
2026-01-12 10:56:00,sh600318,新力金融,9.34,9.33,9.35,9.33,1458,1361899,-0.21,0.21
2026-01-12 10:57:00,sh600318,新力金融,9.34,9.34,9.35,9.34,1579,1474638,0.11,0.11
2026-01-12 10:58:00,sh600318,新力金融,9.34,9.35,9.35,9.34,1659,1550312,0.11,0.11
2026-01-12 10:59:00,sh600318,新力金融,9.35,9.35,9.36,9.35,1164,1088577,0.0,0.11
2026-01-12 11:00:00,sh600318,新力金融,9.35,9.36,9.36,9.35,878,821584,0.11,0.11
2026-01-12 11:01:00,sh600318,新力金融,9.36,9.36,9.37,9.35,1521,1423344,0.0,0.21
2026-01-12 11:02:00,sh600318,新力金融,9.37,9.36,9.37,9.35,1484,1388343,0.0,0.21
2026-01-12 11:03:00,sh600318,新力金融,9.35,9.34,9.36,9.34,443,414168,-0.21,0.21
2026-01-12 11:04:00,sh600318,新力金融,9.34,9.34,9.35,9.34,672,627673,0.0,0.11
2026-01-12 11:05:00,sh600318,新力金融,9.34,9.34,9.34,9.34,477,445697,0.0,0.0
2026-01-12 11:06:00,sh600318,新力金融,9.34,9.33,9.34,9.33,256,239066,-0.11,0.11
2026-01-12 11:07:00,sh600318,新力金融,9.33,9.33,9.34,9.33,1046,975929,0.0,0.11
2026-01-12 11:08:00,sh600318,新力金融,9.33,9.34,9.34,9.33,619,578070,0.11,0.11
2026-01-12 11:09:00,sh600318,新力金融,9.34,9.35,9.35,9.34,532,497006,0.11,0.11
2026-01-12 11:10:00,sh600318,新力金融,9.35,9.35,9.35,9.34,517,483284,0.0,0.11
2026-01-12 11:11:00,sh600318,新力金融,9.35,9.35,9.35,9.34,988,923637,0.0,0.11
2026-01-12 11:12:00,sh600318,新力金融,9.35,9.36,9.36,9.35,292,273123,0.11,0.11
2026-01-12 11:13:00,sh600318,新力金融,9.35,9.36,9.36,9.35,413,386376,0.0,0.11
2026-01-12 11:14:00,sh600318,新力金融,9.36,9.36,9.36,9.35,330,308717,0.0,0.11
2026-01-12 11:15:00,sh600318,新力金融,9.36,9.35,9.36,9.35,1163,1087590,-0.11,0.11
2026-01-12 11:16:00,sh600318,新力金融,9.35,9.37,9.37,9.35,2994,2802905,0.21,0.21
2026-01-12 11:17:00,sh600318,新力金融,9.36,9.37,9.38,9.36,882,826418,0.0,0.21
2026-01-12 11:18:00,sh600318,新力金融,9.37,9.36,9.37,9.36,1232,1154327,-0.11,0.11
2026-01-12 11:19:00,sh600318,新力金融,9.36,9.37,9.37,9.36,475,444999,0.11,0.11
2026-01-12 11:20:00,sh600318,新力金融,9.37,9.36,9.37,9.36,332,310975,-0.11,0.11
2026-01-12 11:21:00,sh600318,新力金融,9.36,9.38,9.38,9.36,1148,1075829,0.21,0.21
2026-01-12 11:22:00,sh600318,新力金融,9.38,9.37,9.38,9.37,1386,1299793,-0.11,0.11
2026-01-12 11:23:00,sh600318,新力金融,9.38,9.38,9.38,9.37,542,508061,0.11,0.11
2026-01-12 11:24:00,sh600318,新力金融,9.37,9.38,9.38,9.37,481,450852,0.0,0.11
2026-01-12 11:25:00,sh600318,新力金融,9.38,9.37,9.38,9.37,1753,1643348,-0.11,0.11
2026-01-12 11:26:00,sh600318,新力金融,9.38,9.39,9.39,9.37,4203,3943106,0.21,0.21
2026-01-12 11:27:00,sh600318,新力金融,9.39,9.39,9.4,9.39,1965,1844901,0.0,0.11
2026-01-12 11:28:00,sh600318,新力金融,9.38,9.37,9.38,9.37,1336,1252679,-0.21,0.11
2026-01-12 11:29:00,sh600318,新力金融,9.38,9.38,9.38,9.37,450,421948,0.11,0.11
2026-01-12 11:30:00,sh600318,新力金融,9.37,9.39,9.39,9.37,715,670818,0.11,0.21
2026-01-12 13:01:00,sh600318,新力金融,9.39,9.4,9.4,9.39,5253,4932963,0.11,0.11
2026-01-12 13:02:00,sh600318,新力金融,9.4,9.41,9.41,9.39,2297,2158471,0.11,0.21
2026-01-12 13:03:00,sh600318,新力金融,9.4,9.41,9.41,9.4,1011,950718,0.0,0.11
2026-01-12 13:04:00,sh600318,新力金融,9.41,9.4,9.41,9.4,1536,1444792,-0.11,0.11
2026-01-12 13:05:00,sh600318,新力金融,9.4,9.41,9.41,9.4,921,866475,0.11,0.11
2026-01-12 13:06:00,sh600318,新力金融,9.41,9.41,9.41,9.4,1592,1497952,0.0,0.11
2026-01-12 13:07:00,sh600318,新力金融,9.41,9.41,9.42,9.41,796,749517,0.0,0.11
2026-01-12 13:08:00,sh600318,新力金融,9.42,9.42,9.42,9.41,1261,1187735,0.11,0.11
2026-01-12 13:09:00,sh600318,新力金融,9.41,9.41,9.42,9.41,1586,1493783,-0.11,0.11
2026-01-12 13:10:00,sh600318,新力金融,9.41,9.39,9.41,9.39,3083,2898868,-0.21,0.21
2026-01-12 13:11:00,sh600318,新力金融,9.39,9.39,9.39,9.38,3409,3200162,0.0,0.11
2026-01-12 13:12:00,sh600318,新力金融,9.39,9.39,9.39,9.39,478,449315,0.0,0.0
2026-01-12 13:13:00,sh600318,新力金融,9.39,9.39,9.39,9.38,371,348253,0.0,0.11
2026-01-12 13:14:00,sh600318,新力金融,9.39,9.39,9.39,9.38,1359,1275960,0.0,0.11
2026-01-12 13:15:00,sh600318,新力金融,9.4,9.38,9.41,9.38,3718,3492743,-0.11,0.32
2026-01-12 13:16:00,sh600318,新力金融,9.37,9.35,9.38,9.35,1828,1711623,-0.32,0.32
2026-01-12 13:17:00,sh600318,新力金融,9.35,9.37,9.37,9.35,1173,1097961,0.21,0.21
2026-01-12 13:18:00,sh600318,新力金融,9.37,9.36,9.37,9.36,457,428479,-0.11,0.11
2026-01-12 13:19:00,sh600318,新力金融,9.36,9.36,9.37,9.36,236,220978,0.0,0.11
2026-01-12 13:20:00,sh600318,新力金融,9.36,9.38,9.38,9.36,541,506869,0.21,0.21
2026-01-12 13:21:00,sh600318,新力金融,9.37,9.36,9.37,9.36,878,822625,-0.21,0.11
2026-01-12 13:22:00,sh600318,新力金融,9.36,9.37,9.37,9.36,742,694600,0.11,0.11
2026-01-12 13:23:00,sh600318,新力金融,9.36,9.36,9.37,9.36,546,510738,-0.11,0.11
2026-01-12 13:24:00,sh600318,新力金融,9.36,9.37,9.37,9.36,1339,1254689,0.11,0.11
2026-01-12 13:25:00,sh600318,新力金融,9.37,9.39,9.39,9.37,1540,1444017,0.21,0.21
2026-01-12 13:26:00,sh600318,新力金融,9.39,9.39,9.39,9.39,912,856358,0.0,0.0
2026-01-12 13:27:00,sh600318,新力金融,9.4,9.4,9.4,9.39,579,543984,0.11,0.11
2026-01-12 13:28:00,sh600318,新力金融,9.39,9.39,9.39,9.38,310,291064,-0.11,0.11
2026-01-12 13:29:00,sh600318,新力金融,9.38,9.39,9.4,9.38,1349,1267493,0.0,0.21
2026-01-12 13:30:00,sh600318,新力金融,9.39,9.38,9.39,9.38,213,199956,-0.11,0.11
2026-01-12 13:31:00,sh600318,新力金融,9.38,9.39,9.39,9.38,296,277818,0.11,0.11
2026-01-12 13:32:00,sh600318,新力金融,9.39,9.39,9.4,9.39,516,484655,0.0,0.11
2026-01-12 13:33:00,sh600318,新力金融,9.39,9.39,9.4,9.38,893,838601,0.0,0.21
2026-01-12 13:34:00,sh600318,新力金融,9.39,9.38,9.39,9.38,380,356651,-0.11,0.11
2026-01-12 13:35:00,sh600318,新力金融,9.39,9.4,9.4,9.39,741,695899,0.21,0.11
2026-01-12 13:36:00,sh600318,新力金融,9.39,9.4,9.4,9.39,51,47899,0.0,0.11
2026-01-12 13:37:00,sh600318,新力金融,9.4,9.39,9.4,9.39,970,911405,-0.11,0.11
2026-01-12 13:38:00,sh600318,新力金融,9.39,9.39,9.4,9.39,591,555510,0.0,0.11
2026-01-12 13:39:00,sh600318,新力金融,9.39,9.4,9.4,9.39,554,520590,0.11,0.11
2026-01-12 13:40:00,sh600318,新力金融,9.4,9.4,9.4,9.39,639,600565,0.0,0.11
2026-01-12 13:41:00,sh600318,新力金融,9.4,9.39,9.4,9.39,128,120261,-0.11,0.11
2026-01-12 13:42:00,sh600318,新力金融,9.39,9.39,9.4,9.39,1515,1422796,0.0,0.11
2026-01-12 13:43:00,sh600318,新力金融,9.39,9.38,9.39,9.38,723,678840,-0.11,0.11
2026-01-12 13:44:00,sh600318,新力金融,9.39,9.38,9.39,9.38,12,11263,0.0,0.11
2026-01-12 13:45:00,sh600318,新力金融,9.38,9.37,9.38,9.37,1945,1824365,-0.11,0.11
2026-01-12 13:46:00,sh600318,新力金融,9.38,9.39,9.39,9.38,2145,2012691,0.21,0.11
2026-01-12 13:47:00,sh600318,新力金融,9.38,9.39,9.39,9.38,644,604598,0.0,0.11
2026-01-12 13:48:00,sh600318,新力金融,9.38,9.39,9.39,9.38,366,343658,0.0,0.11
2026-01-12 13:49:00,sh600318,新力金融,9.39,9.38,9.39,9.38,379,355561,-0.11,0.11
2026-01-12 13:50:00,sh600318,新力金融,9.38,9.39,9.39,9.38,475,445971,0.11,0.11
2026-01-12 13:51:00,sh600318,新力金融,9.39,9.38,9.39,9.38,2085,1955844,-0.11,0.11
2026-01-12 13:52:00,sh600318,新力金融,9.38,9.38,9.39,9.38,479,449331,0.0,0.11
2026-01-12 13:53:00,sh600318,新力金融,9.38,9.39,9.39,9.38,296,277584,0.11,0.11
2026-01-12 13:54:00,sh600318,新力金融,9.39,9.38,9.39,9.38,178,167032,-0.11,0.11
2026-01-12 13:55:00,sh600318,新力金融,9.39,9.38,9.39,9.38,522,489693,0.0,0.11
2026-01-12 13:56:00,sh600318,新力金融,9.38,9.39,9.39,9.38,1119,1048905,0.11,0.11
2026-01-12 13:57:00,sh600318,新力金融,9.38,9.38,9.39,9.38,531,498067,-0.11,0.11
2026-01-12 13:58:00,sh600318,新力金融,9.38,9.38,9.39,9.38,382,358325,0.0,0.11
2026-01-12 13:59:00,sh600318,新力金融,9.39,9.38,9.39,9.38,567,531931,0.0,0.11
2026-01-12 14:00:00,sh600318,新力金融,9.39,9.39,9.39,9.38,283,265691,0.11,0.11
2026-01-12 14:01:00,sh600318,新力金融,9.39,9.39,9.39,9.38,1442,1353952,0.0,0.11
2026-01-12 14:02:00,sh600318,新力金融,9.39,9.39,9.4,9.39,983,923066,0.0,0.11
2026-01-12 14:03:00,sh600318,新力金融,9.39,9.4,9.4,9.39,163,153068,0.11,0.11
2026-01-12 14:04:00,sh600318,新力金融,9.4,9.4,9.4,9.39,162,152260,0.0,0.11
2026-01-12 14:05:00,sh600318,新力金融,9.4,9.4,9.4,9.39,296,278186,0.0,0.11
2026-01-12 14:06:00,sh600318,新力金融,9.4,9.39,9.4,9.39,71,66687,-0.11,0.11
2026-01-12 14:07:00,sh600318,新力金融,9.4,9.39,9.4,9.39,937,879845,0.0,0.11
2026-01-12 14:08:00,sh600318,新力金融,9.39,9.38,9.39,9.38,529,496539,-0.11,0.11
2026-01-12 14:09:00,sh600318,新力金融,9.38,9.38,9.39,9.38,363,340653,0.0,0.11
2026-01-12 14:10:00,sh600318,新力金融,9.39,9.38,9.39,9.38,260,244017,0.0,0.11
2026-01-12 14:11:00,sh600318,新力金融,9.38,9.38,9.39,9.38,93,87251,0.0,0.11
2026-01-12 14:12:00,sh600318,新力金融,9.38,9.39,9.39,9.38,238,223268,0.11,0.11
2026-01-12 14:13:00,sh600318,新力金融,9.39,9.39,9.39,9.38,1070,1004581,0.0,0.11
2026-01-12 14:14:00,sh600318,新力金融,9.39,9.4,9.4,9.39,695,652941,0.11,0.11
2026-01-12 14:15:00,sh600318,新力金融,9.39,9.4,9.4,9.39,742,697246,0.0,0.11
2026-01-12 14:16:00,sh600318,新力金融,9.4,9.39,9.4,9.39,629,590711,-0.11,0.11
2026-01-12 14:17:00,sh600318,新力金融,9.39,9.39,9.4,9.39,1087,1021252,0.0,0.11
2026-01-12 14:18:00,sh600318,新力金融,9.39,9.39,9.39,9.39,98,92022,0.0,0.0
2026-01-12 14:19:00,sh600318,新力金融,9.4,9.39,9.4,9.39,36,33830,0.0,0.11
2026-01-12 14:20:00,sh600318,新力金融,9.39,9.39,9.4,9.39,71,66671,0.0,0.11
2026-01-12 14:21:00,sh600318,新力金融,9.39,9.39,9.4,9.39,1217,1143873,0.0,0.11
2026-01-12 14:22:00,sh600318,新力金融,9.4,9.4,9.4,9.39,338,317699,0.11,0.11
2026-01-12 14:23:00,sh600318,新力金融,9.4,9.39,9.4,9.39,428,402263,-0.11,0.11
2026-01-12 14:24:00,sh600318,新力金融,9.39,9.4,9.4,9.39,1666,1565954,0.11,0.11
2026-01-12 14:25:00,sh600318,新力金融,9.39,9.4,9.4,9.39,1577,1480838,0.0,0.11
2026-01-12 14:26:00,sh600318,新力金融,9.4,9.4,9.4,9.39,1507,1415258,0.0,0.11
2026-01-12 14:27:00,sh600318,新力金融,9.39,9.39,9.4,9.39,656,616009,-0.11,0.11
2026-01-12 14:28:00,sh600318,新力金融,9.39,9.39,9.4,9.39,247,232156,0.0,0.11
2026-01-12 14:29:00,sh600318,新力金融,9.4,9.4,9.4,9.39,731,687121,0.11,0.11
2026-01-12 14:30:00,sh600318,新力金融,9.39,9.4,9.4,9.39,1237,1162643,0.0,0.11
2026-01-12 14:31:00,sh600318,新力金融,9.41,9.4,9.41,9.39,1322,1243065,0.0,0.21
2026-01-12 14:32:00,sh600318,新力金融,9.4,9.41,9.41,9.4,1454,1367545,0.11,0.11
2026-01-12 14:33:00,sh600318,新力金融,9.41,9.4,9.41,9.4,1033,972011,-0.11,0.11
2026-01-12 14:34:00,sh600318,新力金融,9.4,9.41,9.41,9.4,2265,2129369,0.11,0.11
2026-01-12 14:35:00,sh600318,新力金融,9.4,9.39,9.4,9.39,854,802612,-0.21,0.11
2026-01-12 14:36:00,sh600318,新力金融,9.39,9.38,9.39,9.38,1350,1267237,-0.11,0.11
2026-01-12 14:37:00,sh600318,新力金融,9.39,9.38,9.39,9.38,1716,1610984,0.0,0.11
2026-01-12 14:38:00,sh600318,新力金融,9.39,9.4,9.4,9.39,344,323109,0.21,0.11
2026-01-12 14:39:00,sh600318,新力金融,9.39,9.39,9.4,9.39,535,502591,-0.11,0.11
2026-01-12 14:40:00,sh600318,新力金融,9.39,9.4,9.4,9.39,490,460559,0.11,0.11
2026-01-12 14:41:00,sh600318,新力金融,9.4,9.4,9.4,9.39,461,433061,0.0,0.11
2026-01-12 14:42:00,sh600318,新力金融,9.4,9.39,9.4,9.39,1116,1048938,-0.11,0.11
2026-01-12 14:43:00,sh600318,新力金融,9.4,9.4,9.4,9.39,625,587134,0.11,0.11
2026-01-12 14:44:00,sh600318,新力金融,9.39,9.4,9.41,9.39,3079,2894303,0.0,0.21
2026-01-12 14:45:00,sh600318,新力金融,9.4,9.41,9.41,9.4,598,562480,0.11,0.11
2026-01-12 14:46:00,sh600318,新力金融,9.41,9.42,9.42,9.4,2561,2409795,0.11,0.21
2026-01-12 14:47:00,sh600318,新力金融,9.41,9.42,9.42,9.41,4049,3813257,0.0,0.11
2026-01-12 14:48:00,sh600318,新力金融,9.43,9.42,9.43,9.42,990,932832,0.0,0.11
2026-01-12 14:49:00,sh600318,新力金融,9.42,9.42,9.42,9.41,546,513985,0.0,0.11
2026-01-12 14:50:00,sh600318,新力金融,9.42,9.41,9.42,9.41,730,687039,-0.11,0.11
2026-01-12 14:51:00,sh600318,新力金融,9.41,9.41,9.42,9.41,534,502216,0.0,0.11
2026-01-12 14:52:00,sh600318,新力金融,9.41,9.42,9.42,9.41,762,717250,0.11,0.11
2026-01-12 14:53:00,sh600318,新力金融,9.41,9.41,9.42,9.41,1816,1709623,-0.11,0.11
2026-01-12 14:54:00,sh600318,新力金融,9.41,9.42,9.42,9.41,3022,2844449,0.11,0.11
2026-01-12 14:55:00,sh600318,新力金融,9.41,9.41,9.42,9.41,1770,1665936,-0.11,0.11
2026-01-12 14:56:00,sh600318,新力金融,9.41,9.42,9.42,9.41,1307,1230799,0.11,0.11
2026-01-12 14:57:00,sh600318,新力金融,9.42,9.42,9.42,9.41,2335,2198894,0.0,0.11
2026-01-12 14:58:00,sh600318,新力金融,9.42,9.42,9.42,9.42,25,23550,0.0,0.0
2026-01-12 14:59:00,sh600318,新力金融,9.42,9.42,9.42,9.42,0,0,0.0,0.0
2026-01-12 15:00:00,sh600318,新力金融,9.43,9.43,9.43,9.43,4640,4375520,0.11,0.0
2026-01-13 09:30:00,sh600318,新力金融,9.42,9.42,9.42,9.42,825,777150,0.0,0.0
2026-01-13 09:31:00,sh600318,新力金融,9.42,9.38,9.43,9.37,2625,2467184,-0.42,0.64
2026-01-13 09:32:00,sh600318,新力金融,9.38,9.35,9.38,9.35,2374,2222746,-0.32,0.32
2026-01-13 09:33:00,sh600318,新力金融,9.36,9.33,9.36,9.33,3981,3720239,-0.21,0.32
2026-01-13 09:34:00,sh600318,新力金融,9.32,9.29,9.32,9.28,4088,3804236,-0.43,0.43
2026-01-13 09:35:00,sh600318,新力金融,9.28,9.28,9.29,9.28,3657,3395510,-0.11,0.11
2026-01-13 09:36:00,sh600318,新力金融,9.28,9.28,9.29,9.27,2318,2151197,0.0,0.22
2026-01-13 09:37:00,sh600318,新力金融,9.27,9.27,9.28,9.26,2850,2642297,-0.11,0.22
2026-01-13 09:38:00,sh600318,新力金融,9.27,9.29,9.29,9.27,1084,1005540,0.22,0.22
2026-01-13 09:39:00,sh600318,新力金融,9.29,9.29,9.29,9.28,1177,1093165,0.0,0.11
2026-01-13 09:40:00,sh600318,新力金融,9.3,9.3,9.32,9.3,2099,1953127,0.11,0.22
2026-01-13 09:41:00,sh600318,新力金融,9.32,9.29,9.32,9.29,2389,2221447,-0.11,0.32
2026-01-13 09:42:00,sh600318,新力金融,9.29,9.33,9.35,9.29,2304,2145326,0.43,0.65
2026-01-13 09:43:00,sh600318,新力金融,9.32,9.31,9.33,9.3,2512,2339730,-0.21,0.32
2026-01-13 09:44:00,sh600318,新力金融,9.3,9.29,9.3,9.28,1271,1180902,-0.21,0.21
2026-01-13 09:45:00,sh600318,新力金融,9.28,9.3,9.3,9.28,1830,1700316,0.11,0.22
2026-01-13 09:46:00,sh600318,新力金融,9.29,9.3,9.3,9.28,2266,2104386,0.0,0.22
2026-01-13 09:47:00,sh600318,新力金融,9.3,9.33,9.33,9.3,2567,2391350,0.32,0.32
2026-01-13 09:48:00,sh600318,新力金融,9.32,9.32,9.33,9.32,939,875351,-0.11,0.11
2026-01-13 09:49:00,sh600318,新力金融,9.33,9.3,9.33,9.3,1099,1023493,-0.21,0.32
2026-01-13 09:50:00,sh600318,新力金融,9.3,9.31,9.31,9.3,940,874448,0.11,0.11
2026-01-13 09:51:00,sh600318,新力金融,9.31,9.3,9.32,9.3,1538,1431367,-0.11,0.21
2026-01-13 09:52:00,sh600318,新力金融,9.3,9.28,9.3,9.28,1332,1237534,-0.22,0.22
2026-01-13 09:53:00,sh600318,新力金融,9.28,9.29,9.29,9.27,2724,2527029,0.11,0.22
2026-01-13 09:54:00,sh600318,新力金融,9.29,9.29,9.3,9.29,934,867919,0.0,0.11
2026-01-13 09:55:00,sh600318,新力金融,9.29,9.28,9.3,9.28,1565,1453548,-0.11,0.22
2026-01-13 09:56:00,sh600318,新力金融,9.29,9.29,9.3,9.28,628,583159,0.11,0.22
2026-01-13 09:57:00,sh600318,新力金融,9.29,9.29,9.3,9.29,427,396786,0.0,0.11
2026-01-13 09:58:00,sh600318,新力金融,9.29,9.29,9.3,9.28,1655,1536032,0.0,0.22
2026-01-13 09:59:00,sh600318,新力金融,9.29,9.3,9.3,9.29,1759,1634930,0.11,0.11
2026-01-13 10:00:00,sh600318,新力金融,9.31,9.31,9.32,9.3,418,389244,0.11,0.22
2026-01-13 10:01:00,sh600318,新力金融,9.3,9.29,9.31,9.29,1275,1185253,-0.21,0.21
2026-01-13 10:02:00,sh600318,新力金融,9.29,9.3,9.3,9.28,385,357664,0.11,0.22
2026-01-13 10:03:00,sh600318,新力金融,9.3,9.3,9.31,9.3,484,450150,0.0,0.11
2026-01-13 10:04:00,sh600318,新力金融,9.3,9.3,9.3,9.29,1397,1298280,0.0,0.11
2026-01-13 10:05:00,sh600318,新力金融,9.3,9.33,9.33,9.3,1602,1491238,0.32,0.32
2026-01-13 10:06:00,sh600318,新力金融,9.33,9.32,9.33,9.32,1014,945083,-0.11,0.11
2026-01-13 10:07:00,sh600318,新力金融,9.33,9.32,9.33,9.32,540,503680,0.0,0.11
2026-01-13 10:08:00,sh600318,新力金融,9.33,9.33,9.34,9.32,558,520450,0.11,0.21
2026-01-13 10:09:00,sh600318,新力金融,9.34,9.32,9.34,9.32,628,585847,-0.11,0.21
2026-01-13 10:10:00,sh600318,新力金融,9.32,9.34,9.34,9.32,547,510423,0.21,0.21
2026-01-13 10:11:00,sh600318,新力金融,9.34,9.34,9.34,9.33,728,680045,0.0,0.11
2026-01-13 10:12:00,sh600318,新力金融,9.34,9.38,9.38,9.33,3959,3703610,0.43,0.54
2026-01-13 10:13:00,sh600318,新力金融,9.38,9.39,9.39,9.37,1042,977500,0.11,0.21
2026-01-13 10:14:00,sh600318,新力金融,9.39,9.36,9.4,9.36,1728,1621722,-0.32,0.43
2026-01-13 10:15:00,sh600318,新力金融,9.35,9.34,9.37,9.34,562,525555,-0.21,0.32
2026-01-13 10:16:00,sh600318,新力金融,9.35,9.36,9.36,9.34,866,809399,0.21,0.21
2026-01-13 10:17:00,sh600318,新力金融,9.35,9.34,9.35,9.34,394,368144,-0.21,0.11
2026-01-13 10:18:00,sh600318,新力金融,9.33,9.34,9.34,9.33,322,300437,0.0,0.11
2026-01-13 10:19:00,sh600318,新力金融,9.33,9.32,9.33,9.32,217,202301,-0.21,0.11
2026-01-13 10:20:00,sh600318,新力金融,9.32,9.31,9.32,9.31,959,893280,-0.11,0.11
2026-01-13 10:21:00,sh600318,新力金融,9.31,9.3,9.31,9.3,286,266059,-0.11,0.11
2026-01-13 10:22:00,sh600318,新力金融,9.31,9.29,9.31,9.29,901,837958,-0.11,0.22
2026-01-13 10:23:00,sh600318,新力金融,9.31,9.3,9.31,9.3,490,455751,0.11,0.11
2026-01-13 10:24:00,sh600318,新力金融,9.31,9.3,9.31,9.3,272,252985,0.0,0.11
2026-01-13 10:25:00,sh600318,新力金融,9.31,9.31,9.31,9.3,520,483657,0.11,0.11
2026-01-13 10:26:00,sh600318,新力金融,9.3,9.3,9.31,9.3,193,179645,-0.11,0.11
2026-01-13 10:27:00,sh600318,新力金融,9.31,9.31,9.31,9.3,246,228963,0.11,0.11
2026-01-13 10:28:00,sh600318,新力金融,9.3,9.31,9.31,9.3,353,328588,0.0,0.11
2026-01-13 10:29:00,sh600318,新力金融,9.31,9.32,9.32,9.31,916,852992,0.11,0.11
2026-01-13 10:30:00,sh600318,新力金融,9.33,9.32,9.33,9.32,232,216256,0.0,0.11
2026-01-13 10:31:00,sh600318,新力金融,9.31,9.3,9.31,9.29,1685,1567390,-0.21,0.21
2026-01-13 10:32:00,sh600318,新力金融,9.3,9.29,9.31,9.29,372,345929,-0.11,0.22
2026-01-13 10:33:00,sh600318,新力金融,9.3,9.29,9.3,9.29,431,400714,0.0,0.11
2026-01-13 10:34:00,sh600318,新力金融,9.29,9.29,9.3,9.29,345,320669,0.0,0.11
2026-01-13 10:35:00,sh600318,新力金融,9.29,9.28,9.29,9.27,4217,3914759,-0.11,0.22
2026-01-13 10:36:00,sh600318,新力金融,9.27,9.28,9.3,9.27,1041,966185,0.0,0.32
2026-01-13 10:37:00,sh600318,新力金融,9.3,9.29,9.31,9.29,1355,1259464,0.11,0.22
2026-01-13 10:38:00,sh600318,新力金融,9.29,9.29,9.3,9.29,283,263023,0.0,0.11
2026-01-13 10:39:00,sh600318,新力金融,9.29,9.29,9.31,9.29,170,158001,0.0,0.22
2026-01-13 10:40:00,sh600318,新力金融,9.29,9.3,9.3,9.28,152,141225,0.11,0.22
2026-01-13 10:41:00,sh600318,新力金融,9.3,9.3,9.3,9.29,388,360762,0.0,0.11
2026-01-13 10:42:00,sh600318,新力金融,9.31,9.3,9.31,9.3,183,170193,0.0,0.11
2026-01-13 10:43:00,sh600318,新力金融,9.3,9.31,9.31,9.3,188,174969,0.11,0.11
2026-01-13 10:44:00,sh600318,新力金融,9.31,9.3,9.31,9.3,150,139596,-0.11,0.11
2026-01-13 10:45:00,sh600318,新力金融,9.3,9.32,9.32,9.3,263,244815,0.22,0.22
2026-01-13 10:46:00,sh600318,新力金融,9.32,9.31,9.32,9.3,131,121974,-0.11,0.21
2026-01-13 10:47:00,sh600318,新力金融,9.31,9.31,9.31,9.3,359,333995,0.0,0.11
2026-01-13 10:48:00,sh600318,新力金融,9.3,9.3,9.31,9.3,964,896523,-0.11,0.11
2026-01-13 10:49:00,sh600318,新力金融,9.3,9.3,9.3,9.29,232,215710,0.0,0.11
2026-01-13 10:50:00,sh600318,新力金融,9.29,9.3,9.3,9.29,636,591148,0.0,0.11
2026-01-13 10:51:00,sh600318,新力金融,9.29,9.3,9.3,9.29,1144,1063892,0.0,0.11
2026-01-13 10:52:00,sh600318,新力金融,9.31,9.31,9.31,9.31,115,107065,0.11,0.0
2026-01-13 10:53:00,sh600318,新力金融,9.3,9.31,9.31,9.3,170,158254,0.0,0.11
2026-01-13 10:54:00,sh600318,新力金融,9.3,9.29,9.3,9.29,712,661984,-0.21,0.11
2026-01-13 10:55:00,sh600318,新力金融,9.29,9.29,9.3,9.29,26,24155,0.0,0.11
2026-01-13 10:56:00,sh600318,新力金融,9.29,9.3,9.3,9.29,273,253661,0.11,0.11
2026-01-13 10:57:00,sh600318,新力金融,9.3,9.29,9.3,9.29,548,509560,-0.11,0.11
2026-01-13 10:58:00,sh600318,新力金融,9.29,9.3,9.3,9.29,508,472377,0.11,0.11
2026-01-13 10:59:00,sh600318,新力金融,9.29,9.29,9.3,9.29,228,211844,-0.11,0.11
2026-01-13 11:00:00,sh600318,新力金融,9.29,9.29,9.3,9.29,48,44599,0.0,0.11
2026-01-13 11:01:00,sh600318,新力金融,9.29,9.29,9.3,9.29,108,100417,0.0,0.11
2026-01-13 11:02:00,sh600318,新力金融,9.29,9.3,9.3,9.29,911,846716,0.11,0.11
2026-01-13 11:03:00,sh600318,新力金融,9.3,9.3,9.3,9.29,97,90207,0.0,0.11
2026-01-13 11:04:00,sh600318,新力金融,9.29,9.29,9.3,9.29,107,99413,-0.11,0.11
2026-01-13 11:05:00,sh600318,新力金融,9.29,9.29,9.3,9.29,91,84564,0.0,0.11
2026-01-13 11:06:00,sh600318,新力金融,9.3,9.31,9.31,9.3,1189,1105974,0.22,0.11
2026-01-13 11:07:00,sh600318,新力金融,9.31,9.31,9.32,9.3,265,246733,0.0,0.21
2026-01-13 11:08:00,sh600318,新力金融,9.31,9.3,9.31,9.3,437,406762,-0.11,0.11
2026-01-13 11:09:00,sh600318,新力金融,9.3,9.31,9.31,9.3,158,147084,0.11,0.11
2026-01-13 11:10:00,sh600318,新力金融,9.31,9.31,9.32,9.31,109,101495,0.0,0.11
2026-01-13 11:11:00,sh600318,新力金融,9.32,9.32,9.32,9.31,158,147251,0.11,0.11
2026-01-13 11:12:00,sh600318,新力金融,9.31,9.31,9.31,9.31,258,240202,-0.11,0.0
2026-01-13 11:13:00,sh600318,新力金融,9.31,9.32,9.32,9.31,47,43789,0.11,0.11
2026-01-13 11:14:00,sh600318,新力金融,9.32,9.31,9.32,9.31,370,344488,-0.11,0.11
2026-01-13 11:15:00,sh600318,新力金融,9.31,9.3,9.31,9.3,231,214939,-0.11,0.11
2026-01-13 11:16:00,sh600318,新力金融,9.3,9.31,9.31,9.3,22,20462,0.11,0.11
2026-01-13 11:17:00,sh600318,新力金融,9.31,9.31,9.31,9.3,148,137783,0.0,0.11
2026-01-13 11:18:00,sh600318,新力金融,9.31,9.3,9.32,9.3,257,239219,-0.11,0.21
2026-01-13 11:19:00,sh600318,新力金融,9.31,9.31,9.32,9.31,169,157388,0.11,0.11
2026-01-13 11:20:00,sh600318,新力金融,9.31,9.31,9.32,9.31,55,51206,0.0,0.11
2026-01-13 11:21:00,sh600318,新力金融,9.3,9.3,9.31,9.3,940,874306,-0.11,0.11
2026-01-13 11:22:00,sh600318,新力金融,9.3,9.29,9.31,9.29,61,56734,-0.11,0.22
2026-01-13 11:23:00,sh600318,新力金融,9.3,9.3,9.3,9.3,272,252960,0.11,0.0
2026-01-13 11:24:00,sh600318,新力金融,9.3,9.3,9.31,9.3,291,270667,0.0,0.11
2026-01-13 11:25:00,sh600318,新力金融,9.3,9.29,9.3,9.29,311,289014,-0.11,0.11
2026-01-13 11:26:00,sh600318,新力金融,9.29,9.29,9.29,9.29,625,580626,0.0,0.0
2026-01-13 11:27:00,sh600318,新力金融,9.3,9.29,9.3,9.29,302,280569,0.0,0.11
2026-01-13 11:28:00,sh600318,新力金融,9.29,9.28,9.3,9.28,656,609469,-0.11,0.22
2026-01-13 11:29:00,sh600318,新力金融,9.29,9.29,9.29,9.28,111,103074,0.11,0.11
2026-01-13 11:30:00,sh600318,新力金融,9.29,9.29,9.29,9.28,250,232242,0.0,0.11
2026-01-13 13:01:00,sh600318,新力金融,9.29,9.29,9.3,9.29,814,756351,0.0,0.11
2026-01-13 13:02:00,sh600318,新力金融,9.31,9.31,9.31,9.31,1250,1163068,0.22,0.0
2026-01-13 13:03:00,sh600318,新力金融,9.31,9.32,9.32,9.31,812,755868,0.11,0.11
2026-01-13 13:04:00,sh600318,新力金融,9.32,9.31,9.32,9.31,112,104277,-0.11,0.11
2026-01-13 13:05:00,sh600318,新力金融,9.3,9.3,9.31,9.3,186,173041,-0.11,0.11
2026-01-13 13:06:00,sh600318,新力金融,9.3,9.29,9.3,9.29,459,426528,-0.11,0.11
2026-01-13 13:07:00,sh600318,新力金融,9.29,9.28,9.29,9.28,528,490367,-0.11,0.11
2026-01-13 13:08:00,sh600318,新力金融,9.28,9.28,9.29,9.28,238,220898,0.0,0.11
2026-01-13 13:09:00,sh600318,新力金融,9.28,9.28,9.29,9.28,698,648064,0.0,0.11
2026-01-13 13:10:00,sh600318,新力金融,9.29,9.28,9.29,9.28,111,103011,0.0,0.11
2026-01-13 13:11:00,sh600318,新力金融,9.28,9.28,9.29,9.28,311,288658,0.0,0.11
2026-01-13 13:12:00,sh600318,新力金融,9.28,9.28,9.28,9.28,787,730336,0.0,0.0
2026-01-13 13:13:00,sh600318,新力金融,9.28,9.27,9.28,9.27,1595,1479351,-0.11,0.11
2026-01-13 13:14:00,sh600318,新力金融,9.27,9.27,9.28,9.27,473,438477,0.0,0.11
2026-01-13 13:15:00,sh600318,新力金融,9.27,9.28,9.28,9.27,811,751830,0.11,0.11
2026-01-13 13:16:00,sh600318,新力金融,9.28,9.26,9.28,9.26,1195,1107301,-0.22,0.22
2026-01-13 13:17:00,sh600318,新力金融,9.26,9.25,9.26,9.25,2063,1909907,-0.11,0.11
2026-01-13 13:18:00,sh600318,新力金融,9.25,9.25,9.26,9.25,1429,1321938,0.0,0.11
2026-01-13 13:19:00,sh600318,新力金融,9.25,9.25,9.26,9.24,813,752015,0.0,0.22
2026-01-13 13:20:00,sh600318,新力金融,9.24,9.24,9.25,9.24,542,500941,-0.11,0.11
2026-01-13 13:21:00,sh600318,新力金融,9.24,9.24,9.25,9.24,280,258910,0.0,0.11
2026-01-13 13:22:00,sh600318,新力金融,9.24,9.24,9.25,9.24,1230,1136560,0.0,0.11
2026-01-13 13:23:00,sh600318,新力金融,9.24,9.24,9.24,9.23,1699,1568331,0.0,0.11
2026-01-13 13:24:00,sh600318,新力金融,9.24,9.23,9.24,9.23,305,281653,-0.11,0.11
2026-01-13 13:25:00,sh600318,新力金融,9.23,9.23,9.24,9.23,660,609206,0.0,0.11
2026-01-13 13:26:00,sh600318,新力金融,9.23,9.24,9.24,9.23,553,510787,0.11,0.11
2026-01-13 13:27:00,sh600318,新力金融,9.24,9.23,9.24,9.23,1682,1552773,-0.11,0.11
2026-01-13 13:28:00,sh600318,新力金融,9.23,9.23,9.23,9.22,471,434637,0.0,0.11
2026-01-13 13:29:00,sh600318,新力金融,9.23,9.23,9.23,9.22,703,648730,0.0,0.11
2026-01-13 13:30:00,sh600318,新力金融,9.23,9.23,9.24,9.23,845,780021,0.0,0.11
2026-01-13 13:31:00,sh600318,新力金融,9.24,9.25,9.25,9.24,434,401282,0.22,0.11
2026-01-13 13:32:00,sh600318,新力金融,9.25,9.24,9.25,9.23,1192,1101031,-0.11,0.22
2026-01-13 13:33:00,sh600318,新力金融,9.24,9.24,9.24,9.23,654,604217,0.0,0.11
2026-01-13 13:34:00,sh600318,新力金融,9.23,9.24,9.24,9.23,549,507259,0.0,0.11
2026-01-13 13:35:00,sh600318,新力金融,9.25,9.25,9.25,9.24,278,257144,0.11,0.11
2026-01-13 13:36:00,sh600318,新力金融,9.25,9.26,9.26,9.25,296,273936,0.11,0.11
2026-01-13 13:37:00,sh600318,新力金融,9.25,9.25,9.26,9.25,105,97165,-0.11,0.11
2026-01-13 13:38:00,sh600318,新力金融,9.25,9.25,9.26,9.25,479,443095,0.0,0.11
2026-01-13 13:39:00,sh600318,新力金融,9.25,9.25,9.26,9.25,221,204481,0.0,0.11
2026-01-13 13:40:00,sh600318,新力金融,9.26,9.26,9.26,9.25,145,134249,0.11,0.11
2026-01-13 13:41:00,sh600318,新力金融,9.26,9.26,9.26,9.25,308,285148,0.0,0.11
2026-01-13 13:42:00,sh600318,新力金融,9.26,9.25,9.26,9.24,896,828936,-0.11,0.22
2026-01-13 13:43:00,sh600318,新力金融,9.25,9.25,9.25,9.25,188,173900,0.0,0.0
2026-01-13 13:44:00,sh600318,新力金融,9.26,9.26,9.26,9.25,124,114823,0.11,0.11
2026-01-13 13:45:00,sh600318,新力金融,9.26,9.25,9.26,9.25,119,110133,-0.11,0.11
2026-01-13 13:46:00,sh600318,新力金融,9.25,9.26,9.26,9.25,421,389468,0.11,0.11
2026-01-13 13:47:00,sh600318,新力金融,9.26,9.24,9.26,9.24,634,586570,-0.22,0.22
2026-01-13 13:48:00,sh600318,新力金融,9.25,9.25,9.26,9.24,487,450442,0.11,0.22
2026-01-13 13:49:00,sh600318,新力金融,9.26,9.26,9.27,9.25,792,733390,0.11,0.22
2026-01-13 13:50:00,sh600318,新力金融,9.26,9.26,9.27,9.26,620,574498,0.0,0.11
2026-01-13 13:51:00,sh600318,新力金融,9.27,9.27,9.27,9.27,686,635922,0.11,0.0
2026-01-13 13:52:00,sh600318,新力金融,9.27,9.28,9.28,9.27,423,392514,0.11,0.11
2026-01-13 13:53:00,sh600318,新力金融,9.28,9.3,9.3,9.28,781,725448,0.22,0.22
2026-01-13 13:54:00,sh600318,新力金融,9.3,9.31,9.31,9.3,883,821190,0.11,0.11
2026-01-13 13:55:00,sh600318,新力金融,9.31,9.3,9.31,9.3,766,712856,-0.11,0.11
2026-01-13 13:56:00,sh600318,新力金融,9.3,9.3,9.3,9.29,440,409141,0.0,0.11
2026-01-13 13:57:00,sh600318,新力金融,9.29,9.28,9.29,9.28,275,255353,-0.22,0.11
2026-01-13 13:58:00,sh600318,新力金融,9.29,9.29,9.29,9.29,112,104048,0.11,0.0
2026-01-13 13:59:00,sh600318,新力金融,9.29,9.29,9.29,9.29,61,56669,0.0,0.0
2026-01-13 14:00:00,sh600318,新力金融,9.28,9.28,9.29,9.28,40,37136,-0.11,0.11
2026-01-13 14:01:00,sh600318,新力金融,9.29,9.28,9.29,9.28,85,78952,0.0,0.11
2026-01-13 14:02:00,sh600318,新力金融,9.28,9.28,9.28,9.27,640,593900,0.0,0.11
2026-01-13 14:03:00,sh600318,新力金融,9.28,9.26,9.28,9.26,284,263133,-0.22,0.22
2026-01-13 14:04:00,sh600318,新力金融,9.26,9.27,9.27,9.26,294,272438,0.11,0.11
2026-01-13 14:05:00,sh600318,新力金融,9.28,9.26,9.28,9.26,94,87080,-0.11,0.22
2026-01-13 14:06:00,sh600318,新力金融,9.27,9.26,9.27,9.26,336,311157,0.0,0.11
2026-01-13 14:07:00,sh600318,新力金融,9.26,9.25,9.26,9.25,113,104604,-0.11,0.11
2026-01-13 14:08:00,sh600318,新力金融,9.25,9.24,9.25,9.24,1430,1322260,-0.11,0.11
2026-01-13 14:09:00,sh600318,新力金融,9.24,9.25,9.25,9.24,49,45291,0.11,0.11
2026-01-13 14:10:00,sh600318,新力金融,9.24,9.25,9.25,9.24,450,415594,0.0,0.11
2026-01-13 14:11:00,sh600318,新力金融,9.24,9.24,9.25,9.23,1021,943609,-0.11,0.22
2026-01-13 14:12:00,sh600318,新力金融,9.24,9.24,9.24,9.23,133,122865,0.0,0.11
2026-01-13 14:13:00,sh600318,新力金融,9.24,9.24,9.24,9.24,255,235620,0.0,0.0
2026-01-13 14:14:00,sh600318,新力金融,9.24,9.24,9.25,9.24,259,239333,0.0,0.11
2026-01-13 14:15:00,sh600318,新力金融,9.25,9.24,9.25,9.23,238,219897,0.0,0.22
2026-01-13 14:16:00,sh600318,新力金融,9.24,9.24,9.24,9.23,468,432407,0.0,0.11
2026-01-13 14:17:00,sh600318,新力金融,9.24,9.22,9.24,9.22,3130,2888538,-0.22,0.22
2026-01-13 14:18:00,sh600318,新力金融,9.22,9.22,9.23,9.22,797,735163,0.0,0.11
2026-01-13 14:19:00,sh600318,新力金融,9.22,9.23,9.23,9.22,126,116210,0.11,0.11
2026-01-13 14:20:00,sh600318,新力金融,9.23,9.23,9.23,9.22,443,408877,0.0,0.11
2026-01-13 14:21:00,sh600318,新力金融,9.23,9.24,9.24,9.22,461,425434,0.11,0.22
2026-01-13 14:22:00,sh600318,新力金融,9.24,9.24,9.24,9.23,301,277860,0.0,0.11
2026-01-13 14:23:00,sh600318,新力金融,9.24,9.23,9.24,9.23,366,337860,-0.11,0.11
2026-01-13 14:24:00,sh600318,新力金融,9.23,9.23,9.24,9.23,511,471700,0.0,0.11
2026-01-13 14:25:00,sh600318,新力金融,9.23,9.24,9.24,9.23,34,31411,0.11,0.11
2026-01-13 14:26:00,sh600318,新力金融,9.23,9.24,9.24,9.23,379,349990,0.0,0.11
2026-01-13 14:27:00,sh600318,新力金融,9.23,9.23,9.24,9.22,371,342425,-0.11,0.22
2026-01-13 14:28:00,sh600318,新力金融,9.23,9.22,9.23,9.21,2893,2666988,-0.11,0.22
2026-01-13 14:29:00,sh600318,新力金融,9.22,9.21,9.22,9.21,1036,954278,-0.11,0.11
2026-01-13 14:30:00,sh600318,新力金融,9.21,9.2,9.22,9.2,995,916365,-0.11,0.22
2026-01-13 14:31:00,sh600318,新力金融,9.21,9.21,9.21,9.2,447,411469,0.11,0.11
2026-01-13 14:32:00,sh600318,新力金融,9.21,9.22,9.22,9.2,3876,3566932,0.11,0.22
2026-01-13 14:33:00,sh600318,新力金融,9.21,9.2,9.22,9.2,355,326950,-0.22,0.22
2026-01-13 14:34:00,sh600318,新力金融,9.21,9.2,9.21,9.19,1375,1265045,0.0,0.22
2026-01-13 14:35:00,sh600318,新力金融,9.19,9.19,9.2,9.19,1472,1352835,-0.11,0.11
2026-01-13 14:36:00,sh600318,新力金融,9.18,9.18,9.19,9.18,1428,1311071,-0.11,0.11
2026-01-13 14:37:00,sh600318,新力金融,9.17,9.18,9.18,9.17,2066,1895896,0.0,0.11
2026-01-13 14:38:00,sh600318,新力金融,9.18,9.18,9.18,9.17,1252,1148697,0.0,0.11
2026-01-13 14:39:00,sh600318,新力金融,9.17,9.16,9.17,9.15,1807,1655762,-0.22,0.22
2026-01-13 14:40:00,sh600318,新力金融,9.16,9.16,9.17,9.16,2482,2273949,0.0,0.11
2026-01-13 14:41:00,sh600318,新力金融,9.16,9.15,9.16,9.15,710,650028,-0.11,0.11
2026-01-13 14:42:00,sh600318,新力金融,9.15,9.15,9.16,9.15,925,846861,0.0,0.11
2026-01-13 14:43:00,sh600318,新力金融,9.16,9.15,9.16,9.15,1581,1447829,0.0,0.11
2026-01-13 14:44:00,sh600318,新力金融,9.16,9.17,9.17,9.15,1520,1391867,0.22,0.22
2026-01-13 14:45:00,sh600318,新力金融,9.16,9.15,9.17,9.15,717,656682,-0.22,0.22
2026-01-13 14:46:00,sh600318,新力金融,9.16,9.15,9.17,9.15,2315,2119376,0.0,0.22
2026-01-13 14:47:00,sh600318,新力金融,9.15,9.14,9.16,9.14,2267,2074353,-0.11,0.22
2026-01-13 14:48:00,sh600318,新力金融,9.14,9.15,9.16,9.14,1099,1005520,0.11,0.22
2026-01-13 14:49:00,sh600318,新力金融,9.15,9.15,9.16,9.14,1152,1053921,0.0,0.22
2026-01-13 14:50:00,sh600318,新力金融,9.14,9.15,9.15,9.14,1447,1323293,0.0,0.11
2026-01-13 14:51:00,sh600318,新力金融,9.15,9.16,9.16,9.15,2201,2014056,0.11,0.11
2026-01-13 14:52:00,sh600318,新力金融,9.15,9.15,9.16,9.15,931,852265,-0.11,0.11
2026-01-13 14:53:00,sh600318,新力金融,9.15,9.16,9.16,9.15,1138,1041615,0.11,0.11
2026-01-13 14:54:00,sh600318,新力金融,9.16,9.15,9.16,9.15,535,489784,-0.11,0.11
2026-01-13 14:55:00,sh600318,新力金融,9.15,9.16,9.16,9.15,1270,1162265,0.11,0.11
2026-01-13 14:56:00,sh600318,新力金融,9.15,9.16,9.16,9.15,1547,1416207,0.0,0.11
2026-01-13 14:57:00,sh600318,新力金融,9.15,9.16,9.16,9.15,1772,1621241,0.0,0.11
2026-01-13 14:58:00,sh600318,新力金融,9.16,9.16,9.16,9.16,0,0,0.0,0.0
2026-01-13 14:59:00,sh600318,新力金融,9.16,9.16,9.16,9.16,0,0,0.0,0.0
2026-01-13 15:00:00,sh600318,新力金融,9.15,9.15,9.15,9.15,2375,2173125,-0.11,0.0
2026-01-14 09:30:00,sh600318,新力金融,9.13,9.13,9.13,9.13,557,508541,0.0,0.0
2026-01-14 09:31:00,sh600318,新力金融,9.13,9.16,9.17,9.12,2355,2153032,0.33,0.55
2026-01-14 09:32:00,sh600318,新力金融,9.17,9.19,9.2,9.17,1259,1156429,0.33,0.33
2026-01-14 09:33:00,sh600318,新力金融,9.19,9.18,9.19,9.18,946,869130,-0.11,0.11
2026-01-14 09:34:00,sh600318,新力金融,9.19,9.18,9.19,9.17,1166,1070555,0.0,0.22
2026-01-14 09:35:00,sh600318,新力金融,9.18,9.17,9.2,9.16,2060,1891284,-0.11,0.44
2026-01-14 09:36:00,sh600318,新力金融,9.19,9.2,9.22,9.19,1904,1750819,0.33,0.33
2026-01-14 09:37:00,sh600318,新力金融,9.21,9.19,9.21,9.18,1630,1498443,-0.11,0.33
2026-01-14 09:38:00,sh600318,新力金融,9.19,9.18,9.19,9.17,619,568220,-0.11,0.22
2026-01-14 09:39:00,sh600318,新力金融,9.18,9.2,9.2,9.17,1296,1189116,0.22,0.33
2026-01-14 09:40:00,sh600318,新力金融,9.2,9.2,9.21,9.19,447,411263,0.0,0.22
2026-01-14 09:41:00,sh600318,新力金融,9.2,9.21,9.22,9.2,1414,1301678,0.11,0.22
2026-01-14 09:42:00,sh600318,新力金融,9.22,9.22,9.23,9.21,1363,1256095,0.11,0.22
2026-01-14 09:43:00,sh600318,新力金融,9.23,9.24,9.25,9.22,1033,953783,0.22,0.33
2026-01-14 09:44:00,sh600318,新力金融,9.25,9.25,9.25,9.24,1061,981270,0.11,0.11
2026-01-14 09:45:00,sh600318,新力金融,9.25,9.26,9.26,9.25,1182,1093536,0.11,0.11
2026-01-14 09:46:00,sh600318,新力金融,9.26,9.26,9.27,9.26,1943,1799580,0.0,0.11
2026-01-14 09:47:00,sh600318,新力金融,9.26,9.3,9.3,9.26,2981,2766262,0.43,0.43
2026-01-14 09:48:00,sh600318,新力金融,9.3,9.31,9.33,9.3,4108,3826645,0.11,0.32
2026-01-14 09:49:00,sh600318,新力金融,9.31,9.3,9.31,9.29,4142,3852791,-0.11,0.21
2026-01-14 09:50:00,sh600318,新力金融,9.31,9.28,9.31,9.28,1150,1069193,-0.22,0.32
2026-01-14 09:51:00,sh600318,新力金融,9.29,9.29,9.29,9.28,851,790124,0.11,0.11
2026-01-14 09:52:00,sh600318,新力金融,9.29,9.3,9.3,9.29,558,518517,0.11,0.11
2026-01-14 09:53:00,sh600318,新力金融,9.29,9.29,9.3,9.29,692,643037,-0.11,0.11
2026-01-14 09:54:00,sh600318,新力金融,9.29,9.28,9.29,9.28,901,836846,-0.11,0.11
2026-01-14 09:55:00,sh600318,新力金融,9.28,9.27,9.28,9.26,958,888232,-0.11,0.22
2026-01-14 09:56:00,sh600318,新力金融,9.26,9.27,9.28,9.26,610,565537,0.0,0.22
2026-01-14 09:57:00,sh600318,新力金融,9.28,9.29,9.29,9.27,923,856608,0.22,0.22
2026-01-14 09:58:00,sh600318,新力金融,9.29,9.32,9.32,9.29,2404,2235962,0.32,0.32
2026-01-14 09:59:00,sh600318,新力金融,9.32,9.31,9.32,9.31,697,649195,-0.11,0.11
2026-01-14 10:00:00,sh600318,新力金融,9.31,9.32,9.33,9.31,1668,1554477,0.11,0.21
2026-01-14 10:01:00,sh600318,新力金融,9.32,9.33,9.33,9.32,1112,1037258,0.11,0.11
2026-01-14 10:02:00,sh600318,新力金融,9.33,9.32,9.33,9.32,1689,1574576,-0.11,0.11
2026-01-14 10:03:00,sh600318,新力金融,9.32,9.32,9.33,9.32,921,858780,0.0,0.11
2026-01-14 10:04:00,sh600318,新力金融,9.32,9.31,9.32,9.3,1111,1034366,-0.11,0.21
2026-01-14 10:05:00,sh600318,新力金融,9.31,9.31,9.31,9.3,458,426154,0.0,0.11
2026-01-14 10:06:00,sh600318,新力金融,9.31,9.31,9.31,9.3,1671,1555695,0.0,0.11
2026-01-14 10:07:00,sh600318,新力金融,9.32,9.31,9.32,9.3,664,618491,0.0,0.21
2026-01-14 10:08:00,sh600318,新力金融,9.3,9.31,9.32,9.3,878,817772,0.0,0.21
2026-01-14 10:09:00,sh600318,新力金融,9.31,9.31,9.32,9.31,246,229135,0.0,0.11
2026-01-14 10:10:00,sh600318,新力金融,9.31,9.31,9.31,9.3,986,917847,0.0,0.11
2026-01-14 10:11:00,sh600318,新力金融,9.31,9.33,9.33,9.31,847,789025,0.21,0.21
2026-01-14 10:12:00,sh600318,新力金融,9.32,9.33,9.33,9.32,863,804507,0.0,0.11
2026-01-14 10:13:00,sh600318,新力金融,9.32,9.32,9.33,9.32,511,476284,-0.11,0.11
2026-01-14 10:14:00,sh600318,新力金融,9.32,9.33,9.33,9.32,830,773506,0.11,0.11
2026-01-14 10:15:00,sh600318,新力金融,9.32,9.32,9.32,9.32,388,361616,-0.11,0.0
2026-01-14 10:16:00,sh600318,新力金融,9.32,9.31,9.33,9.31,275,256268,-0.11,0.21
2026-01-14 10:17:00,sh600318,新力金融,9.32,9.31,9.32,9.31,215,200239,0.0,0.11
2026-01-14 10:18:00,sh600318,新力金融,9.32,9.31,9.32,9.31,917,853780,0.0,0.11
2026-01-14 10:19:00,sh600318,新力金融,9.31,9.32,9.32,9.31,648,603362,0.11,0.11
2026-01-14 10:20:00,sh600318,新力金融,9.31,9.31,9.32,9.31,582,542219,-0.11,0.11
2026-01-14 10:21:00,sh600318,新力金融,9.31,9.31,9.32,9.31,615,572588,0.0,0.11
2026-01-14 10:22:00,sh600318,新力金融,9.32,9.32,9.32,9.31,799,744620,0.11,0.11
2026-01-14 10:23:00,sh600318,新力金融,9.31,9.32,9.32,9.31,427,397585,0.0,0.11
2026-01-14 10:24:00,sh600318,新力金融,9.31,9.3,9.31,9.3,255,237223,-0.21,0.11
2026-01-14 10:25:00,sh600318,新力金融,9.3,9.3,9.31,9.3,1260,1172515,0.0,0.11
2026-01-14 10:26:00,sh600318,新力金融,9.3,9.32,9.32,9.3,840,782159,0.22,0.22
2026-01-14 10:27:00,sh600318,新力金融,9.32,9.32,9.32,9.31,424,395093,0.0,0.11
2026-01-14 10:28:00,sh600318,新力金融,9.31,9.32,9.32,9.31,847,789310,0.0,0.11
2026-01-14 10:29:00,sh600318,新力金融,9.32,9.32,9.33,9.32,271,252615,0.0,0.11
2026-01-14 10:30:00,sh600318,新力金融,9.33,9.32,9.33,9.32,402,374881,0.0,0.11
2026-01-14 10:31:00,sh600318,新力金融,9.32,9.33,9.33,9.32,175,163164,0.11,0.11
2026-01-14 10:32:00,sh600318,新力金融,9.33,9.32,9.33,9.32,297,276847,-0.11,0.11
2026-01-14 10:33:00,sh600318,新力金融,9.32,9.32,9.33,9.32,2686,2503758,0.0,0.11
2026-01-14 10:34:00,sh600318,新力金融,9.32,9.32,9.33,9.32,597,556375,0.0,0.11
2026-01-14 10:35:00,sh600318,新力金融,9.32,9.35,9.35,9.32,3635,3392622,0.32,0.32
2026-01-14 10:36:00,sh600318,新力金融,9.34,9.33,9.35,9.33,213,198917,-0.21,0.21
2026-01-14 10:37:00,sh600318,新力金融,9.34,9.34,9.34,9.33,182,169949,0.11,0.11
2026-01-14 10:38:00,sh600318,新力金融,9.34,9.34,9.34,9.33,870,812542,0.0,0.11
2026-01-14 10:39:00,sh600318,新力金融,9.34,9.35,9.35,9.34,291,271868,0.11,0.11
2026-01-14 10:40:00,sh600318,新力金融,9.35,9.35,9.35,9.34,1446,1351892,0.0,0.11
2026-01-14 10:41:00,sh600318,新力金融,9.35,9.34,9.35,9.34,434,405501,-0.11,0.11
2026-01-14 10:42:00,sh600318,新力金融,9.34,9.34,9.35,9.34,1137,1062136,0.0,0.11
2026-01-14 10:43:00,sh600318,新力金融,9.34,9.37,9.38,9.34,3716,3476575,0.32,0.43
2026-01-14 10:44:00,sh600318,新力金融,9.38,9.38,9.38,9.37,2356,2209853,0.11,0.11
2026-01-14 10:45:00,sh600318,新力金融,9.39,9.38,9.39,9.38,1044,980243,0.0,0.11
2026-01-14 10:46:00,sh600318,新力金融,9.38,9.38,9.38,9.37,1017,953779,0.0,0.11
2026-01-14 10:47:00,sh600318,新力金融,9.37,9.37,9.38,9.37,776,727137,-0.11,0.11
2026-01-14 10:48:00,sh600318,新力金融,9.37,9.37,9.37,9.37,900,843309,0.0,0.0
2026-01-14 10:49:00,sh600318,新力金融,9.37,9.36,9.37,9.35,1882,1761613,-0.11,0.21
2026-01-14 10:50:00,sh600318,新力金融,9.35,9.34,9.36,9.34,1181,1104086,-0.21,0.21
2026-01-14 10:51:00,sh600318,新力金融,9.35,9.35,9.35,9.34,931,869649,0.11,0.11
2026-01-14 10:52:00,sh600318,新力金融,9.34,9.34,9.35,9.34,95,88734,-0.11,0.11
2026-01-14 10:53:00,sh600318,新力金融,9.34,9.34,9.34,9.34,622,580955,0.0,0.0
2026-01-14 10:54:00,sh600318,新力金融,9.34,9.33,9.34,9.33,443,413373,-0.11,0.11
2026-01-14 10:55:00,sh600318,新力金融,9.33,9.35,9.35,9.33,879,821368,0.21,0.21
2026-01-14 10:56:00,sh600318,新力金融,9.35,9.35,9.35,9.35,436,407685,0.0,0.0
2026-01-14 10:57:00,sh600318,新力金融,9.36,9.36,9.36,9.34,244,228166,0.11,0.21
2026-01-14 10:58:00,sh600318,新力金融,9.36,9.35,9.36,9.35,247,231091,-0.11,0.11
2026-01-14 10:59:00,sh600318,新力金融,9.35,9.35,9.36,9.35,272,254399,0.0,0.11
2026-01-14 11:00:00,sh600318,新力金融,9.36,9.36,9.36,9.35,208,194541,0.11,0.11
2026-01-14 11:01:00,sh600318,新力金融,9.35,9.35,9.36,9.34,1439,1345214,-0.11,0.21
2026-01-14 11:02:00,sh600318,新力金融,9.35,9.34,9.35,9.34,65,60712,-0.11,0.11
2026-01-14 11:03:00,sh600318,新力金融,9.35,9.35,9.35,9.34,481,449467,0.11,0.11
2026-01-14 11:04:00,sh600318,新力金融,9.35,9.35,9.35,9.34,638,596327,0.0,0.11
2026-01-14 11:05:00,sh600318,新力金融,9.35,9.36,9.36,9.35,1128,1054696,0.11,0.11
2026-01-14 11:06:00,sh600318,新力金融,9.35,9.38,9.38,9.35,2986,2796676,0.21,0.32
2026-01-14 11:07:00,sh600318,新力金融,9.38,9.38,9.38,9.37,1206,1130548,0.0,0.11
2026-01-14 11:08:00,sh600318,新力金融,9.37,9.38,9.38,9.37,1237,1160069,0.0,0.11
2026-01-14 11:09:00,sh600318,新力金融,9.38,9.4,9.4,9.38,3924,3685247,0.21,0.21
2026-01-14 11:10:00,sh600318,新力金融,9.4,9.41,9.42,9.4,2994,2816000,0.11,0.21
2026-01-14 11:11:00,sh600318,新力金融,9.41,9.41,9.41,9.4,787,740565,0.0,0.11
2026-01-14 11:12:00,sh600318,新力金融,9.41,9.4,9.41,9.4,753,708413,-0.11,0.11
2026-01-14 11:13:00,sh600318,新力金融,9.41,9.46,9.47,9.4,8862,8360125,0.64,0.74
2026-01-14 11:14:00,sh600318,新力金融,9.45,9.45,9.46,9.43,2973,2809014,-0.11,0.32
2026-01-14 11:15:00,sh600318,新力金融,9.45,9.45,9.47,9.44,2894,2736831,0.0,0.32
2026-01-14 11:16:00,sh600318,新力金融,9.45,9.41,9.45,9.41,2563,2416955,-0.42,0.42
2026-01-14 11:17:00,sh600318,新力金融,9.41,9.42,9.42,9.41,1080,1016790,0.11,0.11
2026-01-14 11:18:00,sh600318,新力金融,9.42,9.41,9.42,9.4,725,682336,-0.11,0.21
2026-01-14 11:19:00,sh600318,新力金融,9.41,9.42,9.42,9.4,1131,1064675,0.11,0.21
2026-01-14 11:20:00,sh600318,新力金融,9.42,9.44,9.44,9.41,1840,1734398,0.21,0.32
2026-01-14 11:21:00,sh600318,新力金融,9.45,9.44,9.45,9.44,906,855558,0.0,0.11
2026-01-14 11:22:00,sh600318,新力金融,9.44,9.44,9.45,9.43,1425,1345094,0.0,0.21
2026-01-14 11:23:00,sh600318,新力金融,9.43,9.43,9.44,9.43,925,872582,-0.11,0.11
2026-01-14 11:24:00,sh600318,新力金融,9.44,9.43,9.44,9.42,1299,1224406,0.0,0.21
2026-01-14 11:25:00,sh600318,新力金融,9.42,9.42,9.44,9.42,941,887381,-0.11,0.21
2026-01-14 11:26:00,sh600318,新力金融,9.43,9.42,9.43,9.42,513,483556,0.0,0.11
2026-01-14 11:27:00,sh600318,新力金融,9.42,9.42,9.43,9.42,845,796161,0.0,0.11
2026-01-14 11:28:00,sh600318,新力金融,9.42,9.42,9.43,9.41,1484,1397082,0.0,0.21
2026-01-14 11:29:00,sh600318,新力金融,9.42,9.41,9.42,9.41,458,430977,-0.11,0.11
2026-01-14 11:30:00,sh600318,新力金融,9.41,9.42,9.42,9.41,1145,1078149,0.11,0.11
2026-01-14 13:01:00,sh600318,新力金融,9.42,9.37,9.42,9.37,4447,4182719,-0.53,0.53
2026-01-14 13:02:00,sh600318,新力金融,9.37,9.35,9.38,9.35,1891,1769403,-0.21,0.32
2026-01-14 13:03:00,sh600318,新力金融,9.35,9.37,9.37,9.34,1367,1279338,0.21,0.32
2026-01-14 13:04:00,sh600318,新力金融,9.37,9.33,9.37,9.32,2396,2239602,-0.43,0.53
2026-01-14 13:05:00,sh600318,新力金融,9.33,9.34,9.34,9.33,1656,1545056,0.11,0.11
2026-01-14 13:06:00,sh600318,新力金融,9.34,9.32,9.34,9.32,2186,2039190,-0.21,0.21
2026-01-14 13:07:00,sh600318,新力金融,9.32,9.31,9.32,9.3,1114,1037203,-0.11,0.21
2026-01-14 13:08:00,sh600318,新力金融,9.31,9.28,9.31,9.28,2216,2059634,-0.32,0.32
2026-01-14 13:09:00,sh600318,新力金融,9.29,9.27,9.29,9.26,2361,2189268,-0.11,0.32
2026-01-14 13:10:00,sh600318,新力金融,9.26,9.28,9.29,9.26,2385,2211120,0.11,0.32
2026-01-14 13:11:00,sh600318,新力金融,9.28,9.28,9.3,9.27,2462,2286027,0.0,0.32
2026-01-14 13:12:00,sh600318,新力金融,9.29,9.3,9.3,9.29,806,749509,0.22,0.11
2026-01-14 13:13:00,sh600318,新力金融,9.3,9.27,9.3,9.27,1325,1230301,-0.32,0.32
2026-01-14 13:14:00,sh600318,新力金融,9.27,9.24,9.27,9.24,2366,2189946,-0.32,0.32
2026-01-14 13:15:00,sh600318,新力金融,9.24,9.25,9.26,9.24,819,757575,0.11,0.22
2026-01-14 13:16:00,sh600318,新力金融,9.24,9.23,9.25,9.22,2542,2347367,-0.22,0.32
2026-01-14 13:17:00,sh600318,新力金融,9.23,9.19,9.23,9.19,5647,5195802,-0.43,0.43
2026-01-14 13:18:00,sh600318,新力金融,9.2,9.22,9.22,9.19,3986,3665875,0.33,0.33
2026-01-14 13:19:00,sh600318,新力金融,9.22,9.24,9.25,9.21,534,492734,0.22,0.43
2026-01-14 13:20:00,sh600318,新力金融,9.24,9.25,9.25,9.23,1119,1033890,0.11,0.22
2026-01-14 13:21:00,sh600318,新力金融,9.25,9.27,9.27,9.25,1222,1130659,0.22,0.22
2026-01-14 13:22:00,sh600318,新力金融,9.26,9.24,9.27,9.24,1869,1730404,-0.32,0.32
2026-01-14 13:23:00,sh600318,新力金融,9.25,9.23,9.25,9.23,1137,1049171,-0.11,0.22
2026-01-14 13:24:00,sh600318,新力金融,9.23,9.22,9.23,9.21,707,651587,-0.11,0.22
2026-01-14 13:25:00,sh600318,新力金融,9.21,9.24,9.24,9.21,654,603287,0.22,0.33
2026-01-14 13:26:00,sh600318,新力金融,9.24,9.22,9.24,9.22,1126,1038607,-0.22,0.22
2026-01-14 13:27:00,sh600318,新力金融,9.22,9.22,9.23,9.21,324,298695,0.0,0.22
2026-01-14 13:28:00,sh600318,新力金融,9.23,9.24,9.24,9.21,377,347605,0.22,0.33
2026-01-14 13:29:00,sh600318,新力金融,9.23,9.24,9.24,9.23,399,368512,0.0,0.11
2026-01-14 13:30:00,sh600318,新力金融,9.24,9.25,9.25,9.24,158,146034,0.11,0.11
2026-01-14 13:31:00,sh600318,新力金融,9.25,9.27,9.27,9.24,713,659724,0.22,0.32
2026-01-14 13:32:00,sh600318,新力金融,9.27,9.24,9.27,9.24,835,772748,-0.32,0.32
2026-01-14 13:33:00,sh600318,新力金融,9.25,9.24,9.25,9.24,529,488915,0.0,0.11
2026-01-14 13:34:00,sh600318,新力金融,9.24,9.23,9.24,9.23,264,243925,-0.11,0.11
2026-01-14 13:35:00,sh600318,新力金融,9.24,9.22,9.24,9.22,1025,945981,-0.11,0.22
2026-01-14 13:36:00,sh600318,新力金融,9.23,9.22,9.23,9.22,1491,1374728,0.0,0.11
2026-01-14 13:37:00,sh600318,新力金融,9.22,9.24,9.24,9.22,382,352435,0.22,0.22
2026-01-14 13:38:00,sh600318,新力金融,9.24,9.25,9.25,9.23,132,122039,0.11,0.22
2026-01-14 13:39:00,sh600318,新力金融,9.25,9.26,9.26,9.25,339,313603,0.11,0.11
2026-01-14 13:40:00,sh600318,新力金融,9.25,9.23,9.25,9.23,798,737619,-0.32,0.22
2026-01-14 13:41:00,sh600318,新力金融,9.23,9.23,9.24,9.22,697,643430,0.0,0.22
2026-01-14 13:42:00,sh600318,新力金融,9.22,9.23,9.23,9.22,240,221303,0.0,0.11
2026-01-14 13:43:00,sh600318,新力金融,9.23,9.23,9.23,9.22,454,419005,0.0,0.11
2026-01-14 13:44:00,sh600318,新力金融,9.22,9.22,9.23,9.22,150,138368,-0.11,0.11
2026-01-14 13:45:00,sh600318,新力金融,9.22,9.21,9.22,9.21,1044,962509,-0.11,0.11
2026-01-14 13:46:00,sh600318,新力金融,9.21,9.22,9.22,9.21,353,325168,0.11,0.11
2026-01-14 13:47:00,sh600318,新力金融,9.22,9.21,9.22,9.21,360,331581,-0.11,0.11
2026-01-14 13:48:00,sh600318,新力金融,9.21,9.22,9.22,9.21,1019,939076,0.11,0.11
2026-01-14 13:49:00,sh600318,新力金融,9.21,9.22,9.22,9.21,90,82939,0.0,0.11
2026-01-14 13:50:00,sh600318,新力金融,9.21,9.19,9.21,9.19,2552,2348767,-0.33,0.22
2026-01-14 13:51:00,sh600318,新力金融,9.2,9.19,9.2,9.19,429,394305,0.0,0.11
2026-01-14 13:52:00,sh600318,新力金融,9.2,9.22,9.22,9.19,876,806000,0.33,0.33
2026-01-14 13:53:00,sh600318,新力金融,9.2,9.2,9.21,9.2,86,79149,-0.22,0.11
2026-01-14 13:54:00,sh600318,新力金融,9.2,9.19,9.2,9.19,843,775228,-0.11,0.11
2026-01-14 13:55:00,sh600318,新力金融,9.2,9.19,9.2,9.19,632,580870,0.0,0.11
2026-01-14 13:56:00,sh600318,新力金融,9.2,9.18,9.2,9.18,714,656049,-0.11,0.22
2026-01-14 13:57:00,sh600318,新力金融,9.18,9.18,9.19,9.18,1716,1575324,0.0,0.11
2026-01-14 13:58:00,sh600318,新力金融,9.18,9.16,9.18,9.16,2216,2031710,-0.22,0.22
2026-01-14 13:59:00,sh600318,新力金融,9.16,9.15,9.16,9.15,3388,3101319,-0.11,0.11
2026-01-14 14:00:00,sh600318,新力金融,9.15,9.13,9.15,9.13,1547,1414321,-0.22,0.22
2026-01-14 14:01:00,sh600318,新力金融,9.13,9.11,9.14,9.11,2340,2134636,-0.22,0.33
2026-01-14 14:02:00,sh600318,新力金融,9.11,9.14,9.14,9.11,2418,2207354,0.33,0.33
2026-01-14 14:03:00,sh600318,新力金融,9.14,9.15,9.15,9.14,1316,1203428,0.11,0.11
2026-01-14 14:04:00,sh600318,新力金融,9.14,9.16,9.16,9.14,668,611400,0.11,0.22
2026-01-14 14:05:00,sh600318,新力金融,9.16,9.17,9.17,9.16,1256,1150418,0.11,0.11
2026-01-14 14:06:00,sh600318,新力金融,9.17,9.15,9.17,9.14,1866,1708568,-0.22,0.33
2026-01-14 14:07:00,sh600318,新力金融,9.14,9.13,9.15,9.13,1874,1712379,-0.22,0.22
2026-01-14 14:08:00,sh600318,新力金融,9.13,9.12,9.13,9.12,1907,1739440,-0.11,0.11
2026-01-14 14:09:00,sh600318,新力金融,9.12,9.14,9.14,9.12,1261,1150645,0.22,0.22
2026-01-14 14:10:00,sh600318,新力金融,9.14,9.15,9.15,9.14,471,430510,0.11,0.11
2026-01-14 14:11:00,sh600318,新力金融,9.15,9.17,9.17,9.15,1311,1199982,0.22,0.22
2026-01-14 14:12:00,sh600318,新力金融,9.17,9.18,9.18,9.16,579,531097,0.11,0.22
2026-01-14 14:13:00,sh600318,新力金融,9.18,9.18,9.19,9.17,306,280887,0.0,0.22
2026-01-14 14:14:00,sh600318,新力金融,9.19,9.19,9.19,9.18,618,567872,0.11,0.11
2026-01-14 14:15:00,sh600318,新力金融,9.19,9.19,9.19,9.18,216,198326,0.0,0.11
2026-01-14 14:16:00,sh600318,新力金融,9.19,9.17,9.19,9.17,895,821696,-0.22,0.22
2026-01-14 14:17:00,sh600318,新力金融,9.18,9.18,9.19,9.17,373,342397,0.11,0.22
2026-01-14 14:18:00,sh600318,新力金融,9.18,9.19,9.19,9.18,186,170751,0.11,0.11
2026-01-14 14:19:00,sh600318,新力金融,9.18,9.18,9.18,9.17,521,478250,-0.11,0.11
2026-01-14 14:20:00,sh600318,新力金融,9.18,9.18,9.19,9.18,201,184512,0.0,0.11
2026-01-14 14:21:00,sh600318,新力金融,9.19,9.19,9.19,9.18,626,574718,0.11,0.11
2026-01-14 14:22:00,sh600318,新力金融,9.19,9.18,9.19,9.18,326,299310,-0.11,0.11
2026-01-14 14:23:00,sh600318,新力金融,9.18,9.18,9.19,9.18,702,644456,0.0,0.11
2026-01-14 14:24:00,sh600318,新力金融,9.19,9.18,9.19,9.18,32,29379,0.0,0.11
2026-01-14 14:25:00,sh600318,新力金融,9.19,9.2,9.2,9.18,1353,1243448,0.22,0.22
2026-01-14 14:26:00,sh600318,新力金融,9.18,9.22,9.22,9.18,1156,1063891,0.22,0.43
2026-01-14 14:27:00,sh600318,新力金融,9.22,9.22,9.22,9.22,585,539360,0.0,0.0
2026-01-14 14:28:00,sh600318,新力金融,9.21,9.22,9.22,9.21,704,648991,0.0,0.11
2026-01-14 14:29:00,sh600318,新力金融,9.22,9.22,9.22,9.21,209,192492,0.0,0.11
2026-01-14 14:30:00,sh600318,新力金融,9.21,9.22,9.22,9.21,312,287469,0.0,0.11
2026-01-14 14:31:00,sh600318,新力金融,9.22,9.21,9.22,9.21,314,289474,-0.11,0.11
2026-01-14 14:32:00,sh600318,新力金融,9.21,9.2,9.22,9.2,953,877534,-0.11,0.22
2026-01-14 14:33:00,sh600318,新力金融,9.2,9.19,9.2,9.19,633,582183,-0.11,0.11
2026-01-14 14:34:00,sh600318,新力金融,9.19,9.19,9.2,9.19,227,208627,0.0,0.11
2026-01-14 14:35:00,sh600318,新力金融,9.19,9.18,9.19,9.18,702,644590,-0.11,0.11
2026-01-14 14:36:00,sh600318,新力金融,9.18,9.18,9.19,9.18,351,322368,0.0,0.11
2026-01-14 14:37:00,sh600318,新力金融,9.18,9.18,9.19,9.17,801,734805,0.0,0.22
2026-01-14 14:38:00,sh600318,新力金融,9.17,9.19,9.19,9.17,1281,1176581,0.11,0.22
2026-01-14 14:39:00,sh600318,新力金融,9.18,9.18,9.19,9.18,216,198293,-0.11,0.11
2026-01-14 14:40:00,sh600318,新力金融,9.18,9.18,9.19,9.18,160,147016,0.0,0.11
2026-01-14 14:41:00,sh600318,新力金融,9.18,9.19,9.19,9.18,463,425055,0.11,0.11
2026-01-14 14:42:00,sh600318,新力金融,9.19,9.18,9.19,9.18,81,74405,-0.11,0.11
2026-01-14 14:43:00,sh600318,新力金融,9.19,9.19,9.19,9.18,802,736495,0.11,0.11
2026-01-14 14:44:00,sh600318,新力金融,9.18,9.19,9.2,9.18,1327,1219687,0.0,0.22
2026-01-14 14:45:00,sh600318,新力金融,9.19,9.21,9.21,9.19,964,886776,0.22,0.22
2026-01-14 14:46:00,sh600318,新力金融,9.21,9.21,9.21,9.21,493,454087,0.0,0.0
2026-01-14 14:47:00,sh600318,新力金融,9.22,9.22,9.22,9.21,1221,1125409,0.11,0.11
2026-01-14 14:48:00,sh600318,新力金融,9.21,9.22,9.22,9.21,570,525517,0.0,0.11
2026-01-14 14:49:00,sh600318,新力金融,9.22,9.22,9.22,9.21,1474,1358694,0.0,0.11
2026-01-14 14:50:00,sh600318,新力金融,9.21,9.21,9.22,9.21,1215,1119854,-0.11,0.11
2026-01-14 14:51:00,sh600318,新力金融,9.2,9.22,9.23,9.2,1800,1658589,0.11,0.33
2026-01-14 14:52:00,sh600318,新力金融,9.22,9.21,9.22,9.21,108,99545,-0.11,0.11
2026-01-14 14:53:00,sh600318,新力金融,9.21,9.23,9.23,9.21,1389,1280226,0.22,0.22
2026-01-14 14:54:00,sh600318,新力金融,9.23,9.21,9.23,9.21,976,899626,-0.22,0.22
2026-01-14 14:55:00,sh600318,新力金融,9.21,9.22,9.22,9.21,541,498571,0.11,0.11
2026-01-14 14:56:00,sh600318,新力金融,9.21,9.22,9.22,9.2,1319,1214972,0.0,0.22
2026-01-14 14:57:00,sh600318,新力金融,9.21,9.21,9.22,9.2,1120,1031438,-0.11,0.22
2026-01-14 14:58:00,sh600318,新力金融,9.21,9.21,9.21,9.21,50,46050,0.0,0.0
2026-01-14 14:59:00,sh600318,新力金融,9.21,9.21,9.21,9.21,0,0,0.0,0.0
2026-01-14 15:00:00,sh600318,新力金融,9.22,9.22,9.22,9.22,1567,1444009,0.11,0.0
2026-01-15 09:30:00,sh600318,新力金融,9.15,9.15,9.15,9.15,1022,935130,0.0,0.0
2026-01-15 09:31:00,sh600318,新力金融,9.13,9.17,9.18,9.13,1796,1644812,0.22,0.55
2026-01-15 09:32:00,sh600318,新力金融,9.17,9.16,9.17,9.13,2077,1900040,-0.11,0.44
2026-01-15 09:33:00,sh600318,新力金融,9.16,9.16,9.17,9.15,915,837920,0.0,0.22
2026-01-15 09:34:00,sh600318,新力金融,9.17,9.15,9.18,9.15,1412,1293782,-0.11,0.33
2026-01-15 09:35:00,sh600318,新力金融,9.16,9.18,9.18,9.15,642,588049,0.33,0.33
2026-01-15 09:36:00,sh600318,新力金融,9.16,9.12,9.17,9.12,3853,3523959,-0.65,0.54
2026-01-15 09:37:00,sh600318,新力金融,9.12,9.15,9.15,9.11,3091,2820894,0.33,0.44
2026-01-15 09:38:00,sh600318,新力金融,9.15,9.12,9.15,9.12,1813,1655210,-0.33,0.33
2026-01-15 09:39:00,sh600318,新力金融,9.12,9.08,9.12,9.06,5392,4904968,-0.44,0.66
2026-01-15 09:40:00,sh600318,新力金融,9.08,9.1,9.1,9.08,1221,1110071,0.22,0.22
2026-01-15 09:41:00,sh600318,新力金融,9.1,9.1,9.1,9.07,4244,3853870,0.0,0.33
2026-01-15 09:42:00,sh600318,新力金融,9.1,9.13,9.13,9.09,2465,2245536,0.33,0.44
2026-01-15 09:43:00,sh600318,新力金融,9.13,9.12,9.14,9.12,997,909957,-0.11,0.22
2026-01-15 09:44:00,sh600318,新力金融,9.12,9.12,9.13,9.12,738,673441,0.0,0.11
2026-01-15 09:45:00,sh600318,新力金融,9.12,9.14,9.14,9.12,788,719743,0.22,0.22
2026-01-15 09:46:00,sh600318,新力金融,9.13,9.11,9.13,9.1,1344,1225051,-0.33,0.33
2026-01-15 09:47:00,sh600318,新力金融,9.12,9.1,9.12,9.1,650,591831,-0.11,0.22
2026-01-15 09:48:00,sh600318,新力金融,9.1,9.1,9.11,9.1,868,789982,0.0,0.11
2026-01-15 09:49:00,sh600318,新力金融,9.09,9.11,9.12,9.09,3776,3436130,0.11,0.33
2026-01-15 09:50:00,sh600318,新力金融,9.09,9.1,9.11,9.09,993,903026,-0.11,0.22
2026-01-15 09:51:00,sh600318,新力金融,9.1,9.1,9.1,9.09,414,376570,0.0,0.11
2026-01-15 09:52:00,sh600318,新力金融,9.1,9.1,9.1,9.09,193,175492,0.0,0.11
2026-01-15 09:53:00,sh600318,新力金融,9.09,9.09,9.09,9.09,2165,1968149,-0.11,0.0
2026-01-15 09:54:00,sh600318,新力金融,9.09,9.09,9.09,9.08,1198,1087830,0.0,0.11
2026-01-15 09:55:00,sh600318,新力金融,9.09,9.09,9.09,9.08,1059,962591,0.0,0.11
2026-01-15 09:56:00,sh600318,新力金融,9.09,9.1,9.1,9.09,546,496585,0.11,0.11
2026-01-15 09:57:00,sh600318,新力金融,9.1,9.13,9.13,9.09,3131,2850023,0.33,0.44
2026-01-15 09:58:00,sh600318,新力金融,9.13,9.14,9.14,9.13,1128,1030267,0.11,0.11
2026-01-15 09:59:00,sh600318,新力金融,9.14,9.13,9.15,9.13,1826,1669065,-0.11,0.22
2026-01-15 10:00:00,sh600318,新力金融,9.13,9.13,9.13,9.13,302,275748,0.0,0.0
2026-01-15 10:01:00,sh600318,新力金融,9.13,9.12,9.13,9.12,497,453345,-0.11,0.11
2026-01-15 10:02:00,sh600318,新力金融,9.11,9.11,9.12,9.1,621,565592,-0.11,0.22
2026-01-15 10:03:00,sh600318,新力金融,9.1,9.11,9.11,9.1,359,326795,0.0,0.11
2026-01-15 10:04:00,sh600318,新力金融,9.11,9.09,9.11,9.09,1145,1041752,-0.22,0.22
2026-01-15 10:05:00,sh600318,新力金融,9.09,9.09,9.1,9.09,386,350942,0.0,0.11
2026-01-15 10:06:00,sh600318,新力金融,9.09,9.09,9.1,9.08,1875,1704348,0.0,0.22
2026-01-15 10:07:00,sh600318,新力金融,9.08,9.07,9.08,9.07,2567,2330209,-0.22,0.11
2026-01-15 10:08:00,sh600318,新力金融,9.07,9.06,9.08,9.06,3595,3261705,-0.11,0.22
2026-01-15 10:09:00,sh600318,新力金融,9.06,9.08,9.08,9.06,1167,1057730,0.22,0.22
2026-01-15 10:10:00,sh600318,新力金融,9.08,9.07,9.08,9.07,1234,1119274,-0.11,0.11
2026-01-15 10:11:00,sh600318,新力金融,9.06,9.07,9.07,9.06,1058,959429,0.0,0.11
2026-01-15 10:12:00,sh600318,新力金融,9.07,9.08,9.08,9.07,1258,1141637,0.11,0.11
2026-01-15 10:13:00,sh600318,新力金融,9.07,9.07,9.07,9.06,669,606753,-0.11,0.11
2026-01-15 10:14:00,sh600318,新力金融,9.06,9.06,9.07,9.06,948,859275,-0.11,0.11
2026-01-15 10:15:00,sh600318,新力金融,9.07,9.07,9.07,9.06,660,598496,0.11,0.11
2026-01-15 10:16:00,sh600318,新力金融,9.06,9.08,9.08,9.06,495,448984,0.11,0.22
2026-01-15 10:17:00,sh600318,新力金融,9.08,9.08,9.08,9.07,242,219672,0.0,0.11
2026-01-15 10:18:00,sh600318,新力金融,9.08,9.07,9.08,9.07,679,616068,-0.11,0.11
2026-01-15 10:19:00,sh600318,新力金融,9.07,9.06,9.07,9.06,1367,1239428,-0.11,0.11
2026-01-15 10:20:00,sh600318,新力金融,9.06,9.05,9.07,9.05,3235,2930738,-0.11,0.22
2026-01-15 10:21:00,sh600318,新力金融,9.05,9.05,9.06,9.05,2406,2177067,0.0,0.11
2026-01-15 10:22:00,sh600318,新力金融,9.05,9.04,9.05,9.04,951,860634,-0.11,0.11
2026-01-15 10:23:00,sh600318,新力金融,9.05,9.05,9.05,9.04,1648,1490137,0.11,0.11
2026-01-15 10:24:00,sh600318,新力金融,9.05,9.05,9.05,9.04,938,848363,0.0,0.11
2026-01-15 10:25:00,sh600318,新力金融,9.05,9.05,9.05,9.04,560,506769,0.0,0.11
2026-01-15 10:26:00,sh600318,新力金融,9.04,9.04,9.05,9.04,1489,1346119,-0.11,0.11
2026-01-15 10:27:00,sh600318,新力金融,9.04,9.04,9.04,9.03,918,829978,0.0,0.11
2026-01-15 10:28:00,sh600318,新力金融,9.04,9.03,9.04,9.03,978,883494,-0.11,0.11
2026-01-15 10:29:00,sh600318,新力金融,9.04,9.04,9.04,9.03,691,624480,0.11,0.11
2026-01-15 10:30:00,sh600318,新力金融,9.04,9.03,9.04,9.03,915,826828,-0.11,0.11
2026-01-15 10:31:00,sh600318,新力金融,9.03,9.04,9.04,9.03,1601,1445845,0.11,0.11
2026-01-15 10:32:00,sh600318,新力金融,9.04,9.04,9.05,9.03,1936,1751084,0.0,0.22
2026-01-15 10:33:00,sh600318,新力金融,9.05,9.04,9.05,9.03,864,781024,0.0,0.22
2026-01-15 10:34:00,sh600318,新力金融,9.03,9.03,9.04,9.03,485,438214,-0.11,0.11
2026-01-15 10:35:00,sh600318,新力金融,9.04,9.03,9.04,9.03,326,294601,0.0,0.11
2026-01-15 10:36:00,sh600318,新力金融,9.03,9.04,9.04,9.03,795,718220,0.11,0.11
2026-01-15 10:37:00,sh600318,新力金融,9.04,9.05,9.05,9.04,803,725878,0.11,0.11
2026-01-15 10:38:00,sh600318,新力金融,9.04,9.05,9.05,9.04,589,532661,0.0,0.11
2026-01-15 10:39:00,sh600318,新力金融,9.04,9.05,9.05,9.04,325,294124,0.0,0.11
2026-01-15 10:40:00,sh600318,新力金融,9.04,9.05,9.05,9.04,465,420719,0.0,0.11
2026-01-15 10:41:00,sh600318,新力金融,9.05,9.05,9.05,9.05,210,190050,0.0,0.0
2026-01-15 10:42:00,sh600318,新力金融,9.05,9.05,9.05,9.04,471,426144,0.0,0.11
2026-01-15 10:43:00,sh600318,新力金融,9.05,9.05,9.05,9.04,804,726881,0.0,0.11
2026-01-15 10:44:00,sh600318,新力金融,9.04,9.04,9.05,9.03,2046,1849461,-0.11,0.22
2026-01-15 10:45:00,sh600318,新力金融,9.04,9.03,9.04,9.02,2200,1986549,-0.11,0.22
2026-01-15 10:46:00,sh600318,新力金融,9.02,9.03,9.03,9.02,744,671148,0.0,0.11
2026-01-15 10:47:00,sh600318,新力金融,9.03,9.02,9.03,9.01,3041,2742797,-0.11,0.22
2026-01-15 10:48:00,sh600318,新力金融,9.01,9.01,9.02,9.0,3120,2811223,-0.11,0.22
2026-01-15 10:49:00,sh600318,新力金融,9.01,9.01,9.02,9.0,6045,5442662,0.0,0.22
2026-01-15 10:50:00,sh600318,新力金融,9.01,9.02,9.02,9.01,255,229989,0.11,0.11
2026-01-15 10:51:00,sh600318,新力金融,9.02,9.02,9.02,9.01,656,591670,0.0,0.11
2026-01-15 10:52:00,sh600318,新力金融,9.02,9.02,9.02,9.01,313,282273,0.0,0.11
2026-01-15 10:53:00,sh600318,新力金融,9.02,9.01,9.02,9.01,900,810940,-0.11,0.11
2026-01-15 10:54:00,sh600318,新力金融,9.01,9.02,9.02,9.01,523,471601,0.11,0.11
2026-01-15 10:55:00,sh600318,新力金融,9.02,9.01,9.02,9.01,849,765084,-0.11,0.11
2026-01-15 10:56:00,sh600318,新力金融,9.01,9.02,9.02,9.01,587,529412,0.11,0.11
2026-01-15 10:57:00,sh600318,新力金融,9.02,9.01,9.02,9.01,357,321794,-0.11,0.11
2026-01-15 10:58:00,sh600318,新力金融,9.01,9.01,9.02,9.01,357,321794,0.0,0.11
2026-01-15 10:59:00,sh600318,新力金融,9.01,9.0,9.02,9.0,1994,1796479,-0.11,0.22
2026-01-15 11:00:00,sh600318,新力金融,9.01,9.0,9.01,9.0,414,372665,0.0,0.11
2026-01-15 11:01:00,sh600318,新力金融,9.0,9.0,9.01,9.0,2084,1875735,0.0,0.11
2026-01-15 11:02:00,sh600318,新力金融,9.0,9.0,9.01,8.99,1837,1653176,0.0,0.22
2026-01-15 11:03:00,sh600318,新力金融,8.99,8.98,8.99,8.98,2936,2637710,-0.22,0.11
2026-01-15 11:04:00,sh600318,新力金融,8.97,8.99,8.99,8.97,929,834207,0.11,0.22
2026-01-15 11:05:00,sh600318,新力金融,8.99,9.0,9.0,8.99,821,738591,0.11,0.11
2026-01-15 11:06:00,sh600318,新力金融,9.0,9.01,9.01,9.0,827,744584,0.11,0.11
2026-01-15 11:07:00,sh600318,新力金融,9.01,9.01,9.02,9.01,537,483851,0.0,0.11
2026-01-15 11:08:00,sh600318,新力金融,9.01,9.01,9.01,9.0,95,85578,0.0,0.11
2026-01-15 11:09:00,sh600318,新力金融,9.0,9.0,9.0,9.0,148,133200,-0.11,0.0
2026-01-15 11:10:00,sh600318,新力金融,9.0,9.0,9.01,9.0,385,346518,0.0,0.11
2026-01-15 11:11:00,sh600318,新力金融,9.01,9.0,9.01,9.0,107,96376,0.0,0.11
2026-01-15 11:12:00,sh600318,新力金融,9.0,9.01,9.01,9.0,222,199921,0.11,0.11
2026-01-15 11:13:00,sh600318,新力金融,9.01,9.01,9.01,9.0,283,254818,0.0,0.11
2026-01-15 11:14:00,sh600318,新力金融,9.01,9.01,9.01,9.0,72,64841,0.0,0.11
2026-01-15 11:15:00,sh600318,新力金融,9.0,9.0,9.01,9.0,1094,984839,-0.11,0.11
2026-01-15 11:16:00,sh600318,新力金融,8.99,8.99,9.0,8.99,75,67461,-0.11,0.11
2026-01-15 11:17:00,sh600318,新力金融,8.99,9.0,9.0,8.99,163,146660,0.11,0.11
2026-01-15 11:18:00,sh600318,新力金融,9.0,8.99,9.0,8.99,287,258170,-0.11,0.11
2026-01-15 11:19:00,sh600318,新力金融,8.99,9.0,9.0,8.99,70,62958,0.11,0.11
2026-01-15 11:20:00,sh600318,新力金融,9.0,9.0,9.0,8.99,249,224088,0.0,0.11
2026-01-15 11:21:00,sh600318,新力金融,9.0,9.0,9.0,8.99,105,94495,0.0,0.11
2026-01-15 11:22:00,sh600318,新力金融,8.99,8.99,9.0,8.99,522,469609,-0.11,0.11
2026-01-15 11:23:00,sh600318,新力金融,8.99,9.0,9.0,8.99,330,296881,0.11,0.11
2026-01-15 11:24:00,sh600318,新力金融,8.99,8.99,9.0,8.99,394,354223,-0.11,0.11
2026-01-15 11:25:00,sh600318,新力金融,8.99,8.98,8.99,8.98,813,730831,-0.11,0.11
2026-01-15 11:26:00,sh600318,新力金融,8.98,8.98,8.98,8.98,596,535221,0.0,0.0
2026-01-15 11:27:00,sh600318,新力金融,8.98,8.97,8.98,8.97,754,676971,-0.11,0.11
2026-01-15 11:28:00,sh600318,新力金融,8.98,8.98,8.99,8.98,682,612438,0.11,0.11
2026-01-15 11:29:00,sh600318,新力金融,8.99,8.99,8.99,8.98,87,78207,0.11,0.11
2026-01-15 11:30:00,sh600318,新力金融,8.99,9.0,9.0,8.99,1246,1120212,0.11,0.11
2026-01-15 13:01:00,sh600318,新力金融,8.99,8.99,9.01,8.99,1184,1065607,-0.11,0.22
2026-01-15 13:02:00,sh600318,新力金融,9.0,8.99,9.0,8.99,1294,1163383,0.0,0.11
2026-01-15 13:03:00,sh600318,新力金融,8.99,8.99,8.99,8.98,546,490781,0.0,0.11
2026-01-15 13:04:00,sh600318,新力金融,8.99,8.99,9.0,8.99,510,458516,0.0,0.11
2026-01-15 13:05:00,sh600318,新力金融,8.98,8.98,8.99,8.98,293,263237,-0.11,0.11
2026-01-15 13:06:00,sh600318,新力金融,8.98,8.98,8.99,8.98,227,203925,0.0,0.11
2026-01-15 13:07:00,sh600318,新力金融,8.99,8.99,9.0,8.99,134,120515,0.11,0.11
2026-01-15 13:08:00,sh600318,新力金融,8.99,8.99,9.0,8.99,715,642797,0.0,0.11
2026-01-15 13:09:00,sh600318,新力金融,8.99,8.98,8.99,8.98,136,122260,-0.11,0.11
2026-01-15 13:10:00,sh600318,新力金融,8.99,8.99,8.99,8.98,294,264230,0.11,0.11
2026-01-15 13:11:00,sh600318,新力金融,8.99,8.99,8.99,8.98,270,242700,0.0,0.11
2026-01-15 13:12:00,sh600318,新力金融,8.99,8.99,8.99,8.98,250,224710,0.0,0.11
2026-01-15 13:13:00,sh600318,新力金融,8.99,9.01,9.01,8.99,1272,1144775,0.22,0.22
2026-01-15 13:14:00,sh600318,新力金融,9.0,9.0,9.01,8.99,1103,992828,-0.11,0.22
2026-01-15 13:15:00,sh600318,新力金融,9.0,9.0,9.0,8.99,363,326584,0.0,0.11
2026-01-15 13:16:00,sh600318,新力金融,8.99,9.01,9.01,8.99,160,143895,0.11,0.22
2026-01-15 13:17:00,sh600318,新力金融,9.01,9.0,9.01,9.0,900,810048,-0.11,0.11
2026-01-15 13:18:00,sh600318,新力金融,9.0,9.0,9.01,9.0,314,282604,0.0,0.11
2026-01-15 13:19:00,sh600318,新力金融,9.0,9.0,9.01,9.0,120,108053,0.0,0.11
2026-01-15 13:20:00,sh600318,新力金融,9.0,9.0,9.01,9.0,511,459912,0.0,0.11
2026-01-15 13:21:00,sh600318,新力金融,8.99,8.99,9.0,8.99,206,185296,-0.11,0.11
2026-01-15 13:22:00,sh600318,新力金融,8.99,8.99,8.99,8.99,90,80910,0.0,0.0
2026-01-15 13:23:00,sh600318,新力金融,9.0,9.0,9.0,8.99,78,70190,0.11,0.11
2026-01-15 13:24:00,sh600318,新力金融,9.0,9.0,9.0,8.99,373,335544,0.0,0.11
2026-01-15 13:25:00,sh600318,新力金融,8.99,8.99,9.0,8.98,1313,1180399,-0.11,0.22
2026-01-15 13:26:00,sh600318,新力金融,8.99,8.99,8.99,8.98,1462,1314278,0.0,0.11
2026-01-15 13:27:00,sh600318,新力金融,9.0,9.0,9.0,8.99,1494,1343131,0.11,0.11
2026-01-15 13:28:00,sh600318,新力金融,9.0,9.0,9.0,8.99,349,314078,0.0,0.11
2026-01-15 13:29:00,sh600318,新力金融,9.0,8.99,9.0,8.99,274,246507,-0.11,0.11
2026-01-15 13:30:00,sh600318,新力金融,8.99,8.99,9.0,8.99,355,319162,0.0,0.11
2026-01-15 13:31:00,sh600318,新力金融,9.0,8.99,9.0,8.99,136,122356,0.0,0.11
2026-01-15 13:32:00,sh600318,新力金融,8.99,8.99,9.0,8.99,823,739910,0.0,0.11
2026-01-15 13:33:00,sh600318,新力金融,9.0,8.99,9.0,8.99,742,667596,0.0,0.11
2026-01-15 13:34:00,sh600318,新力金融,9.0,9.0,9.0,8.99,148,133104,0.11,0.11
2026-01-15 13:35:00,sh600318,新力金融,9.0,9.0,9.0,8.99,106,95387,0.0,0.11
2026-01-15 13:36:00,sh600318,新力金融,8.99,8.99,8.99,8.98,911,818988,-0.11,0.11
2026-01-15 13:37:00,sh600318,新力金融,8.98,8.98,8.99,8.98,177,159012,-0.11,0.11
2026-01-15 13:38:00,sh600318,新力金融,8.98,8.98,8.99,8.98,153,137398,0.0,0.11
2026-01-15 13:39:00,sh600318,新力金融,8.98,8.99,8.99,8.98,341,306239,0.11,0.11
2026-01-15 13:40:00,sh600318,新力金融,8.99,8.99,8.99,8.98,110,98826,0.0,0.11
2026-01-15 13:41:00,sh600318,新力金融,8.98,8.98,8.99,8.98,353,317138,-0.11,0.11
2026-01-15 13:42:00,sh600318,新力金融,8.99,8.99,8.99,8.98,171,153622,0.11,0.11
2026-01-15 13:43:00,sh600318,新力金融,8.99,8.98,8.99,8.98,136,122230,-0.11,0.11
2026-01-15 13:44:00,sh600318,新力金融,8.98,8.98,8.99,8.98,76,68293,0.0,0.11
2026-01-15 13:45:00,sh600318,新力金融,8.99,8.98,8.99,8.98,686,616107,0.0,0.11
2026-01-15 13:46:00,sh600318,新力金融,8.98,9.0,9.0,8.98,1708,1534755,0.22,0.22
2026-01-15 13:47:00,sh600318,新力金融,9.0,9.0,9.0,8.99,192,172742,0.0,0.11
2026-01-15 13:48:00,sh600318,新力金融,9.0,9.0,9.0,9.0,416,374400,0.0,0.0
2026-01-15 13:49:00,sh600318,新力金融,9.0,9.0,9.0,8.99,774,696528,0.0,0.11
2026-01-15 13:50:00,sh600318,新力金融,9.0,9.01,9.01,9.0,217,195440,0.11,0.11
2026-01-15 13:51:00,sh600318,新力金融,9.01,9.01,9.01,9.0,64,57658,0.0,0.11
2026-01-15 13:52:00,sh600318,新力金融,9.0,9.0,9.01,9.0,665,598524,-0.11,0.11
2026-01-15 13:53:00,sh600318,新力金融,9.0,9.0,9.01,9.0,67,60341,0.0,0.11
2026-01-15 13:54:00,sh600318,新力金融,9.0,9.01,9.01,9.0,159,143132,0.11,0.11
2026-01-15 13:55:00,sh600318,新力金融,9.0,9.0,9.01,9.0,169,152210,-0.11,0.11
2026-01-15 13:56:00,sh600318,新力金融,9.0,9.0,9.01,9.0,803,722754,0.0,0.11
2026-01-15 13:57:00,sh600318,新力金融,9.0,9.0,9.0,8.99,61,54872,0.0,0.11
2026-01-15 13:58:00,sh600318,新力金融,8.99,9.0,9.0,8.99,932,838795,0.0,0.11
2026-01-15 13:59:00,sh600318,新力金融,9.0,9.0,9.01,9.0,49,44128,0.0,0.11
2026-01-15 14:00:00,sh600318,新力金融,9.0,9.01,9.01,9.0,102,91807,0.11,0.11
2026-01-15 14:01:00,sh600318,新力金融,9.0,9.0,9.01,9.0,129,116146,-0.11,0.11
2026-01-15 14:02:00,sh600318,新力金融,9.0,8.99,9.0,8.99,851,765771,-0.11,0.11
2026-01-15 14:03:00,sh600318,新力金融,9.0,9.0,9.0,8.99,642,577268,0.11,0.11
2026-01-15 14:04:00,sh600318,新力金融,8.99,8.99,8.99,8.99,935,840565,-0.11,0.0
2026-01-15 14:05:00,sh600318,新力金融,8.99,9.0,9.0,8.99,867,780182,0.11,0.11
2026-01-15 14:06:00,sh600318,新力金融,9.0,9.0,9.0,9.0,100,90000,0.0,0.0
2026-01-15 14:07:00,sh600318,新力金融,8.99,9.0,9.0,8.99,163,146563,0.0,0.11
2026-01-15 14:08:00,sh600318,新力金融,8.99,8.99,9.0,8.99,110,98912,-0.11,0.11
2026-01-15 14:09:00,sh600318,新力金融,8.99,9.0,9.0,8.99,377,339029,0.11,0.11
2026-01-15 14:10:00,sh600318,新力金融,8.99,8.99,9.0,8.99,311,279604,-0.11,0.11
2026-01-15 14:11:00,sh600318,新力金融,8.99,8.99,8.99,8.98,490,440375,0.0,0.11
2026-01-15 14:12:00,sh600318,新力金融,8.98,8.99,8.99,8.98,189,169747,0.0,0.11
2026-01-15 14:13:00,sh600318,新力金融,8.98,8.98,8.99,8.98,858,770657,-0.11,0.11
2026-01-15 14:14:00,sh600318,新力金融,8.98,8.99,8.99,8.98,355,318795,0.11,0.11
2026-01-15 14:15:00,sh600318,新力金融,8.98,8.98,8.99,8.98,148,132927,-0.11,0.11
2026-01-15 14:16:00,sh600318,新力金融,8.99,8.98,8.99,8.97,1326,1190715,0.0,0.22
2026-01-15 14:17:00,sh600318,新力金融,8.98,8.99,8.99,8.98,748,672031,0.11,0.11
2026-01-15 14:18:00,sh600318,新力金融,8.98,8.98,8.99,8.98,1229,1103710,-0.11,0.11
2026-01-15 14:19:00,sh600318,新力金融,8.98,8.98,8.98,8.97,189,169592,0.0,0.11
2026-01-15 14:20:00,sh600318,新力金融,8.97,8.97,8.98,8.97,101,90660,-0.11,0.11
2026-01-15 14:21:00,sh600318,新力金融,8.98,8.97,8.98,8.97,17,15258,0.0,0.11
2026-01-15 14:22:00,sh600318,新力金融,8.98,8.97,8.98,8.97,163,146315,0.0,0.11
2026-01-15 14:23:00,sh600318,新力金融,8.98,8.98,8.98,8.97,1081,970599,0.11,0.11
2026-01-15 14:24:00,sh600318,新力金融,8.98,8.97,8.98,8.97,509,457061,-0.11,0.11
2026-01-15 14:25:00,sh600318,新力金融,8.98,8.98,8.98,8.97,507,454947,0.11,0.11
2026-01-15 14:26:00,sh600318,新力金融,8.98,8.99,8.99,8.97,536,481329,0.11,0.22
2026-01-15 14:27:00,sh600318,新力金融,8.99,8.98,8.99,8.98,348,312760,-0.11,0.11
2026-01-15 14:28:00,sh600318,新力金融,8.99,9.0,9.0,8.99,696,625733,0.22,0.11
2026-01-15 14:29:00,sh600318,新力金融,8.99,8.99,9.0,8.99,370,332803,-0.11,0.11
2026-01-15 14:30:00,sh600318,新力金融,8.99,8.99,9.0,8.99,1294,1164386,0.0,0.11
2026-01-15 14:31:00,sh600318,新力金融,9.0,8.99,9.0,8.99,589,529561,0.0,0.11
2026-01-15 14:32:00,sh600318,新力金融,8.99,8.99,8.99,8.99,1121,1007817,0.0,0.0
2026-01-15 14:33:00,sh600318,新力金融,8.99,9.0,9.0,8.99,704,633016,0.11,0.11
2026-01-15 14:34:00,sh600318,新力金融,8.99,9.0,9.0,8.99,470,422609,0.0,0.11
2026-01-15 14:35:00,sh600318,新力金融,8.99,8.99,9.0,8.99,172,154642,-0.11,0.11
2026-01-15 14:36:00,sh600318,新力金融,9.0,8.99,9.0,8.99,964,866645,0.0,0.11
2026-01-15 14:37:00,sh600318,新力金融,9.0,8.99,9.0,8.99,1206,1084258,0.0,0.11
2026-01-15 14:38:00,sh600318,新力金融,9.0,9.0,9.0,8.99,558,502191,0.11,0.11
2026-01-15 14:39:00,sh600318,新力金融,9.0,8.99,9.0,8.99,196,176257,-0.11,0.11
2026-01-15 14:40:00,sh600318,新力金融,8.99,8.99,9.0,8.99,178,160042,0.0,0.11
2026-01-15 14:41:00,sh600318,新力金融,8.99,9.0,9.0,8.99,376,338056,0.11,0.11
2026-01-15 14:42:00,sh600318,新力金融,9.0,8.99,9.0,8.99,503,452301,-0.11,0.11
2026-01-15 14:43:00,sh600318,新力金融,8.99,8.98,8.99,8.98,1093,982345,-0.11,0.11
2026-01-15 14:44:00,sh600318,新力金融,8.99,8.98,8.99,8.98,358,321799,0.0,0.11
2026-01-15 14:45:00,sh600318,新力金融,8.99,8.98,8.99,8.98,325,292129,0.0,0.11
2026-01-15 14:46:00,sh600318,新力金融,8.98,8.99,8.99,8.98,625,561540,0.11,0.11
2026-01-15 14:47:00,sh600318,新力金融,8.99,8.98,8.99,8.98,395,354898,-0.11,0.11
2026-01-15 14:48:00,sh600318,新力金融,8.99,8.98,8.99,8.98,197,177012,0.0,0.11
2026-01-15 14:49:00,sh600318,新力金融,8.98,8.99,8.99,8.98,626,562722,0.11,0.11
2026-01-15 14:50:00,sh600318,新力金融,8.99,8.99,8.99,8.98,989,888444,0.0,0.11
2026-01-15 14:51:00,sh600318,新力金融,8.99,8.99,8.99,8.98,952,855464,0.0,0.11
2026-01-15 14:52:00,sh600318,新力金融,8.98,8.99,8.99,8.98,822,738368,0.0,0.11
2026-01-15 14:53:00,sh600318,新力金融,8.99,8.99,8.99,8.98,907,814937,0.0,0.11
2026-01-15 14:54:00,sh600318,新力金融,8.98,8.99,8.99,8.98,558,501291,0.0,0.11
2026-01-15 14:55:00,sh600318,新力金融,8.99,8.98,8.99,8.98,1499,1346441,-0.11,0.11
2026-01-15 14:56:00,sh600318,新力金融,8.98,8.98,8.99,8.98,1291,1159711,0.0,0.11
2026-01-15 14:57:00,sh600318,新力金融,8.98,8.99,8.99,8.98,1160,1042496,0.11,0.11
2026-01-15 14:58:00,sh600318,新力金融,8.99,8.99,8.99,8.99,0,0,0.0,0.0
2026-01-15 14:59:00,sh600318,新力金融,8.99,8.99,8.99,8.99,0,0,0.0,0.0
2026-01-15 15:00:00,sh600318,新力金融,8.99,8.99,8.99,8.99,762,685218,0.0,0.0
2026-01-16 09:30:00,sh600318,新力金融,9.09,9.09,9.09,9.09,419,380871,0.0,0.0
2026-01-16 09:31:00,sh600318,新力金融,9.11,9.1,9.11,9.07,3843,3495620,0.11,0.44
2026-01-16 09:32:00,sh600318,新力金融,9.1,9.1,9.1,9.09,1934,1759196,0.0,0.11
2026-01-16 09:33:00,sh600318,新力金融,9.1,9.07,9.1,9.07,1648,1497022,-0.33,0.33
2026-01-16 09:34:00,sh600318,新力金融,9.07,9.08,9.08,9.05,2690,2438129,0.11,0.33
2026-01-16 09:35:00,sh600318,新力金融,9.08,9.07,9.08,9.07,700,635219,-0.11,0.11
2026-01-16 09:36:00,sh600318,新力金融,9.07,9.07,9.08,9.06,1515,1373368,0.0,0.22
2026-01-16 09:37:00,sh600318,新力金融,9.06,9.03,9.07,9.03,1459,1320187,-0.44,0.44
2026-01-16 09:38:00,sh600318,新力金融,9.04,9.05,9.06,9.03,449,405908,0.22,0.33
2026-01-16 09:39:00,sh600318,新力金融,9.05,9.05,9.06,9.04,890,805031,0.0,0.22
2026-01-16 09:40:00,sh600318,新力金融,9.04,9.04,9.05,9.04,265,239596,-0.11,0.11
2026-01-16 09:41:00,sh600318,新力金融,9.05,9.03,9.05,9.03,2160,1952551,-0.11,0.22
2026-01-16 09:42:00,sh600318,新力金融,9.03,9.02,9.04,9.02,1140,1029375,-0.11,0.22
2026-01-16 09:43:00,sh600318,新力金融,9.03,9.03,9.03,9.02,870,785396,0.11,0.11
2026-01-16 09:44:00,sh600318,新力金融,9.03,9.01,9.04,9.01,1189,1072853,-0.22,0.33
2026-01-16 09:45:00,sh600318,新力金融,9.01,9.01,9.02,9.01,586,528278,0.0,0.11
2026-01-16 09:46:00,sh600318,新力金融,9.01,9.01,9.02,9.01,982,884837,0.0,0.11
2026-01-16 09:47:00,sh600318,新力金融,9.0,9.0,9.01,9.0,1652,1487477,-0.11,0.11
2026-01-16 09:48:00,sh600318,新力金融,9.01,8.99,9.01,8.99,1412,1270017,-0.11,0.22
2026-01-16 09:49:00,sh600318,新力金融,8.98,8.98,8.99,8.98,495,444645,-0.11,0.11
2026-01-16 09:50:00,sh600318,新力金融,8.98,8.98,8.99,8.98,818,734647,0.0,0.11
2026-01-16 09:51:00,sh600318,新力金融,8.98,8.99,8.99,8.97,1443,1296359,0.11,0.22
2026-01-16 09:52:00,sh600318,新力金融,8.99,8.99,9.0,8.99,1210,1088621,0.0,0.11
2026-01-16 09:53:00,sh600318,新力金融,9.0,9.01,9.01,8.99,516,464629,0.22,0.22
2026-01-16 09:54:00,sh600318,新力金融,9.01,9.02,9.02,9.01,465,419360,0.11,0.11
2026-01-16 09:55:00,sh600318,新力金融,9.02,9.02,9.02,9.01,210,189376,0.0,0.11
2026-01-16 09:56:00,sh600318,新力金融,9.01,9.0,9.02,9.0,210,189221,-0.22,0.22
2026-01-16 09:57:00,sh600318,新力金融,9.01,9.0,9.01,9.0,229,206112,0.0,0.11
2026-01-16 09:58:00,sh600318,新力金融,9.0,9.0,9.01,8.99,284,255629,0.0,0.22
2026-01-16 09:59:00,sh600318,新力金融,9.0,9.0,9.01,8.99,424,381267,0.0,0.22
2026-01-16 10:00:00,sh600318,新力金融,9.0,8.98,9.0,8.98,1419,1275718,-0.22,0.22
2026-01-16 10:01:00,sh600318,新力金融,8.98,8.98,8.99,8.98,414,372022,0.0,0.11
2026-01-16 10:02:00,sh600318,新力金融,8.98,8.97,8.98,8.97,1491,1338645,-0.11,0.11
2026-01-16 10:03:00,sh600318,新力金融,8.98,8.98,8.98,8.98,696,624853,0.11,0.0
2026-01-16 10:04:00,sh600318,新力金融,8.98,8.97,8.98,8.97,570,511426,-0.11,0.11
2026-01-16 10:05:00,sh600318,新力金融,8.97,8.97,8.98,8.97,648,581377,0.0,0.11
2026-01-16 10:06:00,sh600318,新力金融,8.97,8.97,8.98,8.97,541,485418,0.0,0.11
2026-01-16 10:07:00,sh600318,新力金融,8.97,8.98,8.98,8.97,233,209130,0.11,0.11
2026-01-16 10:08:00,sh600318,新力金融,8.97,8.97,8.97,8.97,657,589339,-0.11,0.0
2026-01-16 10:09:00,sh600318,新力金融,8.97,8.95,8.97,8.95,1554,1391937,-0.22,0.22
2026-01-16 10:10:00,sh600318,新力金融,8.96,8.95,8.97,8.95,1041,932696,0.0,0.22
2026-01-16 10:11:00,sh600318,新力金融,8.96,8.95,8.96,8.95,269,240836,0.0,0.11
2026-01-16 10:12:00,sh600318,新力金融,8.95,8.95,8.96,8.95,135,120849,0.0,0.11
2026-01-16 10:13:00,sh600318,新力金融,8.95,8.95,8.95,8.94,939,840370,0.0,0.11
2026-01-16 10:14:00,sh600318,新力金融,8.94,8.98,8.98,8.94,1815,1626424,0.34,0.45
2026-01-16 10:15:00,sh600318,新力金融,8.98,8.98,8.99,8.97,246,220905,0.0,0.22
2026-01-16 10:16:00,sh600318,新力金融,8.98,8.98,8.98,8.97,195,175094,0.0,0.11
2026-01-16 10:17:00,sh600318,新力金融,8.98,8.99,8.99,8.98,382,343244,0.11,0.11
2026-01-16 10:18:00,sh600318,新力金融,8.99,8.99,9.0,8.98,507,455872,0.0,0.22
2026-01-16 10:19:00,sh600318,新力金融,8.98,8.99,8.99,8.98,481,431958,0.0,0.11
2026-01-16 10:20:00,sh600318,新力金融,8.98,8.97,8.99,8.97,273,245080,-0.22,0.22
2026-01-16 10:21:00,sh600318,新力金融,8.98,8.98,8.98,8.97,877,786722,0.11,0.11
2026-01-16 10:22:00,sh600318,新力金融,8.98,8.98,8.98,8.97,246,220884,0.0,0.11
2026-01-16 10:23:00,sh600318,新力金融,8.97,8.96,8.97,8.96,1831,1641360,-0.22,0.11
2026-01-16 10:24:00,sh600318,新力金融,8.96,8.94,8.96,8.94,1465,1310751,-0.22,0.22
2026-01-16 10:25:00,sh600318,新力金融,8.95,8.93,8.95,8.93,3558,3178549,-0.11,0.22
2026-01-16 10:26:00,sh600318,新力金融,8.93,8.92,8.93,8.92,1070,954555,-0.11,0.11
2026-01-16 10:27:00,sh600318,新力金融,8.92,8.92,8.93,8.91,2028,1809278,0.0,0.22
2026-01-16 10:28:00,sh600318,新力金融,8.91,8.91,8.92,8.91,1245,1110118,-0.11,0.11
2026-01-16 10:29:00,sh600318,新力金融,8.91,8.9,8.91,8.9,2091,1862949,-0.11,0.11
2026-01-16 10:30:00,sh600318,新力金融,8.9,8.9,8.91,8.9,1045,930423,0.0,0.11
2026-01-16 10:31:00,sh600318,新力金融,8.91,8.91,8.92,8.91,1491,1328615,0.11,0.11
2026-01-16 10:32:00,sh600318,新力金融,8.9,8.91,8.91,8.9,1090,970411,0.0,0.11
2026-01-16 10:33:00,sh600318,新力金融,8.9,8.91,8.91,8.9,503,447834,0.0,0.11
2026-01-16 10:34:00,sh600318,新力金融,8.91,8.9,8.91,8.9,2047,1822032,-0.11,0.11
2026-01-16 10:35:00,sh600318,新力金融,8.91,8.91,8.91,8.9,484,430923,0.11,0.11
2026-01-16 10:36:00,sh600318,新力金融,8.9,8.92,8.92,8.9,476,424218,0.11,0.22
2026-01-16 10:37:00,sh600318,新力金融,8.92,8.92,8.92,8.92,536,478092,0.0,0.0
2026-01-16 10:38:00,sh600318,新力金融,8.92,8.92,8.93,8.92,268,239252,0.0,0.11
2026-01-16 10:39:00,sh600318,新力金融,8.93,8.92,8.93,8.92,988,881545,0.0,0.11
2026-01-16 10:40:00,sh600318,新力金融,8.92,8.92,8.92,8.91,304,271167,0.0,0.11
2026-01-16 10:41:00,sh600318,新力金融,8.93,8.92,8.93,8.92,143,127609,0.0,0.11
2026-01-16 10:42:00,sh600318,新力金融,8.93,8.92,8.93,8.92,37,33018,0.0,0.11
2026-01-16 10:43:00,sh600318,新力金融,8.92,8.93,8.93,8.92,46,41067,0.11,0.11
2026-01-16 10:44:00,sh600318,新力金融,8.93,8.92,8.93,8.92,265,236458,-0.11,0.11
2026-01-16 10:45:00,sh600318,新力金融,8.92,8.92,8.93,8.92,455,405915,0.0,0.11
2026-01-16 10:46:00,sh600318,新力金融,8.92,8.92,8.92,8.91,478,426367,0.0,0.11
2026-01-16 10:47:00,sh600318,新力金融,8.91,8.92,8.92,8.91,679,605131,0.0,0.11
2026-01-16 10:48:00,sh600318,新力金融,8.92,8.9,8.92,8.9,811,722320,-0.22,0.22
2026-01-16 10:49:00,sh600318,新力金融,8.9,8.9,8.91,8.9,521,463705,0.0,0.11
2026-01-16 10:50:00,sh600318,新力金融,8.91,8.9,8.91,8.9,695,618577,0.0,0.11
2026-01-16 10:51:00,sh600318,新力金融,8.91,8.9,8.91,8.9,188,167385,0.0,0.11
2026-01-16 10:52:00,sh600318,新力金融,8.9,8.9,8.91,8.9,180,160301,0.0,0.11
2026-01-16 10:53:00,sh600318,新力金融,8.9,8.9,8.9,8.89,923,821447,0.0,0.11
2026-01-16 10:54:00,sh600318,新力金融,8.9,8.9,8.9,8.89,276,245463,0.0,0.11
2026-01-16 10:55:00,sh600318,新力金融,8.9,8.89,8.9,8.89,185,164631,-0.11,0.11
2026-01-16 10:56:00,sh600318,新力金融,8.89,8.89,8.9,8.88,1868,1660529,0.0,0.22
2026-01-16 10:57:00,sh600318,新力金融,8.89,8.9,8.9,8.88,955,849086,0.11,0.22
2026-01-16 10:58:00,sh600318,新力金融,8.9,8.89,8.9,8.89,271,241039,-0.11,0.11
2026-01-16 10:59:00,sh600318,新力金融,8.9,8.89,8.9,8.89,275,244607,0.0,0.11
2026-01-16 11:00:00,sh600318,新力金融,8.89,8.9,8.9,8.89,193,171628,0.11,0.11
2026-01-16 11:01:00,sh600318,新力金融,8.9,8.9,8.9,8.89,607,539981,0.0,0.11
2026-01-16 11:02:00,sh600318,新力金融,8.9,8.92,8.92,8.89,1083,965086,0.22,0.34
2026-01-16 11:03:00,sh600318,新力金融,8.92,8.93,8.93,8.92,426,380080,0.11,0.11
2026-01-16 11:04:00,sh600318,新力金融,8.93,8.93,8.93,8.92,136,121420,0.0,0.11
2026-01-16 11:05:00,sh600318,新力金融,8.93,8.93,8.93,8.92,230,205354,0.0,0.11
2026-01-16 11:06:00,sh600318,新力金融,8.93,8.92,8.93,8.92,135,120442,-0.11,0.11
2026-01-16 11:07:00,sh600318,新力金融,8.92,8.93,8.93,8.92,624,557193,0.11,0.11
2026-01-16 11:08:00,sh600318,新力金融,8.93,8.93,8.94,8.93,158,141158,0.0,0.11
2026-01-16 11:09:00,sh600318,新力金融,8.93,8.94,8.94,8.93,308,275321,0.11,0.11
2026-01-16 11:10:00,sh600318,新力金融,8.94,8.94,8.95,8.94,161,143980,0.0,0.11
2026-01-16 11:11:00,sh600318,新力金融,8.94,8.93,8.94,8.93,174,155532,-0.11,0.11
2026-01-16 11:12:00,sh600318,新力金融,8.93,8.94,8.94,8.93,63,56309,0.11,0.11
2026-01-16 11:13:00,sh600318,新力金融,8.93,8.93,8.94,8.93,233,208071,-0.11,0.11
2026-01-16 11:14:00,sh600318,新力金融,8.92,8.92,8.93,8.92,70,62452,-0.11,0.11
2026-01-16 11:15:00,sh600318,新力金融,8.92,8.91,8.92,8.91,730,650629,-0.11,0.11
2026-01-16 11:16:00,sh600318,新力金融,8.92,8.91,8.92,8.91,52,46345,0.0,0.11
2026-01-16 11:17:00,sh600318,新力金融,8.91,8.92,8.92,8.91,96,85626,0.11,0.11
2026-01-16 11:18:00,sh600318,新力金融,8.92,8.91,8.92,8.91,73,65115,-0.11,0.11
2026-01-16 11:19:00,sh600318,新力金融,8.92,8.92,8.92,8.91,150,133766,0.11,0.11
2026-01-16 11:20:00,sh600318,新力金融,8.92,8.92,8.93,8.91,239,213214,0.0,0.22
2026-01-16 11:21:00,sh600318,新力金融,8.93,8.93,8.93,8.92,201,179488,0.11,0.11
2026-01-16 11:22:00,sh600318,新力金融,8.93,8.92,8.93,8.92,33,29467,-0.11,0.11
2026-01-16 11:23:00,sh600318,新力金融,8.92,8.94,8.94,8.92,267,238349,0.22,0.22
2026-01-16 11:24:00,sh600318,新力金融,8.93,8.93,8.94,8.93,187,167107,-0.11,0.11
2026-01-16 11:25:00,sh600318,新力金融,8.93,8.93,8.93,8.92,75,66974,0.0,0.11
2026-01-16 11:26:00,sh600318,新力金融,8.93,8.94,8.94,8.92,174,155376,0.11,0.22
2026-01-16 11:27:00,sh600318,新力金融,8.93,8.93,8.93,8.92,99,88406,-0.11,0.11
2026-01-16 11:28:00,sh600318,新力金融,8.92,8.92,8.92,8.92,47,41924,-0.11,0.0
2026-01-16 11:29:00,sh600318,新力金融,8.92,8.92,8.92,8.92,191,170376,0.0,0.0
2026-01-16 11:30:00,sh600318,新力金融,8.92,8.92,8.93,8.92,162,144186,0.0,0.11
2026-01-16 13:01:00,sh600318,新力金融,8.93,8.92,8.93,8.91,1004,895660,0.0,0.22
2026-01-16 13:02:00,sh600318,新力金融,8.92,8.92,8.93,8.91,133,118524,0.0,0.22
2026-01-16 13:03:00,sh600318,新力金融,8.91,8.91,8.92,8.91,34,30296,-0.11,0.11
2026-01-16 13:04:00,sh600318,新力金融,8.91,8.91,8.92,8.91,58,51701,0.0,0.11
2026-01-16 13:05:00,sh600318,新力金融,8.92,8.92,8.92,8.92,526,469172,0.11,0.0
2026-01-16 13:06:00,sh600318,新力金融,8.93,8.93,8.93,8.93,65,58045,0.11,0.0
2026-01-16 13:07:00,sh600318,新力金融,8.91,8.93,8.93,8.91,22,19644,0.0,0.22
2026-01-16 13:08:00,sh600318,新力金融,8.92,8.92,8.92,8.92,54,48168,-0.11,0.0
2026-01-16 13:09:00,sh600318,新力金融,8.92,8.93,8.93,8.92,99,88388,0.11,0.11
2026-01-16 13:10:00,sh600318,新力金融,8.93,8.93,8.94,8.92,223,199119,0.0,0.22
2026-01-16 13:11:00,sh600318,新力金融,8.92,8.92,8.93,8.92,178,158779,-0.11,0.11
2026-01-16 13:12:00,sh600318,新力金融,8.93,8.92,8.93,8.92,50,44630,0.0,0.11
2026-01-16 13:13:00,sh600318,新力金融,8.93,8.92,8.93,8.92,42,37485,0.0,0.11
2026-01-16 13:14:00,sh600318,新力金融,8.93,8.92,8.93,8.92,632,563781,0.0,0.11
2026-01-16 13:15:00,sh600318,新力金融,8.92,8.92,8.92,8.92,188,167693,0.0,0.0
2026-01-16 13:16:00,sh600318,新力金融,8.92,8.92,8.93,8.92,448,399694,0.0,0.11
2026-01-16 13:17:00,sh600318,新力金融,8.93,8.92,8.93,8.92,69,61598,0.0,0.11
2026-01-16 13:18:00,sh600318,新力金融,8.92,8.91,8.92,8.91,3409,3037781,-0.11,0.11
2026-01-16 13:19:00,sh600318,新力金融,8.91,8.9,8.92,8.9,181,161213,-0.11,0.22
2026-01-16 13:20:00,sh600318,新力金融,8.91,8.92,8.92,8.91,63,56137,0.22,0.11
2026-01-16 13:21:00,sh600318,新力金融,8.92,8.92,8.92,8.91,23,20509,0.0,0.11
2026-01-16 13:22:00,sh600318,新力金融,8.91,8.91,8.92,8.91,125,111395,-0.11,0.11
2026-01-16 13:23:00,sh600318,新力金融,8.91,8.91,8.92,8.91,509,453549,0.0,0.11
2026-01-16 13:24:00,sh600318,新力金融,8.92,8.92,8.92,8.92,247,220324,0.11,0.0
2026-01-16 13:25:00,sh600318,新力金融,8.92,8.92,8.93,8.92,223,198996,0.0,0.11
2026-01-16 13:26:00,sh600318,新力金融,8.92,8.94,8.94,8.92,349,311609,0.22,0.22
2026-01-16 13:27:00,sh600318,新力金融,8.94,8.92,8.94,8.92,305,272459,-0.22,0.22
2026-01-16 13:28:00,sh600318,新力金融,8.93,8.94,8.94,8.92,211,188611,0.22,0.22
2026-01-16 13:29:00,sh600318,新力金融,8.94,8.93,8.94,8.93,230,205572,-0.11,0.11
2026-01-16 13:30:00,sh600318,新力金融,8.93,8.93,8.94,8.93,226,201938,0.0,0.11
2026-01-16 13:31:00,sh600318,新力金融,8.93,8.94,8.94,8.93,132,117995,0.11,0.11
2026-01-16 13:32:00,sh600318,新力金融,8.94,8.93,8.94,8.93,114,101854,-0.11,0.11
2026-01-16 13:33:00,sh600318,新力金融,8.93,8.94,8.94,8.93,315,281476,0.11,0.11
2026-01-16 13:34:00,sh600318,新力金融,8.94,8.94,8.94,8.94,48,42912,0.0,0.0
2026-01-16 13:35:00,sh600318,新力金融,8.95,8.96,8.96,8.95,606,542460,0.22,0.11
2026-01-16 13:36:00,sh600318,新力金融,8.96,8.97,8.97,8.95,131,117395,0.11,0.22
2026-01-16 13:37:00,sh600318,新力金融,8.97,8.96,8.97,8.95,256,229361,-0.11,0.22
2026-01-16 13:38:00,sh600318,新力金融,8.95,8.96,8.97,8.95,314,281375,0.0,0.22
2026-01-16 13:39:00,sh600318,新力金融,8.96,8.97,8.97,8.96,272,243745,0.11,0.11
2026-01-16 13:40:00,sh600318,新力金融,8.97,8.97,8.98,8.96,518,464568,0.0,0.22
2026-01-16 13:41:00,sh600318,新力金融,8.97,8.98,8.98,8.97,487,437165,0.11,0.11
2026-01-16 13:42:00,sh600318,新力金融,8.99,8.99,9.0,8.98,900,809114,0.11,0.22
2026-01-16 13:43:00,sh600318,新力金融,8.99,8.98,8.99,8.98,437,392541,-0.11,0.11
2026-01-16 13:44:00,sh600318,新力金融,8.98,8.98,8.98,8.98,75,67350,0.0,0.0
2026-01-16 13:45:00,sh600318,新力金融,8.98,8.98,8.98,8.97,480,430980,0.0,0.11
2026-01-16 13:46:00,sh600318,新力金融,8.97,8.98,8.98,8.97,24,21539,0.0,0.11
2026-01-16 13:47:00,sh600318,新力金融,8.98,8.98,8.98,8.98,248,222704,0.0,0.0
2026-01-16 13:48:00,sh600318,新力金融,8.98,8.98,8.99,8.97,163,146334,0.0,0.22
2026-01-16 13:49:00,sh600318,新力金融,8.97,8.98,8.98,8.97,105,94289,0.0,0.11
2026-01-16 13:50:00,sh600318,新力金融,8.99,8.99,8.99,8.98,132,118564,0.11,0.11
2026-01-16 13:51:00,sh600318,新力金融,8.99,8.98,8.99,8.98,325,292030,-0.11,0.11
2026-01-16 13:52:00,sh600318,新力金融,8.98,8.97,8.98,8.97,182,163343,-0.11,0.11
2026-01-16 13:53:00,sh600318,新力金融,8.97,8.96,8.97,8.96,368,330095,-0.11,0.11
2026-01-16 13:54:00,sh600318,新力金融,8.96,8.97,8.98,8.96,415,372226,0.11,0.22
2026-01-16 13:55:00,sh600318,新力金融,8.97,8.97,8.97,8.97,42,37679,0.0,0.0
2026-01-16 13:56:00,sh600318,新力金融,8.98,8.97,8.98,8.97,131,117578,0.0,0.11
2026-01-16 13:57:00,sh600318,新力金融,8.97,8.97,8.98,8.97,25,22437,0.0,0.11
2026-01-16 13:58:00,sh600318,新力金融,8.98,8.98,8.98,8.98,3,2694,0.11,0.0
2026-01-16 13:59:00,sh600318,新力金融,8.97,8.98,8.98,8.97,25,22435,0.0,0.11
2026-01-16 14:00:00,sh600318,新力金融,8.97,8.97,8.98,8.97,110,98720,-0.11,0.11
2026-01-16 14:01:00,sh600318,新力金融,8.98,8.98,8.98,8.97,112,100485,0.11,0.11
2026-01-16 14:02:00,sh600318,新力金融,8.97,8.97,8.97,8.97,433,388407,-0.11,0.0
2026-01-16 14:03:00,sh600318,新力金融,8.96,8.96,8.97,8.96,626,560909,-0.11,0.11
2026-01-16 14:04:00,sh600318,新力金融,8.96,8.96,8.97,8.96,228,204292,0.0,0.11
2026-01-16 14:05:00,sh600318,新力金融,8.96,8.96,8.97,8.96,501,449274,0.0,0.11
2026-01-16 14:06:00,sh600318,新力金融,8.96,8.96,8.96,8.96,53,47488,0.0,0.0
2026-01-16 14:07:00,sh600318,新力金融,8.96,8.96,8.96,8.96,83,74368,0.0,0.0
2026-01-16 14:08:00,sh600318,新力金融,8.96,8.96,8.96,8.96,168,150528,0.0,0.0
2026-01-16 14:09:00,sh600318,新力金融,8.96,8.96,8.97,8.96,455,407667,0.0,0.11
2026-01-16 14:10:00,sh600318,新力金融,8.97,8.96,8.97,8.96,21,18824,0.0,0.11
2026-01-16 14:11:00,sh600318,新力金融,8.96,8.95,8.97,8.95,204,182903,-0.11,0.22
2026-01-16 14:12:00,sh600318,新力金融,8.96,8.97,8.97,8.96,180,161393,0.22,0.11
2026-01-16 14:13:00,sh600318,新力金融,8.97,8.97,8.97,8.97,182,163254,0.0,0.0
2026-01-16 14:14:00,sh600318,新力金融,8.97,8.97,8.97,8.97,36,32291,0.0,0.0
2026-01-16 14:15:00,sh600318,新力金融,8.97,8.97,8.97,8.96,100,89611,0.0,0.11
2026-01-16 14:16:00,sh600318,新力金融,8.96,8.96,8.96,8.95,634,568059,-0.11,0.11
2026-01-16 14:17:00,sh600318,新力金融,8.95,8.95,8.96,8.95,166,148599,-0.11,0.11
2026-01-16 14:18:00,sh600318,新力金融,8.95,8.95,8.95,8.95,32,28640,0.0,0.0
2026-01-16 14:19:00,sh600318,新力金融,8.95,8.95,8.96,8.95,233,208568,0.0,0.11
2026-01-16 14:20:00,sh600318,新力金融,8.95,8.96,8.96,8.95,39,34933,0.11,0.11
2026-01-16 14:21:00,sh600318,新力金融,8.95,8.96,8.96,8.95,95,85064,0.0,0.11
2026-01-16 14:22:00,sh600318,新力金融,8.95,8.95,8.96,8.95,123,110176,-0.11,0.11
2026-01-16 14:23:00,sh600318,新力金融,8.96,8.95,8.96,8.95,46,41188,0.0,0.11
2026-01-16 14:24:00,sh600318,新力金融,8.95,8.95,8.95,8.95,89,79655,0.0,0.0
2026-01-16 14:25:00,sh600318,新力金融,8.95,8.95,8.95,8.95,353,315935,0.0,0.0
2026-01-16 14:26:00,sh600318,新力金融,8.96,8.95,8.96,8.95,32,28659,0.0,0.11
2026-01-16 14:27:00,sh600318,新力金融,8.95,8.96,8.96,8.95,60,53716,0.11,0.11
2026-01-16 14:28:00,sh600318,新力金融,8.95,8.95,8.96,8.95,104,93129,-0.11,0.11
2026-01-16 14:29:00,sh600318,新力金融,8.96,8.96,8.96,8.95,58,51963,0.11,0.11
2026-01-16 14:30:00,sh600318,新力金融,8.95,8.95,8.96,8.95,83,74355,-0.11,0.11
2026-01-16 14:31:00,sh600318,新力金融,8.96,8.96,8.96,8.96,29,25974,0.11,0.0
2026-01-16 14:32:00,sh600318,新力金融,8.95,8.95,8.96,8.95,248,222025,-0.11,0.11
2026-01-16 14:33:00,sh600318,新力金融,8.96,8.95,8.96,8.95,1114,997134,0.0,0.11
2026-01-16 14:34:00,sh600318,新力金融,8.94,8.94,8.95,8.94,73,65272,-0.11,0.11
2026-01-16 14:35:00,sh600318,新力金融,8.95,8.95,8.95,8.95,252,225540,0.11,0.0
2026-01-16 14:36:00,sh600318,新力金融,8.95,8.96,8.96,8.95,54,48361,0.11,0.11
2026-01-16 14:37:00,sh600318,新力金融,8.96,8.95,8.96,8.95,204,182661,-0.11,0.11
2026-01-16 14:38:00,sh600318,新力金融,8.96,8.95,8.96,8.95,417,373287,0.0,0.11
2026-01-16 14:39:00,sh600318,新力金融,8.94,8.95,8.95,8.94,80,71557,0.0,0.11
2026-01-16 14:40:00,sh600318,新力金融,8.95,8.94,8.95,8.94,577,516312,-0.11,0.11
2026-01-16 14:41:00,sh600318,新力金融,8.94,8.95,8.95,8.94,182,162866,0.11,0.11
2026-01-16 14:42:00,sh600318,新力金融,8.94,8.95,8.95,8.94,393,351400,0.0,0.11
2026-01-16 14:43:00,sh600318,新力金融,8.94,8.93,8.94,8.93,820,732850,-0.22,0.11
2026-01-16 14:44:00,sh600318,新力金融,8.94,8.93,8.94,8.93,284,253844,0.0,0.11
2026-01-16 14:45:00,sh600318,新力金融,8.93,8.93,8.94,8.93,354,316177,0.0,0.11
2026-01-16 14:46:00,sh600318,新力金融,8.93,8.92,8.94,8.92,420,375062,-0.11,0.22
2026-01-16 14:47:00,sh600318,新力金融,8.92,8.93,8.93,8.92,201,179339,0.11,0.11
2026-01-16 14:48:00,sh600318,新力金融,8.92,8.92,8.93,8.92,206,183776,-0.11,0.11
2026-01-16 14:49:00,sh600318,新力金融,8.93,8.92,8.93,8.92,3379,3012589,0.0,0.11
2026-01-16 14:50:00,sh600318,新力金融,8.92,8.91,8.92,8.91,1345,1198632,-0.11,0.11
2026-01-16 14:51:00,sh600318,新力金融,8.91,8.92,8.92,8.91,1622,1445221,0.11,0.11
2026-01-16 14:52:00,sh600318,新力金融,8.92,8.92,8.92,8.91,594,529483,0.0,0.11
2026-01-16 14:53:00,sh600318,新力金融,8.91,8.92,8.92,8.91,458,408307,0.0,0.11
2026-01-16 14:54:00,sh600318,新力金融,8.91,8.92,8.92,8.91,357,318178,0.0,0.11
2026-01-16 14:55:00,sh600318,新力金融,8.92,8.92,8.92,8.91,877,781842,0.0,0.11
2026-01-16 14:56:00,sh600318,新力金融,8.92,8.92,8.93,8.91,1696,1512754,0.0,0.22
2026-01-16 14:57:00,sh600318,新力金融,8.92,8.92,8.92,8.91,2096,1867787,0.0,0.11
2026-01-16 14:58:00,sh600318,新力金融,8.92,8.92,8.92,8.92,0,0,0.0,0.0
2026-01-16 14:59:00,sh600318,新力金融,8.92,8.92,8.92,8.92,0,0,0.0,0.0
2026-01-16 15:00:00,sh600318,新力金融,8.92,8.92,8.92,8.92,2071,1847332,0.0,0.0
2026-01-19 09:30:00,sh600318,新力金融,8.88,8.88,8.88,8.88,523,464424,0.0,0.0
2026-01-19 09:31:00,sh600318,新力金融,8.91,8.92,8.93,8.9,780,695150,0.45,0.34
2026-01-19 09:32:00,sh600318,新力金融,8.93,8.92,8.95,8.92,1415,1264288,0.0,0.34
2026-01-19 09:33:00,sh600318,新力金融,8.91,8.93,8.94,8.91,933,832935,0.11,0.34
2026-01-19 09:34:00,sh600318,新力金融,8.93,8.93,8.94,8.93,749,668881,0.0,0.11
2026-01-19 09:35:00,sh600318,新力金融,8.92,8.91,8.93,8.91,1027,915816,-0.22,0.22
2026-01-19 09:36:00,sh600318,新力金融,8.9,8.92,8.92,8.89,1574,1401160,0.11,0.34
2026-01-19 09:37:00,sh600318,新力金融,8.92,8.93,8.93,8.92,1152,1028230,0.11,0.11
2026-01-19 09:38:00,sh600318,新力金融,8.93,8.93,8.95,8.93,943,842734,0.0,0.22
2026-01-19 09:39:00,sh600318,新力金融,8.93,8.93,8.94,8.92,387,345413,0.0,0.22
2026-01-19 09:40:00,sh600318,新力金融,8.93,8.95,8.95,8.92,1298,1159155,0.22,0.34
2026-01-19 09:41:00,sh600318,新力金融,8.95,8.98,8.98,8.95,1554,1392458,0.34,0.34
2026-01-19 09:42:00,sh600318,新力金融,8.98,9.0,9.0,8.98,3230,2905159,0.22,0.22
2026-01-19 09:43:00,sh600318,新力金融,9.0,8.96,9.0,8.96,1523,1368779,-0.44,0.44
2026-01-19 09:44:00,sh600318,新力金融,8.96,8.96,8.97,8.96,573,513883,0.0,0.11
2026-01-19 09:45:00,sh600318,新力金融,8.96,8.98,8.98,8.96,443,397289,0.22,0.22
2026-01-19 09:46:00,sh600318,新力金融,8.97,8.98,8.98,8.96,408,365961,0.0,0.22
2026-01-19 09:47:00,sh600318,新力金融,8.98,8.99,9.0,8.98,1442,1295530,0.11,0.22
2026-01-19 09:48:00,sh600318,新力金融,8.99,8.99,9.0,8.99,581,522392,0.0,0.11
2026-01-19 09:49:00,sh600318,新力金融,8.99,8.99,9.0,8.99,436,392066,0.0,0.11
2026-01-19 09:50:00,sh600318,新力金融,8.99,8.98,8.99,8.98,667,599504,-0.11,0.11
2026-01-19 09:51:00,sh600318,新力金融,8.98,8.99,9.0,8.98,738,663426,0.11,0.22
2026-01-19 09:52:00,sh600318,新力金融,8.99,8.99,9.0,8.99,820,737376,0.0,0.11
2026-01-19 09:53:00,sh600318,新力金融,8.99,9.02,9.02,8.99,1400,1260188,0.33,0.33
2026-01-19 09:54:00,sh600318,新力金融,9.02,9.03,9.03,9.01,988,891227,0.11,0.22
2026-01-19 09:55:00,sh600318,新力金融,9.02,9.01,9.02,9.01,897,808292,-0.22,0.11
2026-01-19 09:56:00,sh600318,新力金融,9.01,9.0,9.01,9.0,1409,1268480,-0.11,0.11
2026-01-19 09:57:00,sh600318,新力金融,9.01,9.0,9.01,9.0,205,184584,0.0,0.11
2026-01-19 09:58:00,sh600318,新力金融,9.01,9.0,9.01,8.99,638,574041,0.0,0.22
2026-01-19 09:59:00,sh600318,新力金融,9.0,8.99,9.0,8.99,1305,1173742,-0.11,0.11
2026-01-19 10:00:00,sh600318,新力金融,8.99,9.0,9.0,8.99,791,711205,0.11,0.11
2026-01-19 10:01:00,sh600318,新力金融,9.0,9.0,9.01,9.0,245,220524,0.0,0.11
2026-01-19 10:02:00,sh600318,新力金融,9.0,9.0,9.01,9.0,337,303493,0.0,0.11
2026-01-19 10:03:00,sh600318,新力金融,9.0,9.0,9.01,9.0,172,154820,0.0,0.11
2026-01-19 10:04:00,sh600318,新力金融,9.0,9.0,9.01,9.0,323,290834,0.0,0.11
2026-01-19 10:05:00,sh600318,新力金融,9.0,9.01,9.01,9.0,221,198967,0.11,0.11
2026-01-19 10:06:00,sh600318,新力金融,9.0,8.99,9.01,8.99,687,618151,-0.22,0.22
2026-01-19 10:07:00,sh600318,新力金融,8.99,8.99,8.99,8.98,584,524579,0.0,0.11
2026-01-19 10:08:00,sh600318,新力金融,8.98,8.99,8.99,8.98,223,200351,0.0,0.11
2026-01-19 10:09:00,sh600318,新力金融,8.99,8.99,9.0,8.99,330,296540,0.0,0.11
2026-01-19 10:10:00,sh600318,新力金融,8.99,8.99,9.0,8.99,146,131258,0.0,0.11
2026-01-19 10:11:00,sh600318,新力金融,8.99,8.99,8.99,8.99,19,17081,0.0,0.0
2026-01-19 10:12:00,sh600318,新力金融,8.99,9.0,9.0,8.99,239,214984,0.11,0.11
2026-01-19 10:13:00,sh600318,新力金融,9.0,9.0,9.0,9.0,138,124200,0.0,0.0
2026-01-19 10:14:00,sh600318,新力金融,9.0,9.0,9.0,8.99,264,237568,0.0,0.11
2026-01-19 10:15:00,sh600318,新力金融,9.0,9.0,9.0,9.0,83,74699,0.0,0.0
2026-01-19 10:16:00,sh600318,新力金融,9.0,8.99,9.0,8.99,176,158305,-0.11,0.11
2026-01-19 10:17:00,sh600318,新力金融,9.0,9.0,9.0,8.99,138,124196,0.11,0.11
2026-01-19 10:18:00,sh600318,新力金融,8.99,8.99,9.0,8.99,218,196037,-0.11,0.11
2026-01-19 10:19:00,sh600318,新力金融,8.99,8.99,9.0,8.99,287,258026,0.0,0.11
2026-01-19 10:20:00,sh600318,新力金融,8.99,9.0,9.0,8.99,44,39580,0.11,0.11
2026-01-19 10:21:00,sh600318,新力金融,9.0,8.99,9.0,8.99,101,90874,-0.11,0.11
2026-01-19 10:22:00,sh600318,新力金融,8.99,9.02,9.02,8.99,2215,1994812,0.33,0.33
2026-01-19 10:23:00,sh600318,新力金融,9.02,9.0,9.02,9.0,469,422740,-0.22,0.22
2026-01-19 10:24:00,sh600318,新力金融,9.0,9.0,9.01,9.0,79,71144,0.0,0.11
2026-01-19 10:25:00,sh600318,新力金融,9.01,9.0,9.01,9.0,47,42305,0.0,0.11
2026-01-19 10:26:00,sh600318,新力金融,9.0,9.01,9.01,9.0,30,27012,0.11,0.11
2026-01-19 10:27:00,sh600318,新力金融,9.01,9.0,9.01,9.0,69,62167,-0.11,0.11
2026-01-19 10:28:00,sh600318,新力金融,9.0,9.0,9.01,9.0,181,162956,0.0,0.11
2026-01-19 10:29:00,sh600318,新力金融,9.0,9.01,9.01,9.0,141,127019,0.11,0.11
2026-01-19 10:30:00,sh600318,新力金融,9.0,9.01,9.01,9.0,38,34204,0.0,0.11
2026-01-19 10:31:00,sh600318,新力金融,9.01,9.01,9.01,9.0,48,43215,0.0,0.11
2026-01-19 10:32:00,sh600318,新力金融,9.0,9.0,9.01,9.0,231,207908,-0.11,0.11
2026-01-19 10:33:00,sh600318,新力金融,9.0,8.99,9.0,8.99,554,498595,-0.11,0.11
2026-01-19 10:34:00,sh600318,新力金融,9.0,8.99,9.0,8.99,98,88110,0.0,0.11
2026-01-19 10:35:00,sh600318,新力金融,8.99,8.98,8.99,8.98,491,441108,-0.11,0.11
2026-01-19 10:36:00,sh600318,新力金融,8.98,9.0,9.0,8.98,396,355788,0.22,0.22
2026-01-19 10:37:00,sh600318,新力金融,9.0,8.99,9.0,8.99,26,23376,-0.11,0.11
2026-01-19 10:38:00,sh600318,新力金融,8.99,8.99,9.0,8.99,66,59344,0.0,0.11
2026-01-19 10:39:00,sh600318,新力金融,9.0,8.99,9.0,8.99,47,42269,0.0,0.11
2026-01-19 10:40:00,sh600318,新力金融,9.0,8.99,9.0,8.99,34,30579,0.0,0.11
2026-01-19 10:41:00,sh600318,新力金融,9.0,8.99,9.0,8.99,38,34176,0.0,0.11
2026-01-19 10:42:00,sh600318,新力金融,8.99,8.98,8.99,8.98,694,623825,-0.11,0.11
2026-01-19 10:43:00,sh600318,新力金融,8.98,8.97,8.98,8.97,479,430043,-0.11,0.11
2026-01-19 10:44:00,sh600318,新力金融,8.97,8.98,8.98,8.97,894,801926,0.11,0.11
2026-01-19 10:45:00,sh600318,新力金融,8.98,8.98,8.99,8.98,185,166115,0.0,0.11
2026-01-19 10:46:00,sh600318,新力金融,8.99,8.99,8.99,8.98,546,490422,0.11,0.11
2026-01-19 10:47:00,sh600318,新力金融,8.99,8.98,8.99,8.98,83,74545,-0.11,0.11
2026-01-19 10:48:00,sh600318,新力金融,8.98,8.99,8.99,8.98,31,27846,0.11,0.11
2026-01-19 10:49:00,sh600318,新力金融,8.98,8.99,8.99,8.98,28,25160,0.0,0.11
2026-01-19 10:50:00,sh600318,新力金融,8.98,8.98,8.98,8.98,11,9878,-0.11,0.0
2026-01-19 10:51:00,sh600318,新力金融,8.99,8.99,8.99,8.98,187,167944,0.11,0.11
2026-01-19 10:52:00,sh600318,新力金融,8.99,8.98,8.99,8.98,102,91616,-0.11,0.11
2026-01-19 10:53:00,sh600318,新力金融,8.99,8.99,8.99,8.99,11,9889,0.11,0.0
2026-01-19 10:54:00,sh600318,新力金融,8.99,8.98,8.99,8.98,130,116767,-0.11,0.11
2026-01-19 10:55:00,sh600318,新力金融,8.98,8.99,8.99,8.97,343,307939,0.11,0.22
2026-01-19 10:56:00,sh600318,新力金融,8.98,8.98,8.98,8.98,6,5388,-0.11,0.0
2026-01-19 10:57:00,sh600318,新力金融,8.98,8.98,8.98,8.98,36,32328,0.0,0.0
2026-01-19 10:58:00,sh600318,新力金融,8.98,8.99,8.99,8.98,269,241750,0.11,0.11
2026-01-19 10:59:00,sh600318,新力金融,8.98,8.98,8.98,8.98,152,136496,-0.11,0.0
2026-01-19 11:00:00,sh600318,新力金融,8.99,8.98,8.99,8.97,125,112255,0.0,0.22
2026-01-19 11:01:00,sh600318,新力金融,8.98,8.98,8.98,8.97,64,57471,0.0,0.11
2026-01-19 11:02:00,sh600318,新力金融,8.97,8.98,8.98,8.97,101,90636,0.0,0.11
2026-01-19 11:03:00,sh600318,新力金融,8.98,8.98,8.99,8.98,183,164336,0.0,0.11
2026-01-19 11:04:00,sh600318,新力金融,8.98,8.98,8.98,8.98,0,0,0.0,0.0
2026-01-19 11:05:00,sh600318,新力金融,8.98,8.98,8.98,8.98,0,0,0.0,0.0
2026-01-19 11:06:00,sh600318,新力金融,8.99,8.99,8.99,8.99,69,62031,0.11,0.0
2026-01-19 11:07:00,sh600318,新力金融,8.99,8.99,8.99,8.98,15,13476,0.0,0.11
2026-01-19 11:08:00,sh600318,新力金融,8.99,8.99,8.99,8.98,20,17979,0.0,0.11
2026-01-19 11:09:00,sh600318,新力金融,8.98,8.99,8.99,8.98,9,8083,0.0,0.11
2026-01-19 11:10:00,sh600318,新力金融,8.99,8.98,8.99,8.98,6,5393,-0.11,0.11
2026-01-19 11:11:00,sh600318,新力金融,8.98,8.98,8.99,8.98,47,42207,0.0,0.11
2026-01-19 11:12:00,sh600318,新力金融,8.98,8.99,8.99,8.98,89,79938,0.11,0.11
2026-01-19 11:13:00,sh600318,新力金融,8.98,8.98,8.99,8.98,22,19757,-0.11,0.11
2026-01-19 11:14:00,sh600318,新力金融,8.98,8.98,8.99,8.98,80,71870,0.0,0.11
2026-01-19 11:15:00,sh600318,新力金融,8.98,8.99,8.99,8.98,33,29655,0.11,0.11
2026-01-19 11:16:00,sh600318,新力金融,8.99,8.98,8.99,8.98,27,24255,-0.11,0.11
2026-01-19 11:17:00,sh600318,新力金融,8.99,8.99,8.99,8.98,381,342407,0.11,0.11
2026-01-19 11:18:00,sh600318,新力金融,8.99,8.99,8.99,8.98,220,197779,0.0,0.11
2026-01-19 11:19:00,sh600318,新力金融,8.98,8.98,8.99,8.98,38,34150,-0.11,0.11
2026-01-19 11:20:00,sh600318,新力金融,8.99,8.99,8.99,8.99,11,9889,0.11,0.0
2026-01-19 11:21:00,sh600318,新力金融,8.99,8.99,8.99,8.99,70,62930,0.0,0.0
2026-01-19 11:22:00,sh600318,新力金融,8.99,8.98,8.99,8.98,120,107819,-0.11,0.11
2026-01-19 11:23:00,sh600318,新力金融,8.99,8.98,8.99,8.98,221,198464,0.0,0.11
2026-01-19 11:24:00,sh600318,新力金融,8.98,8.98,8.98,8.97,1413,1268218,0.0,0.11
2026-01-19 11:25:00,sh600318,新力金融,8.98,8.97,8.98,8.97,159,142641,-0.11,0.11
2026-01-19 11:26:00,sh600318,新力金融,8.97,8.98,8.98,8.97,121,108540,0.11,0.11
2026-01-19 11:27:00,sh600318,新力金融,8.97,8.97,8.98,8.97,176,157902,-0.11,0.11
2026-01-19 11:28:00,sh600318,新力金融,8.97,8.98,8.98,8.97,69,61894,0.11,0.11
2026-01-19 11:29:00,sh600318,新力金融,8.97,8.97,8.97,8.97,87,78039,-0.11,0.0
2026-01-19 11:30:00,sh600318,新力金融,8.97,8.97,8.98,8.97,70,62803,0.0,0.11
2026-01-19 13:01:00,sh600318,新力金融,8.97,8.97,8.98,8.97,235,210966,0.0,0.11
2026-01-19 13:02:00,sh600318,新力金融,8.97,8.97,8.98,8.97,79,70868,0.0,0.11
2026-01-19 13:03:00,sh600318,新力金融,8.97,8.97,8.97,8.97,106,95082,0.0,0.0
2026-01-19 13:04:00,sh600318,新力金融,8.98,8.98,8.98,8.98,5,4490,0.11,0.0
2026-01-19 13:05:00,sh600318,新力金融,8.97,8.98,8.98,8.97,157,140985,0.0,0.11
2026-01-19 13:06:00,sh600318,新力金融,8.98,8.98,8.98,8.97,661,593146,0.0,0.11
2026-01-19 13:07:00,sh600318,新力金融,8.98,8.98,8.98,8.98,100,89800,0.0,0.0
2026-01-19 13:08:00,sh600318,新力金融,8.98,8.98,8.98,8.97,68,61000,0.0,0.11
2026-01-19 13:09:00,sh600318,新力金融,8.98,8.98,8.98,8.98,113,101474,0.0,0.0
2026-01-19 13:10:00,sh600318,新力金融,8.97,8.98,8.98,8.97,6,5385,0.0,0.11
2026-01-19 13:11:00,sh600318,新力金融,8.98,8.98,8.98,8.98,13,11674,0.0,0.0
2026-01-19 13:12:00,sh600318,新力金融,8.98,8.98,8.98,8.98,7,6286,0.0,0.0
2026-01-19 13:13:00,sh600318,新力金融,8.98,8.98,8.98,8.97,617,553721,0.0,0.11
2026-01-19 13:14:00,sh600318,新力金融,8.98,8.98,8.99,8.98,816,732773,0.0,0.11
2026-01-19 13:15:00,sh600318,新力金融,8.99,8.98,8.99,8.98,189,169885,0.0,0.11
2026-01-19 13:16:00,sh600318,新力金融,8.99,8.99,8.99,8.99,115,103341,0.11,0.0
2026-01-19 13:17:00,sh600318,新力金融,8.98,8.98,8.98,8.98,496,445516,-0.11,0.0
2026-01-19 13:18:00,sh600318,新力金融,8.99,8.99,8.99,8.98,124,111358,0.11,0.11
2026-01-19 13:19:00,sh600318,新力金融,8.98,8.98,8.99,8.98,214,192373,-0.11,0.11
2026-01-19 13:20:00,sh600318,新力金融,8.98,8.98,8.99,8.98,324,291053,0.0,0.11
2026-01-19 13:21:00,sh600318,新力金融,8.99,8.99,8.99,8.99,65,58435,0.11,0.0
2026-01-19 13:22:00,sh600318,新力金融,8.99,8.99,8.99,8.98,87,78178,0.0,0.11
2026-01-19 13:23:00,sh600318,新力金融,8.98,8.98,8.99,8.98,195,175174,-0.11,0.11
2026-01-19 13:24:00,sh600318,新力金融,8.99,8.98,8.99,8.98,167,149982,0.0,0.11
2026-01-19 13:25:00,sh600318,新力金融,8.98,8.99,8.99,8.98,74,66463,0.11,0.11
2026-01-19 13:26:00,sh600318,新力金融,8.99,8.98,8.99,8.98,140,125798,-0.11,0.11
2026-01-19 13:27:00,sh600318,新力金融,8.98,8.98,8.98,8.98,250,224500,0.0,0.0
2026-01-19 13:28:00,sh600318,新力金融,8.98,8.97,8.98,8.97,35,31420,-0.11,0.11
2026-01-19 13:29:00,sh600318,新力金融,8.98,8.98,8.98,8.98,14,12572,0.11,0.0
2026-01-19 13:30:00,sh600318,新力金融,8.98,8.98,8.98,8.97,119,106847,0.0,0.11
2026-01-19 13:31:00,sh600318,新力金融,8.98,8.97,8.98,8.97,354,317564,-0.11,0.11
2026-01-19 13:32:00,sh600318,新力金融,8.98,8.98,8.98,8.97,90,80766,0.11,0.11
2026-01-19 13:33:00,sh600318,新力金融,8.98,8.97,8.98,8.97,729,654041,-0.11,0.11
2026-01-19 13:34:00,sh600318,新力金融,8.98,8.98,8.98,8.98,346,310708,0.11,0.0
2026-01-19 13:35:00,sh600318,新力金融,8.97,8.97,8.98,8.97,110,98672,-0.11,0.11
2026-01-19 13:36:00,sh600318,新力金融,8.97,8.96,8.98,8.96,861,772215,-0.11,0.22
2026-01-19 13:37:00,sh600318,新力金融,8.96,8.97,8.97,8.96,142,127354,0.11,0.11
2026-01-19 13:38:00,sh600318,新力金融,8.97,8.96,8.98,8.96,94,84333,-0.11,0.22
2026-01-19 13:39:00,sh600318,新力金融,8.97,8.98,8.98,8.96,87,78006,0.22,0.22
2026-01-19 13:40:00,sh600318,新力金融,8.97,8.97,8.97,8.97,5,4485,-0.11,0.0
2026-01-19 13:41:00,sh600318,新力金融,8.98,8.98,8.98,8.97,101,90630,0.11,0.11
2026-01-19 13:42:00,sh600318,新力金融,8.96,8.96,8.98,8.96,1020,914275,-0.22,0.22
2026-01-19 13:43:00,sh600318,新力金融,8.97,8.95,8.97,8.94,1165,1043108,-0.11,0.33
2026-01-19 13:44:00,sh600318,新力金融,8.94,8.94,8.95,8.94,2840,2539121,-0.11,0.11
2026-01-19 13:45:00,sh600318,新力金融,8.94,8.93,8.94,8.93,885,790860,-0.11,0.11
2026-01-19 13:46:00,sh600318,新力金融,8.94,8.93,8.94,8.93,699,624439,0.0,0.11
2026-01-19 13:47:00,sh600318,新力金融,8.93,8.93,8.93,8.93,990,884072,0.0,0.0
2026-01-19 13:48:00,sh600318,新力金融,8.93,8.93,8.94,8.93,1348,1204039,0.0,0.11
2026-01-19 13:49:00,sh600318,新力金融,8.93,8.93,8.94,8.93,621,554825,0.0,0.11
2026-01-19 13:50:00,sh600318,新力金融,8.94,8.94,8.94,8.93,203,181319,0.11,0.11
2026-01-19 13:51:00,sh600318,新力金融,8.94,8.93,8.94,8.93,840,750225,-0.11,0.11
2026-01-19 13:52:00,sh600318,新力金融,8.93,8.92,8.93,8.92,882,786840,-0.11,0.11
2026-01-19 13:53:00,sh600318,新力金融,8.92,8.92,8.93,8.92,440,392602,0.0,0.11
2026-01-19 13:54:00,sh600318,新力金融,8.92,8.91,8.92,8.91,1265,1128429,-0.11,0.11
2026-01-19 13:55:00,sh600318,新力金融,8.91,8.92,8.92,8.91,507,451809,0.11,0.11
2026-01-19 13:56:00,sh600318,新力金融,8.93,8.93,8.93,8.92,99,88380,0.11,0.11
2026-01-19 13:57:00,sh600318,新力金融,8.92,8.92,8.93,8.92,489,436340,-0.11,0.11
2026-01-19 13:58:00,sh600318,新力金融,8.92,8.92,8.92,8.92,544,485248,0.0,0.0
2026-01-19 13:59:00,sh600318,新力金融,8.93,8.93,8.93,8.92,175,156138,0.11,0.11
2026-01-19 14:00:00,sh600318,新力金融,8.93,8.93,8.93,8.93,239,213427,0.0,0.0
2026-01-19 14:01:00,sh600318,新力金融,8.92,8.93,8.93,8.92,251,223923,0.0,0.11
2026-01-19 14:02:00,sh600318,新力金融,8.92,8.92,8.93,8.92,134,119551,-0.11,0.11
2026-01-19 14:03:00,sh600318,新力金融,8.92,8.92,8.93,8.92,690,615637,0.0,0.11
2026-01-19 14:04:00,sh600318,新力金融,8.93,8.92,8.93,8.92,466,415906,0.0,0.11
2026-01-19 14:05:00,sh600318,新力金融,8.93,8.92,8.93,8.92,801,715163,0.0,0.11
2026-01-19 14:06:00,sh600318,新力金融,8.93,8.94,8.94,8.92,954,851228,0.22,0.22
2026-01-19 14:07:00,sh600318,新力金融,8.93,8.93,8.93,8.93,20,17860,-0.11,0.0
2026-01-19 14:08:00,sh600318,新力金融,8.93,8.93,8.94,8.93,178,158985,0.0,0.11
2026-01-19 14:09:00,sh600318,新力金融,8.94,8.93,8.94,8.93,422,376907,0.0,0.11
2026-01-19 14:10:00,sh600318,新力金融,8.93,8.95,8.95,8.93,807,721158,0.22,0.22
2026-01-19 14:11:00,sh600318,新力金融,8.95,8.95,8.95,8.95,257,229865,0.0,0.0
2026-01-19 14:12:00,sh600318,新力金融,8.95,8.94,8.95,8.94,791,707199,-0.11,0.11
2026-01-19 14:13:00,sh600318,新力金融,8.94,8.94,8.94,8.93,310,277061,0.0,0.11
2026-01-19 14:14:00,sh600318,新力金融,8.93,8.94,8.94,8.93,117,104581,0.0,0.11
2026-01-19 14:15:00,sh600318,新力金融,8.93,8.95,8.95,8.93,699,624782,0.11,0.22
2026-01-19 14:16:00,sh600318,新力金融,8.95,8.94,8.95,8.94,10,8949,-0.11,0.11
2026-01-19 14:17:00,sh600318,新力金融,8.95,8.95,8.95,8.94,238,212832,0.11,0.11
2026-01-19 14:18:00,sh600318,新力金融,8.94,8.94,8.94,8.94,306,273564,-0.11,0.0
2026-01-19 14:19:00,sh600318,新力金融,8.94,8.93,8.94,8.93,99,88492,-0.11,0.11
2026-01-19 14:20:00,sh600318,新力金融,8.93,8.94,8.94,8.93,48,42879,0.11,0.11
2026-01-19 14:21:00,sh600318,新力金融,8.93,8.94,8.94,8.93,27,24115,0.0,0.11
2026-01-19 14:22:00,sh600318,新力金融,8.93,8.93,8.94,8.93,110,98245,-0.11,0.11
2026-01-19 14:23:00,sh600318,新力金融,8.93,8.94,8.94,8.93,636,567954,0.11,0.11
2026-01-19 14:24:00,sh600318,新力金融,8.93,8.94,8.94,8.93,29,25898,0.0,0.11
2026-01-19 14:25:00,sh600318,新力金融,8.94,8.93,8.94,8.93,116,103671,-0.11,0.11
2026-01-19 14:26:00,sh600318,新力金融,8.94,8.93,8.94,8.93,1312,1171657,0.0,0.11
2026-01-19 14:27:00,sh600318,新力金融,8.94,8.93,8.94,8.93,234,208984,0.0,0.11
2026-01-19 14:28:00,sh600318,新力金融,8.93,8.93,8.93,8.93,40,35720,0.0,0.0
2026-01-19 14:29:00,sh600318,新力金融,8.92,8.93,8.93,8.92,691,616984,0.0,0.11
2026-01-19 14:30:00,sh600318,新力金融,8.92,8.93,8.93,8.92,857,765139,0.0,0.11
2026-01-19 14:31:00,sh600318,新力金融,8.93,8.93,8.94,8.93,112,100026,0.0,0.11
2026-01-19 14:32:00,sh600318,新力金融,8.94,8.93,8.94,8.93,311,277728,0.0,0.11
2026-01-19 14:33:00,sh600318,新力金融,8.94,8.93,8.94,8.93,234,208977,0.0,0.11
2026-01-19 14:34:00,sh600318,新力金融,8.92,8.92,8.94,8.92,754,672902,-0.11,0.22
2026-01-19 14:35:00,sh600318,新力金融,8.93,8.93,8.94,8.93,271,241994,0.11,0.11
2026-01-19 14:36:00,sh600318,新力金融,8.94,8.93,8.94,8.92,595,531327,0.0,0.22
2026-01-19 14:37:00,sh600318,新力金融,8.93,8.93,8.93,8.92,279,249062,0.0,0.11
2026-01-19 14:38:00,sh600318,新力金融,8.93,8.92,8.93,8.92,164,146398,-0.11,0.11
2026-01-19 14:39:00,sh600318,新力金融,8.92,8.92,8.93,8.92,221,197304,0.0,0.11
2026-01-19 14:40:00,sh600318,新力金融,8.92,8.93,8.93,8.92,1137,1014543,0.11,0.11
2026-01-19 14:41:00,sh600318,新力金融,8.93,8.93,8.93,8.92,369,329516,0.0,0.11
2026-01-19 14:42:00,sh600318,新力金融,8.93,8.93,8.93,8.92,574,512110,0.0,0.11
2026-01-19 14:43:00,sh600318,新力金融,8.93,8.93,8.93,8.92,815,727784,0.0,0.11
2026-01-19 14:44:00,sh600318,新力金融,8.93,8.93,8.94,8.93,364,325072,0.0,0.11
2026-01-19 14:45:00,sh600318,新力金融,8.93,8.94,8.94,8.93,247,220736,0.11,0.11
2026-01-19 14:46:00,sh600318,新力金融,8.94,8.93,8.94,8.93,639,571294,-0.11,0.11
2026-01-19 14:47:00,sh600318,新力金融,8.94,8.94,8.94,8.93,771,689185,0.11,0.11
2026-01-19 14:48:00,sh600318,新力金融,8.94,8.94,8.95,8.94,309,276346,0.0,0.11
2026-01-19 14:49:00,sh600318,新力金融,8.95,8.95,8.95,8.94,154,137708,0.11,0.11
2026-01-19 14:50:00,sh600318,新力金融,8.94,8.94,8.95,8.94,1114,995920,-0.11,0.11
2026-01-19 14:51:00,sh600318,新力金融,8.94,8.94,8.95,8.94,126,112663,0.0,0.11
2026-01-19 14:52:00,sh600318,新力金融,8.94,8.94,8.95,8.94,462,413039,0.0,0.11
2026-01-19 14:53:00,sh600318,新力金融,8.94,8.94,8.94,8.94,421,376413,0.0,0.0
2026-01-19 14:54:00,sh600318,新力金融,8.95,8.94,8.95,8.94,485,433881,0.0,0.11
2026-01-19 14:55:00,sh600318,新力金融,8.94,8.95,8.95,8.94,348,311409,0.11,0.11
2026-01-19 14:56:00,sh600318,新力金融,8.95,8.95,8.95,8.94,655,586078,0.0,0.11
2026-01-19 14:57:00,sh600318,新力金融,8.94,8.95,8.96,8.94,1287,1151772,0.0,0.22
2026-01-19 14:58:00,sh600318,新力金融,8.94,8.94,8.94,8.94,71,63507,-0.11,0.0
2026-01-19 14:59:00,sh600318,新力金融,8.94,8.94,8.94,8.94,0,0,0.0,0.0
2026-01-19 15:00:00,sh600318,新力金融,8.95,8.95,8.95,8.95,1059,947805,0.11,0.0
2026-01-20 09:30:00,sh600318,新力金融,8.93,8.93,8.93,8.93,752,671536,0.0,0.0
2026-01-20 09:31:00,sh600318,新力金融,8.95,8.94,8.95,8.93,1516,1356344,0.11,0.22
2026-01-20 09:32:00,sh600318,新力金融,8.95,8.96,8.97,8.95,330,295932,0.22,0.22
2026-01-20 09:33:00,sh600318,新力金融,8.97,8.96,8.97,8.95,738,661062,0.0,0.22
2026-01-20 09:34:00,sh600318,新力金融,8.96,8.95,8.96,8.95,809,724329,-0.11,0.11
2026-01-20 09:35:00,sh600318,新力金融,8.95,8.94,8.96,8.94,539,482189,-0.11,0.22
2026-01-20 09:36:00,sh600318,新力金融,8.94,8.95,8.95,8.94,1317,1177740,0.11,0.11
2026-01-20 09:37:00,sh600318,新力金融,8.95,8.94,8.96,8.93,923,825660,-0.11,0.34
2026-01-20 09:38:00,sh600318,新力金融,8.94,8.93,8.94,8.93,757,676198,-0.11,0.11
2026-01-20 09:39:00,sh600318,新力金融,8.93,8.93,8.93,8.92,1232,1099714,0.0,0.11
2026-01-20 09:40:00,sh600318,新力金融,8.93,8.93,8.94,8.92,295,263442,0.0,0.22
2026-01-20 09:41:00,sh600318,新力金融,8.93,8.92,8.94,8.92,224,199995,-0.11,0.22
2026-01-20 09:42:00,sh600318,新力金融,8.92,8.93,8.93,8.92,1482,1322287,0.11,0.11
2026-01-20 09:43:00,sh600318,新力金融,8.92,8.92,8.92,8.91,742,661762,-0.11,0.11
2026-01-20 09:44:00,sh600318,新力金融,8.92,8.92,8.92,8.91,257,229074,0.0,0.11
2026-01-20 09:45:00,sh600318,新力金融,8.92,8.92,8.93,8.92,467,416651,0.0,0.11
2026-01-20 09:46:00,sh600318,新力金融,8.92,8.93,8.93,8.92,116,103522,0.11,0.11
2026-01-20 09:47:00,sh600318,新力金融,8.93,8.94,8.94,8.93,296,264445,0.11,0.11
2026-01-20 09:48:00,sh600318,新力金融,8.93,8.95,8.95,8.93,163,145682,0.11,0.22
2026-01-20 09:49:00,sh600318,新力金融,8.95,8.96,8.96,8.95,349,312500,0.11,0.11
2026-01-20 09:50:00,sh600318,新力金融,8.96,8.95,8.96,8.95,544,486948,-0.11,0.11
2026-01-20 09:51:00,sh600318,新力金融,8.95,8.95,8.95,8.94,570,509830,0.0,0.11
2026-01-20 09:52:00,sh600318,新力金融,8.95,8.95,8.95,8.94,84,75158,0.0,0.11
2026-01-20 09:53:00,sh600318,新力金融,8.95,8.94,8.95,8.94,62,55438,-0.11,0.11
2026-01-20 09:54:00,sh600318,新力金融,8.94,8.93,8.95,8.93,676,604081,-0.11,0.22
2026-01-20 09:55:00,sh600318,新力金融,8.92,8.92,8.93,8.92,873,778867,-0.11,0.11
2026-01-20 09:56:00,sh600318,新力金融,8.92,8.92,8.93,8.92,199,177545,0.0,0.11
2026-01-20 09:57:00,sh600318,新力金融,8.93,8.92,8.93,8.92,167,149130,0.0,0.11
2026-01-20 09:58:00,sh600318,新力金融,8.93,8.95,8.95,8.93,759,678981,0.34,0.22
2026-01-20 09:59:00,sh600318,新力金融,8.95,8.94,8.95,8.94,180,161101,-0.11,0.11
2026-01-20 10:00:00,sh600318,新力金融,8.95,8.94,8.95,8.94,122,109076,0.0,0.11
2026-01-20 10:01:00,sh600318,新力金融,8.94,8.93,8.95,8.93,328,293303,-0.11,0.22
2026-01-20 10:02:00,sh600318,新力金融,8.93,8.94,8.94,8.93,119,106298,0.11,0.11
2026-01-20 10:03:00,sh600318,新力金融,8.94,8.94,8.94,8.94,351,313759,0.0,0.0
2026-01-20 10:04:00,sh600318,新力金融,8.94,8.95,8.95,8.94,287,256708,0.11,0.11
2026-01-20 10:05:00,sh600318,新力金融,8.95,8.94,8.95,8.94,199,177911,-0.11,0.11
2026-01-20 10:06:00,sh600318,新力金融,8.95,8.96,8.96,8.95,344,307903,0.22,0.11
2026-01-20 10:07:00,sh600318,新力金融,8.95,8.96,8.97,8.95,1017,911237,0.0,0.22
2026-01-20 10:08:00,sh600318,新力金融,8.97,8.97,8.97,8.95,255,228547,0.11,0.22
2026-01-20 10:09:00,sh600318,新力金融,8.96,8.95,8.96,8.95,665,595417,-0.22,0.11
2026-01-20 10:10:00,sh600318,新力金融,8.95,8.96,8.96,8.95,263,235588,0.11,0.11
2026-01-20 10:11:00,sh600318,新力金融,8.95,8.95,8.96,8.95,57,51026,-0.11,0.11
2026-01-20 10:12:00,sh600318,新力金融,8.95,8.95,8.96,8.95,449,401907,0.0,0.11
2026-01-20 10:13:00,sh600318,新力金融,8.95,8.95,8.95,8.95,340,304310,0.0,0.0
2026-01-20 10:14:00,sh600318,新力金融,8.95,8.95,8.95,8.94,405,362116,0.0,0.11
2026-01-20 10:15:00,sh600318,新力金融,8.94,8.93,8.94,8.93,151,134957,-0.22,0.11
2026-01-20 10:16:00,sh600318,新力金融,8.93,8.94,8.94,8.93,335,299377,0.11,0.11
2026-01-20 10:17:00,sh600318,新力金融,8.93,8.94,8.94,8.93,162,144717,0.0,0.11
2026-01-20 10:18:00,sh600318,新力金融,8.94,8.93,8.94,8.93,885,790438,-0.11,0.11
2026-01-20 10:19:00,sh600318,新力金融,8.93,8.92,8.93,8.91,1307,1165703,-0.11,0.22
2026-01-20 10:20:00,sh600318,新力金融,8.92,8.92,8.92,8.92,203,181078,0.0,0.0
2026-01-20 10:21:00,sh600318,新力金融,8.92,8.92,8.92,8.92,671,598639,0.0,0.0
2026-01-20 10:22:00,sh600318,新力金融,8.92,8.92,8.92,8.91,1020,909300,0.0,0.11
2026-01-20 10:23:00,sh600318,新力金融,8.92,8.92,8.93,8.91,455,405616,0.0,0.22
2026-01-20 10:24:00,sh600318,新力金融,8.91,8.9,8.92,8.9,1224,1090880,-0.22,0.22
2026-01-20 10:25:00,sh600318,新力金融,8.91,8.92,8.92,8.91,1036,923104,0.22,0.11
2026-01-20 10:26:00,sh600318,新力金融,8.92,8.91,8.92,8.9,781,695985,-0.11,0.22
2026-01-20 10:27:00,sh600318,新力金融,8.9,8.88,8.91,8.88,4719,4197934,-0.34,0.34
2026-01-20 10:28:00,sh600318,新力金融,8.89,8.9,8.9,8.88,609,541356,0.23,0.23
2026-01-20 10:29:00,sh600318,新力金融,8.9,8.89,8.9,8.89,444,394834,-0.11,0.11
2026-01-20 10:30:00,sh600318,新力金融,8.89,8.91,8.91,8.89,565,502845,0.22,0.22
2026-01-20 10:31:00,sh600318,新力金融,8.91,8.91,8.92,8.91,309,275325,0.0,0.11
2026-01-20 10:32:00,sh600318,新力金融,8.91,8.91,8.91,8.9,85,75719,0.0,0.11
2026-01-20 10:33:00,sh600318,新力金融,8.91,8.92,8.92,8.91,491,437533,0.11,0.11
2026-01-20 10:34:00,sh600318,新力金融,8.91,8.93,8.93,8.91,277,247052,0.11,0.22
2026-01-20 10:35:00,sh600318,新力金融,8.93,8.93,8.93,8.93,0,0,0.0,0.0
2026-01-20 10:36:00,sh600318,新力金融,8.93,8.93,8.93,8.92,28,25003,0.0,0.11
2026-01-20 10:37:00,sh600318,新力金融,8.92,8.93,8.93,8.92,115,102608,0.0,0.11
2026-01-20 10:38:00,sh600318,新力金融,8.92,8.92,8.92,8.92,426,380008,-0.11,0.0
2026-01-20 10:39:00,sh600318,新力金融,8.93,8.92,8.93,8.92,189,168688,0.0,0.11
2026-01-20 10:40:00,sh600318,新力金融,8.92,8.91,8.93,8.91,106,94539,-0.11,0.22
2026-01-20 10:41:00,sh600318,新力金融,8.93,8.93,8.94,8.92,214,191131,0.22,0.22
2026-01-20 10:42:00,sh600318,新力金融,8.94,8.93,8.94,8.93,21,18772,0.0,0.11
2026-01-20 10:43:00,sh600318,新力金融,8.92,8.92,8.92,8.92,444,396326,-0.11,0.0
2026-01-20 10:44:00,sh600318,新力金融,8.92,8.92,8.92,8.92,15,13380,0.0,0.0
2026-01-20 10:45:00,sh600318,新力金融,8.93,8.92,8.93,8.92,142,126675,0.0,0.11
2026-01-20 10:46:00,sh600318,新力金融,8.92,8.93,8.93,8.92,233,207970,0.11,0.11
2026-01-20 10:47:00,sh600318,新力金融,8.94,8.93,8.94,8.93,20,17866,0.0,0.11
2026-01-20 10:48:00,sh600318,新力金融,8.92,8.93,8.93,8.92,96,85647,0.0,0.11
2026-01-20 10:49:00,sh600318,新力金融,8.92,8.92,8.92,8.92,478,426376,-0.11,0.0
2026-01-20 10:50:00,sh600318,新力金融,8.92,8.91,8.92,8.91,444,395616,-0.11,0.11
2026-01-20 10:51:00,sh600318,新力金融,8.91,8.91,8.91,8.9,1186,1056693,0.0,0.11
2026-01-20 10:52:00,sh600318,新力金融,8.91,8.9,8.91,8.9,396,352534,-0.11,0.11
2026-01-20 10:53:00,sh600318,新力金融,8.9,8.91,8.91,8.9,171,152291,0.11,0.11
2026-01-20 10:54:00,sh600318,新力金融,8.9,8.9,8.9,8.9,128,113928,-0.11,0.0
2026-01-20 10:55:00,sh600318,新力金融,8.91,8.9,8.91,8.9,156,138841,0.0,0.11
2026-01-20 10:56:00,sh600318,新力金融,8.91,8.9,8.91,8.9,48,42729,0.0,0.11
2026-01-20 10:57:00,sh600318,新力金融,8.9,8.9,8.9,8.9,8,7120,0.0,0.0
2026-01-20 10:58:00,sh600318,新力金融,8.91,8.9,8.91,8.9,73,65030,0.0,0.11
2026-01-20 10:59:00,sh600318,新力金融,8.91,8.91,8.91,8.9,295,262577,0.11,0.11
2026-01-20 11:00:00,sh600318,新力金融,8.91,8.91,8.91,8.9,946,841974,0.0,0.11
2026-01-20 11:01:00,sh600318,新力金融,8.9,8.91,8.91,8.9,71,63212,0.0,0.11
2026-01-20 11:02:00,sh600318,新力金融,8.91,8.9,8.91,8.9,191,170028,-0.11,0.11
2026-01-20 11:03:00,sh600318,新力金融,8.9,8.9,8.9,8.9,27,24030,0.0,0.0
2026-01-20 11:04:00,sh600318,新力金融,8.9,8.9,8.9,8.9,23,20470,0.0,0.0
2026-01-20 11:05:00,sh600318,新力金融,8.91,8.91,8.91,8.91,265,235871,0.11,0.0
2026-01-20 11:06:00,sh600318,新力金融,8.9,8.9,8.9,8.9,323,287470,-0.11,0.0
2026-01-20 11:07:00,sh600318,新力金融,8.9,8.89,8.9,8.89,586,520941,-0.11,0.11
2026-01-20 11:08:00,sh600318,新力金融,8.89,8.88,8.89,8.88,1687,1499456,-0.11,0.11
2026-01-20 11:09:00,sh600318,新力金融,8.88,8.89,8.89,8.88,135,120010,0.11,0.11
2026-01-20 11:10:00,sh600318,新力金融,8.89,8.89,8.89,8.88,311,276357,0.0,0.11
2026-01-20 11:11:00,sh600318,新力金融,8.89,8.89,8.89,8.88,838,744642,0.0,0.11
2026-01-20 11:12:00,sh600318,新力金融,8.89,8.89,8.89,8.89,324,288036,0.0,0.0
2026-01-20 11:13:00,sh600318,新力金融,8.9,8.9,8.9,8.9,139,123630,0.11,0.0
2026-01-20 11:14:00,sh600318,新力金融,8.89,8.9,8.9,8.89,87,77399,0.0,0.11
2026-01-20 11:15:00,sh600318,新力金融,8.9,8.91,8.91,8.89,757,673628,0.11,0.22
2026-01-20 11:16:00,sh600318,新力金融,8.91,8.9,8.91,8.9,122,108684,-0.11,0.11
2026-01-20 11:17:00,sh600318,新力金融,8.91,8.91,8.91,8.9,12,10689,0.11,0.11
2026-01-20 11:18:00,sh600318,新力金融,8.91,8.91,8.91,8.91,4,3564,0.0,0.0
2026-01-20 11:19:00,sh600318,新力金融,8.91,8.9,8.91,8.9,135,120279,-0.11,0.11
2026-01-20 11:20:00,sh600318,新力金融,8.91,8.91,8.91,8.9,516,459650,0.11,0.11
2026-01-20 11:21:00,sh600318,新力金融,8.91,8.91,8.91,8.91,20,17820,0.0,0.0
2026-01-20 11:22:00,sh600318,新力金融,8.91,8.92,8.92,8.91,72,64183,0.11,0.11
2026-01-20 11:23:00,sh600318,新力金融,8.92,8.92,8.92,8.92,295,263140,0.0,0.0
2026-01-20 11:24:00,sh600318,新力金融,8.92,8.91,8.92,8.91,277,246812,-0.11,0.11
2026-01-20 11:25:00,sh600318,新力金融,8.9,8.91,8.91,8.9,40,35615,0.0,0.11
2026-01-20 11:26:00,sh600318,新力金融,8.91,8.91,8.91,8.91,12,10692,0.0,0.0
2026-01-20 11:27:00,sh600318,新力金融,8.91,8.91,8.91,8.91,34,30294,0.0,0.0
2026-01-20 11:28:00,sh600318,新力金融,8.91,8.91,8.91,8.9,105,93548,0.0,0.11
2026-01-20 11:29:00,sh600318,新力金融,8.9,8.89,8.9,8.89,1201,1068710,-0.22,0.11
2026-01-20 11:30:00,sh600318,新力金融,8.89,8.89,8.89,8.89,190,168951,0.0,0.0
2026-01-20 13:01:00,sh600318,新力金融,8.89,8.9,8.9,8.89,1480,1316150,0.11,0.11
2026-01-20 13:02:00,sh600318,新力金融,8.89,8.88,8.9,8.88,584,519636,-0.22,0.22
2026-01-20 13:03:00,sh600318,新力金融,8.89,8.89,8.89,8.89,336,298642,0.11,0.0
2026-01-20 13:04:00,sh600318,新力金融,8.89,8.88,8.89,8.88,197,175013,-0.11,0.11
2026-01-20 13:05:00,sh600318,新力金融,8.89,8.89,8.89,8.88,60,53337,0.11,0.11
2026-01-20 13:06:00,sh600318,新力金融,8.88,8.89,8.89,8.88,166,147564,0.0,0.11
2026-01-20 13:07:00,sh600318,新力金融,8.89,8.89,8.89,8.88,157,139527,0.0,0.11
2026-01-20 13:08:00,sh600318,新力金融,8.89,8.88,8.89,8.88,308,273660,-0.11,0.11
2026-01-20 13:09:00,sh600318,新力金融,8.89,8.89,8.89,8.89,138,122682,0.11,0.0
2026-01-20 13:10:00,sh600318,新力金融,8.88,8.89,8.89,8.88,370,328885,0.0,0.11
2026-01-20 13:11:00,sh600318,新力金融,8.9,8.89,8.9,8.89,130,115580,0.0,0.11
2026-01-20 13:12:00,sh600318,新力金融,8.89,8.89,8.89,8.88,218,193796,0.0,0.11
2026-01-20 13:13:00,sh600318,新力金融,8.9,8.9,8.9,8.9,50,44475,0.11,0.0
2026-01-20 13:14:00,sh600318,新力金融,8.89,8.9,8.9,8.89,209,185960,0.0,0.11
2026-01-20 13:15:00,sh600318,新力金融,8.9,8.9,8.9,8.9,366,325723,0.0,0.0
2026-01-20 13:16:00,sh600318,新力金融,8.9,8.89,8.9,8.89,201,178690,-0.11,0.11
2026-01-20 13:17:00,sh600318,新力金融,8.89,8.89,8.89,8.89,104,92456,0.0,0.0
2026-01-20 13:18:00,sh600318,新力金融,8.9,8.9,8.9,8.9,15,13350,0.11,0.0
2026-01-20 13:19:00,sh600318,新力金融,8.9,8.9,8.9,8.89,192,170812,0.0,0.11
2026-01-20 13:20:00,sh600318,新力金融,8.9,8.9,8.9,8.89,200,177899,0.0,0.11
2026-01-20 13:21:00,sh600318,新力金融,8.9,8.9,8.9,8.9,578,514417,0.0,0.0
2026-01-20 13:22:00,sh600318,新力金融,8.9,8.9,8.9,8.89,203,180535,0.0,0.11
2026-01-20 13:23:00,sh600318,新力金融,8.9,8.89,8.9,8.89,21,18680,-0.11,0.11
2026-01-20 13:24:00,sh600318,新力金融,8.89,8.89,8.9,8.89,80,71172,0.0,0.11
2026-01-20 13:25:00,sh600318,新力金融,8.89,8.9,8.9,8.89,235,209024,0.11,0.11
2026-01-20 13:26:00,sh600318,新力金融,8.9,8.9,8.9,8.89,165,146802,0.0,0.11
2026-01-20 13:27:00,sh600318,新力金融,8.89,8.91,8.91,8.89,479,426487,0.11,0.22
2026-01-20 13:28:00,sh600318,新力金融,8.9,8.9,8.91,8.9,231,205594,-0.11,0.11
2026-01-20 13:29:00,sh600318,新力金融,8.91,8.91,8.92,8.9,592,527458,0.11,0.22
2026-01-20 13:30:00,sh600318,新力金融,8.9,8.91,8.91,8.9,170,151356,0.0,0.11
2026-01-20 13:31:00,sh600318,新力金融,8.9,8.9,8.9,8.9,234,208260,-0.11,0.0
2026-01-20 13:32:00,sh600318,新力金融,8.9,8.9,8.9,8.9,859,764652,0.0,0.0
2026-01-20 13:33:00,sh600318,新力金融,8.9,8.9,8.91,8.9,258,229820,0.0,0.11
2026-01-20 13:34:00,sh600318,新力金融,8.9,8.9,8.91,8.9,171,152234,0.0,0.11
2026-01-20 13:35:00,sh600318,新力金融,8.91,8.91,8.91,8.9,82,73002,0.11,0.11
2026-01-20 13:36:00,sh600318,新力金融,8.91,8.91,8.92,8.91,832,741374,0.0,0.11
2026-01-20 13:37:00,sh600318,新力金融,8.91,8.91,8.91,8.91,24,21384,0.0,0.0
2026-01-20 13:38:00,sh600318,新力金融,8.91,8.9,8.91,8.9,641,570996,-0.11,0.11
2026-01-20 13:39:00,sh600318,新力金融,8.91,8.91,8.91,8.9,145,129171,0.11,0.11
2026-01-20 13:40:00,sh600318,新力金融,8.91,8.92,8.93,8.91,498,444012,0.11,0.22
2026-01-20 13:41:00,sh600318,新力金融,8.93,8.91,8.93,8.91,132,117727,-0.11,0.22
2026-01-20 13:42:00,sh600318,新力金融,8.91,8.91,8.91,8.91,114,101574,0.0,0.0
2026-01-20 13:43:00,sh600318,新力金融,8.92,8.91,8.92,8.91,117,104310,0.0,0.11
2026-01-20 13:44:00,sh600318,新力金融,8.91,8.92,8.92,8.91,211,188004,0.11,0.11
2026-01-20 13:45:00,sh600318,新力金融,8.91,8.9,8.91,8.9,238,211902,-0.22,0.11
2026-01-20 13:46:00,sh600318,新力金融,8.91,8.92,8.92,8.91,104,92667,0.22,0.11
2026-01-20 13:47:00,sh600318,新力金融,8.92,8.92,8.92,8.91,314,280032,0.0,0.11
2026-01-20 13:48:00,sh600318,新力金融,8.92,8.91,8.92,8.91,1997,1778176,-0.11,0.11
2026-01-20 13:49:00,sh600318,新力金融,8.91,8.91,8.91,8.91,106,94446,0.0,0.0
2026-01-20 13:50:00,sh600318,新力金融,8.91,8.93,8.93,8.91,931,830351,0.22,0.22
2026-01-20 13:51:00,sh600318,新力金融,8.93,8.94,8.95,8.93,896,800824,0.11,0.22
2026-01-20 13:52:00,sh600318,新力金融,8.94,8.93,8.94,8.93,1791,1601039,-0.11,0.11
2026-01-20 13:53:00,sh600318,新力金融,8.92,8.93,8.93,8.92,182,162400,0.0,0.11
2026-01-20 13:54:00,sh600318,新力金融,8.93,8.93,8.93,8.92,279,249098,0.0,0.11
2026-01-20 13:55:00,sh600318,新力金融,8.92,8.92,8.92,8.92,191,170385,-0.11,0.0
2026-01-20 13:56:00,sh600318,新力金融,8.93,8.91,8.93,8.91,412,367567,-0.11,0.22
2026-01-20 13:57:00,sh600318,新力金融,8.92,8.91,8.92,8.91,86,76644,0.0,0.11
2026-01-20 13:58:00,sh600318,新力金融,8.91,8.91,8.91,8.91,93,82863,0.0,0.0
2026-01-20 13:59:00,sh600318,新力金融,8.91,8.91,8.91,8.91,242,215622,0.0,0.0
2026-01-20 14:00:00,sh600318,新力金融,8.91,8.92,8.92,8.91,61,54352,0.11,0.11
2026-01-20 14:01:00,sh600318,新力金融,8.92,8.9,8.92,8.9,372,331407,-0.22,0.22
2026-01-20 14:02:00,sh600318,新力金融,8.91,8.91,8.91,8.91,348,310068,0.11,0.0
2026-01-20 14:03:00,sh600318,新力金融,8.91,8.91,8.91,8.91,105,93555,0.0,0.0
2026-01-20 14:04:00,sh600318,新力金融,8.91,8.92,8.92,8.9,160,142600,0.11,0.22
2026-01-20 14:05:00,sh600318,新力金融,8.91,8.9,8.91,8.9,449,399993,-0.22,0.11
2026-01-20 14:06:00,sh600318,新力金融,8.91,8.9,8.91,8.9,148,131857,0.0,0.11
2026-01-20 14:07:00,sh600318,新力金融,8.9,8.91,8.91,8.9,224,199436,0.11,0.11
2026-01-20 14:08:00,sh600318,新力金融,8.91,8.91,8.91,8.91,84,74844,0.0,0.0
2026-01-20 14:09:00,sh600318,新力金融,8.91,8.91,8.91,8.91,51,45441,0.0,0.0
2026-01-20 14:10:00,sh600318,新力金融,8.9,8.91,8.91,8.9,86,76613,0.0,0.11
2026-01-20 14:11:00,sh600318,新力金融,8.91,8.91,8.91,8.91,24,21384,0.0,0.0
2026-01-20 14:12:00,sh600318,新力金融,8.9,8.91,8.91,8.9,452,402529,0.0,0.11
2026-01-20 14:13:00,sh600318,新力金融,8.91,8.91,8.92,8.91,238,212144,0.0,0.11
2026-01-20 14:14:00,sh600318,新力金融,8.91,8.91,8.91,8.91,3,2673,0.0,0.0
2026-01-20 14:15:00,sh600318,新力金融,8.9,8.9,8.91,8.9,526,468157,-0.11,0.11
2026-01-20 14:16:00,sh600318,新力金融,8.91,8.91,8.91,8.9,1105,982993,0.11,0.11
2026-01-20 14:17:00,sh600318,新力金融,8.91,8.89,8.91,8.89,754,671632,-0.22,0.22
2026-01-20 14:18:00,sh600318,新力金融,8.89,8.9,8.9,8.89,619,550359,0.11,0.11
2026-01-20 14:19:00,sh600318,新力金融,8.89,8.89,8.9,8.89,540,480086,-0.11,0.11
2026-01-20 14:20:00,sh600318,新力金融,8.89,8.9,8.9,8.89,79,70251,0.11,0.11
2026-01-20 14:21:00,sh600318,新力金融,8.9,8.89,8.9,8.89,198,176035,-0.11,0.11
2026-01-20 14:22:00,sh600318,新力金融,8.9,8.9,8.9,8.89,151,134313,0.11,0.11
2026-01-20 14:23:00,sh600318,新力金融,8.9,8.89,8.9,8.89,338,300592,-0.11,0.11
2026-01-20 14:24:00,sh600318,新力金融,8.9,8.89,8.9,8.89,135,120135,0.0,0.11
2026-01-20 14:25:00,sh600318,新力金融,8.9,8.89,8.9,8.89,230,204580,0.0,0.11
2026-01-20 14:26:00,sh600318,新力金融,8.9,8.89,8.9,8.89,23,20459,0.0,0.11
2026-01-20 14:27:00,sh600318,新力金融,8.89,8.89,8.9,8.89,176,156484,0.0,0.11
2026-01-20 14:28:00,sh600318,新力金融,8.89,8.89,8.9,8.89,409,363642,0.0,0.11
2026-01-20 14:29:00,sh600318,新力金融,8.89,8.89,8.89,8.88,1580,1404618,0.0,0.11
2026-01-20 14:30:00,sh600318,新力金融,8.88,8.89,8.89,8.88,134,119079,0.0,0.11
2026-01-20 14:31:00,sh600318,新力金融,8.89,8.88,8.89,8.88,400,355500,-0.11,0.11
2026-01-20 14:32:00,sh600318,新力金融,8.88,8.88,8.89,8.88,2491,2212026,0.0,0.11
2026-01-20 14:33:00,sh600318,新力金融,8.88,8.88,8.89,8.87,2236,1985510,0.0,0.23
2026-01-20 14:34:00,sh600318,新力金融,8.88,8.87,8.88,8.87,584,518103,-0.11,0.11
2026-01-20 14:35:00,sh600318,新力金融,8.87,8.88,8.88,8.87,494,438416,0.11,0.11
2026-01-20 14:36:00,sh600318,新力金融,8.87,8.87,8.88,8.87,86,76284,-0.11,0.11
2026-01-20 14:37:00,sh600318,新力金融,8.88,8.88,8.88,8.87,409,363139,0.11,0.11
2026-01-20 14:38:00,sh600318,新力金融,8.87,8.88,8.89,8.87,1236,1097578,0.0,0.23
2026-01-20 14:39:00,sh600318,新力金融,8.88,8.88,8.89,8.87,402,356935,0.0,0.23
2026-01-20 14:40:00,sh600318,新力金融,8.88,8.88,8.89,8.88,710,630489,0.0,0.11
2026-01-20 14:41:00,sh600318,新力金融,8.89,8.89,8.89,8.88,110,97687,0.11,0.11
2026-01-20 14:42:00,sh600318,新力金融,8.89,8.88,8.89,8.88,228,202644,-0.11,0.11
2026-01-20 14:43:00,sh600318,新力金融,8.89,8.88,8.89,8.88,135,119932,0.0,0.11
2026-01-20 14:44:00,sh600318,新力金融,8.89,8.89,8.9,8.88,699,621099,0.11,0.23
2026-01-20 14:45:00,sh600318,新力金融,8.89,8.9,8.9,8.89,121,107655,0.11,0.11
2026-01-20 14:46:00,sh600318,新力金融,8.9,8.9,8.9,8.89,274,243854,0.0,0.11
2026-01-20 14:47:00,sh600318,新力金融,8.89,8.89,8.91,8.89,1093,972450,-0.11,0.22
2026-01-20 14:48:00,sh600318,新力金融,8.89,8.9,8.9,8.89,446,396633,0.11,0.11
2026-01-20 14:49:00,sh600318,新力金融,8.89,8.89,8.9,8.89,95,84517,-0.11,0.11
2026-01-20 14:50:00,sh600318,新力金融,8.89,8.9,8.9,8.89,224,199299,0.11,0.11
2026-01-20 14:51:00,sh600318,新力金融,8.9,8.89,8.9,8.89,90,80054,-0.11,0.11
2026-01-20 14:52:00,sh600318,新力金融,8.9,8.9,8.9,8.89,940,836546,0.11,0.11
2026-01-20 14:53:00,sh600318,新力金融,8.91,8.9,8.91,8.9,677,602875,0.0,0.11
2026-01-20 14:54:00,sh600318,新力金融,8.9,8.9,8.91,8.9,201,178896,0.0,0.11
2026-01-20 14:55:00,sh600318,新力金融,8.9,8.91,8.91,8.9,729,649015,0.11,0.11
2026-01-20 14:56:00,sh600318,新力金融,8.9,8.9,8.91,8.9,210,187029,-0.11,0.11
2026-01-20 14:57:00,sh600318,新力金融,8.91,8.91,8.91,8.9,670,596611,0.11,0.11
2026-01-20 14:58:00,sh600318,新力金融,8.9,8.9,8.9,8.9,10,8908,-0.11,0.0
2026-01-20 14:59:00,sh600318,新力金融,8.9,8.9,8.9,8.9,0,0,0.0,0.0
2026-01-20 15:00:00,sh600318,新力金融,8.91,8.91,8.91,8.91,799,711909,0.11,0.0
2026-01-21 09:30:00,sh600318,新力金融,8.87,8.87,8.87,8.87,400,354799,0.0,0.0
2026-01-21 09:31:00,sh600318,新力金融,8.87,8.89,8.89,8.85,1117,990460,0.23,0.45
2026-01-21 09:32:00,sh600318,新力金融,8.88,8.9,8.91,8.88,826,734964,0.11,0.34
2026-01-21 09:33:00,sh600318,新力金融,8.9,8.88,8.9,8.88,1118,993658,-0.22,0.22
2026-01-21 09:34:00,sh600318,新力金融,8.88,8.83,8.89,8.83,1860,1647640,-0.56,0.68
2026-01-21 09:35:00,sh600318,新力金融,8.83,8.83,8.84,8.82,1307,1154124,0.0,0.23
2026-01-21 09:36:00,sh600318,新力金融,8.83,8.83,8.85,8.81,2092,1846697,0.0,0.45
2026-01-21 09:37:00,sh600318,新力金融,8.83,8.83,8.83,8.82,426,376007,0.0,0.11
2026-01-21 09:38:00,sh600318,新力金融,8.82,8.83,8.83,8.82,1369,1208431,0.0,0.11
2026-01-21 09:39:00,sh600318,新力金融,8.84,8.85,8.85,8.83,382,337712,0.23,0.23
2026-01-21 09:40:00,sh600318,新力金融,8.85,8.88,8.88,8.84,964,853746,0.34,0.45
2026-01-21 09:41:00,sh600318,新力金融,8.88,8.85,8.88,8.85,714,632758,-0.34,0.34
2026-01-21 09:42:00,sh600318,新力金融,8.86,8.85,8.86,8.85,295,261184,0.0,0.11
2026-01-21 09:43:00,sh600318,新力金融,8.85,8.86,8.86,8.85,433,383306,0.11,0.11
2026-01-21 09:44:00,sh600318,新力金融,8.85,8.84,8.86,8.84,1024,905976,-0.23,0.23
2026-01-21 09:45:00,sh600318,新力金融,8.84,8.86,8.86,8.84,445,393470,0.23,0.23
2026-01-21 09:46:00,sh600318,新力金融,8.86,8.86,8.86,8.85,206,182321,0.0,0.11
2026-01-21 09:47:00,sh600318,新力金融,8.86,8.85,8.86,8.85,542,479745,-0.11,0.11
2026-01-21 09:48:00,sh600318,新力金融,8.86,8.86,8.87,8.85,645,571413,0.11,0.23
2026-01-21 09:49:00,sh600318,新力金融,8.86,8.85,8.86,8.85,254,224923,-0.11,0.11
2026-01-21 09:50:00,sh600318,新力金融,8.85,8.86,8.86,8.85,1814,1605505,0.11,0.11
2026-01-21 09:51:00,sh600318,新力金融,8.86,8.85,8.86,8.85,49,43398,-0.11,0.11
2026-01-21 09:52:00,sh600318,新力金融,8.86,8.85,8.86,8.85,201,177900,0.0,0.11
2026-01-21 09:53:00,sh600318,新力金融,8.85,8.85,8.85,8.85,289,255769,0.0,0.0
2026-01-21 09:54:00,sh600318,新力金融,8.85,8.84,8.85,8.84,345,305128,-0.11,0.11
2026-01-21 09:55:00,sh600318,新力金融,8.84,8.83,8.84,8.83,993,877635,-0.11,0.11
2026-01-21 09:56:00,sh600318,新力金融,8.84,8.84,8.84,8.84,289,255375,0.11,0.0
2026-01-21 09:57:00,sh600318,新力金融,8.84,8.84,8.85,8.83,291,257259,0.0,0.23
2026-01-21 09:58:00,sh600318,新力金融,8.84,8.84,8.84,8.84,372,328860,0.0,0.0
2026-01-21 09:59:00,sh600318,新力金融,8.85,8.84,8.85,8.84,587,519275,0.0,0.11
2026-01-21 10:00:00,sh600318,新力金融,8.85,8.86,8.86,8.85,243,215054,0.23,0.11
2026-01-21 10:01:00,sh600318,新力金融,8.86,8.85,8.86,8.85,67,59325,-0.11,0.11
2026-01-21 10:02:00,sh600318,新力金融,8.86,8.87,8.87,8.86,610,540638,0.23,0.11
2026-01-21 10:03:00,sh600318,新力金融,8.86,8.88,8.88,8.86,279,247438,0.11,0.23
2026-01-21 10:04:00,sh600318,新力金融,8.88,8.87,8.88,8.87,137,121613,-0.11,0.11
2026-01-21 10:05:00,sh600318,新力金融,8.87,8.88,8.88,8.87,135,119830,0.11,0.11
2026-01-21 10:06:00,sh600318,新力金融,8.88,8.88,8.88,8.88,467,414287,0.0,0.0
2026-01-21 10:07:00,sh600318,新力金融,8.88,8.88,8.88,8.87,342,303518,0.0,0.11
2026-01-21 10:08:00,sh600318,新力金融,8.88,8.87,8.88,8.87,343,304319,-0.11,0.11
2026-01-21 10:09:00,sh600318,新力金融,8.87,8.87,8.88,8.87,127,112663,0.0,0.11
2026-01-21 10:10:00,sh600318,新力金融,8.88,8.88,8.88,8.87,831,737927,0.11,0.11
2026-01-21 10:11:00,sh600318,新力金融,8.88,8.89,8.89,8.88,361,320588,0.11,0.11
2026-01-21 10:12:00,sh600318,新力金融,8.89,8.9,8.9,8.88,727,646605,0.11,0.22
2026-01-21 10:13:00,sh600318,新力金融,8.9,8.9,8.9,8.89,236,210012,0.0,0.11
2026-01-21 10:14:00,sh600318,新力金融,8.9,8.9,8.9,8.89,326,290077,0.0,0.11
2026-01-21 10:15:00,sh600318,新力金融,8.9,8.9,8.9,8.89,299,266090,0.0,0.11
2026-01-21 10:16:00,sh600318,新力金融,8.9,8.89,8.9,8.88,1109,985890,-0.11,0.22
2026-01-21 10:17:00,sh600318,新力金融,8.89,8.89,8.89,8.88,253,224870,0.0,0.11
2026-01-21 10:18:00,sh600318,新力金融,8.89,8.89,8.89,8.88,403,357887,0.0,0.11
2026-01-21 10:19:00,sh600318,新力金融,8.88,8.89,8.89,8.88,40,35545,0.0,0.11
2026-01-21 10:20:00,sh600318,新力金融,8.89,8.88,8.89,8.88,47,41774,-0.11,0.11
2026-01-21 10:21:00,sh600318,新力金融,8.89,8.89,8.89,8.88,97,86180,0.11,0.11
2026-01-21 10:22:00,sh600318,新力金融,8.89,8.88,8.89,8.88,104,92385,-0.11,0.11
2026-01-21 10:23:00,sh600318,新力金融,8.89,8.89,8.89,8.89,154,136906,0.11,0.0
2026-01-21 10:24:00,sh600318,新力金融,8.89,8.89,8.89,8.88,161,143123,0.0,0.11
2026-01-21 10:25:00,sh600318,新力金融,8.89,8.89,8.89,8.88,160,142221,0.0,0.11
2026-01-21 10:26:00,sh600318,新力金融,8.89,8.9,8.9,8.89,692,615202,0.11,0.11
2026-01-21 10:27:00,sh600318,新力金融,8.9,8.89,8.9,8.89,32,28453,-0.11,0.11
2026-01-21 10:28:00,sh600318,新力金融,8.89,8.9,8.9,8.89,188,167283,0.11,0.11
2026-01-21 10:29:00,sh600318,新力金融,8.89,8.9,8.9,8.89,12,10679,0.0,0.11
2026-01-21 10:30:00,sh600318,新力金融,8.9,8.9,8.9,8.89,104,92513,0.0,0.11
2026-01-21 10:31:00,sh600318,新力金融,8.9,8.9,8.9,8.9,60,53400,0.0,0.0
2026-01-21 10:32:00,sh600318,新力金融,8.89,8.89,8.89,8.89,33,29347,-0.11,0.0
2026-01-21 10:33:00,sh600318,新力金融,8.89,8.9,8.9,8.89,240,213397,0.11,0.11
2026-01-21 10:34:00,sh600318,新力金融,8.89,8.9,8.9,8.89,195,173537,0.0,0.11
2026-01-21 10:35:00,sh600318,新力金融,8.89,8.89,8.9,8.89,575,511193,-0.11,0.11
2026-01-21 10:36:00,sh600318,新力金融,8.9,8.88,8.9,8.88,571,507612,-0.11,0.22
2026-01-21 10:37:00,sh600318,新力金融,8.88,8.88,8.88,8.88,37,32856,0.0,0.0
2026-01-21 10:38:00,sh600318,新力金融,8.88,8.89,8.89,8.88,636,564827,0.11,0.11
2026-01-21 10:39:00,sh600318,新力金融,8.89,8.88,8.89,8.88,34,30215,-0.11,0.11
2026-01-21 10:40:00,sh600318,新力金融,8.9,8.9,8.9,8.9,946,841150,0.23,0.0
2026-01-21 10:41:00,sh600318,新力金融,8.89,8.89,8.89,8.89,80,71121,-0.11,0.0
2026-01-21 10:42:00,sh600318,新力金融,8.89,8.89,8.9,8.88,670,595380,0.0,0.22
2026-01-21 10:43:00,sh600318,新力金融,8.9,8.9,8.9,8.89,363,322895,0.11,0.11
2026-01-21 10:44:00,sh600318,新力金融,8.9,8.89,8.9,8.89,86,76498,-0.11,0.11
2026-01-21 10:45:00,sh600318,新力金融,8.9,8.89,8.9,8.89,215,191166,0.0,0.11
2026-01-21 10:46:00,sh600318,新力金融,8.89,8.88,8.89,8.88,147,130658,-0.11,0.11
2026-01-21 10:47:00,sh600318,新力金融,8.88,8.88,8.89,8.88,422,374768,0.0,0.11
2026-01-21 10:48:00,sh600318,新力金融,8.88,8.88,8.88,8.87,542,481283,0.0,0.11
2026-01-21 10:49:00,sh600318,新力金融,8.88,8.88,8.88,8.87,376,333559,0.0,0.11
2026-01-21 10:50:00,sh600318,新力金融,8.87,8.87,8.88,8.87,70,62099,-0.11,0.11
2026-01-21 10:51:00,sh600318,新力金融,8.87,8.87,8.87,8.87,55,48785,0.0,0.0
2026-01-21 10:52:00,sh600318,新力金融,8.88,8.88,8.88,8.87,148,131290,0.11,0.11
2026-01-21 10:53:00,sh600318,新力金融,8.87,8.87,8.87,8.87,22,19514,-0.11,0.0
2026-01-21 10:54:00,sh600318,新力金融,8.87,8.88,8.88,8.87,61,54134,0.11,0.11
2026-01-21 10:55:00,sh600318,新力金融,8.88,8.87,8.88,8.87,609,540203,-0.11,0.11
2026-01-21 10:56:00,sh600318,新力金融,8.87,8.88,8.88,8.87,49,43475,0.11,0.11
2026-01-21 10:57:00,sh600318,新力金融,8.87,8.88,8.88,8.87,124,110047,0.0,0.11
2026-01-21 10:58:00,sh600318,新力金融,8.88,8.87,8.88,8.87,286,253717,-0.11,0.11
2026-01-21 10:59:00,sh600318,新力金融,8.87,8.87,8.87,8.87,70,62090,0.0,0.0
2026-01-21 11:00:00,sh600318,新力金融,8.87,8.88,8.88,8.87,334,296482,0.11,0.11
2026-01-21 11:01:00,sh600318,新力金融,8.88,8.87,8.88,8.87,153,135742,-0.11,0.11
2026-01-21 11:02:00,sh600318,新力金融,8.87,8.87,8.87,8.87,35,31045,0.0,0.0
2026-01-21 11:03:00,sh600318,新力金融,8.86,8.86,8.88,8.86,896,794207,-0.11,0.23
2026-01-21 11:04:00,sh600318,新力金融,8.87,8.87,8.87,8.86,114,101087,0.11,0.11
2026-01-21 11:05:00,sh600318,新力金融,8.87,8.88,8.88,8.87,140,124210,0.11,0.11
2026-01-21 11:06:00,sh600318,新力金融,8.87,8.88,8.88,8.87,9,7987,0.0,0.11
2026-01-21 11:07:00,sh600318,新力金融,8.87,8.87,8.87,8.87,84,74513,-0.11,0.0
2026-01-21 11:08:00,sh600318,新力金融,8.88,8.88,8.88,8.88,310,275280,0.11,0.0
2026-01-21 11:09:00,sh600318,新力金融,8.88,8.88,8.88,8.88,120,106559,0.0,0.0
2026-01-21 11:10:00,sh600318,新力金融,8.88,8.88,8.88,8.88,50,44401,0.0,0.0
2026-01-21 11:11:00,sh600318,新力金融,8.88,8.88,8.88,8.87,90,79919,0.0,0.11
2026-01-21 11:12:00,sh600318,新力金融,8.88,8.87,8.89,8.87,264,234407,-0.11,0.23
2026-01-21 11:13:00,sh600318,新力金融,8.88,8.87,8.88,8.87,63,55894,0.0,0.11
2026-01-21 11:14:00,sh600318,新力金融,8.88,8.87,8.88,8.87,166,147373,0.0,0.11
2026-01-21 11:15:00,sh600318,新力金融,8.87,8.87,8.88,8.87,184,163215,0.0,0.11
2026-01-21 11:16:00,sh600318,新力金融,8.87,8.85,8.87,8.85,2156,1910734,-0.23,0.23
2026-01-21 11:17:00,sh600318,新力金融,8.85,8.86,8.87,8.85,387,343049,0.11,0.23
2026-01-21 11:18:00,sh600318,新力金融,8.86,8.87,8.87,8.86,223,197737,0.11,0.11
2026-01-21 11:19:00,sh600318,新力金融,8.87,8.87,8.87,8.87,19,16844,0.0,0.0
2026-01-21 11:20:00,sh600318,新力金融,8.86,8.86,8.86,8.86,73,64678,-0.11,0.0
2026-01-21 11:21:00,sh600318,新力金融,8.86,8.87,8.88,8.86,497,440831,0.11,0.23
2026-01-21 11:22:00,sh600318,新力金融,8.87,8.88,8.88,8.87,55,48838,0.11,0.11
2026-01-21 11:23:00,sh600318,新力金融,8.87,8.87,8.87,8.87,212,188044,-0.11,0.0
2026-01-21 11:24:00,sh600318,新力金融,8.87,8.87,8.87,8.86,316,280048,0.0,0.11
2026-01-21 11:25:00,sh600318,新力金融,8.87,8.87,8.87,8.86,178,157743,0.0,0.11
2026-01-21 11:26:00,sh600318,新力金融,8.87,8.86,8.87,8.86,2,1773,-0.11,0.11
2026-01-21 11:27:00,sh600318,新力金融,8.87,8.87,8.87,8.86,102,90400,0.11,0.11
2026-01-21 11:28:00,sh600318,新力金融,8.87,8.86,8.87,8.86,62,54955,-0.11,0.11
2026-01-21 11:29:00,sh600318,新力金融,8.86,8.86,8.87,8.86,126,111668,0.0,0.11
2026-01-21 11:30:00,sh600318,新力金融,8.87,8.87,8.87,8.86,67,59398,0.11,0.11
2026-01-21 13:01:00,sh600318,新力金融,8.86,8.88,8.88,8.86,875,776585,0.11,0.23
2026-01-21 13:02:00,sh600318,新力金融,8.87,8.86,8.88,8.86,109,96695,-0.23,0.23
2026-01-21 13:03:00,sh600318,新力金融,8.87,8.86,8.87,8.86,118,104658,0.0,0.11
2026-01-21 13:04:00,sh600318,新力金融,8.86,8.87,8.87,8.86,461,408905,0.11,0.11
2026-01-21 13:05:00,sh600318,新力金融,8.87,8.88,8.88,8.86,212,187950,0.11,0.23
2026-01-21 13:06:00,sh600318,新力金融,8.87,8.87,8.87,8.87,146,129502,-0.11,0.0
2026-01-21 13:07:00,sh600318,新力金融,8.87,8.87,8.87,8.87,21,18627,0.0,0.0
2026-01-21 13:08:00,sh600318,新力金融,8.87,8.89,8.89,8.86,985,874169,0.23,0.34
2026-01-21 13:09:00,sh600318,新力金融,8.89,8.89,8.89,8.89,310,275590,0.0,0.0
2026-01-21 13:10:00,sh600318,新力金融,8.89,8.89,8.89,8.89,338,300482,0.0,0.0
2026-01-21 13:11:00,sh600318,新力金融,8.89,8.88,8.89,8.88,56,49740,-0.11,0.11
2026-01-21 13:12:00,sh600318,新力金融,8.88,8.88,8.88,8.88,308,273504,0.0,0.0
2026-01-21 13:13:00,sh600318,新力金融,8.88,8.89,8.89,8.88,310,275589,0.11,0.11
2026-01-21 13:14:00,sh600318,新力金融,8.88,8.88,8.88,8.88,396,351648,-0.11,0.0
2026-01-21 13:15:00,sh600318,新力金融,8.88,8.88,8.88,8.87,31,27520,0.0,0.11
2026-01-21 13:16:00,sh600318,新力金融,8.87,8.87,8.88,8.87,64,56801,-0.11,0.11
2026-01-21 13:17:00,sh600318,新力金融,8.87,8.87,8.87,8.87,50,44350,0.0,0.0
2026-01-21 13:18:00,sh600318,新力金融,8.88,8.88,8.88,8.88,44,39072,0.11,0.0
2026-01-21 13:19:00,sh600318,新力金融,8.87,8.87,8.87,8.87,332,294484,-0.11,0.0
2026-01-21 13:20:00,sh600318,新力金融,8.87,8.87,8.87,8.86,645,571609,0.0,0.11
2026-01-21 13:21:00,sh600318,新力金融,8.87,8.87,8.87,8.87,15,13305,0.0,0.0
2026-01-21 13:22:00,sh600318,新力金融,8.86,8.87,8.87,8.86,14,12408,0.0,0.11
2026-01-21 13:23:00,sh600318,新力金融,8.87,8.86,8.87,8.86,24,21271,-0.11,0.11
2026-01-21 13:24:00,sh600318,新力金融,8.86,8.87,8.87,8.86,62,54965,0.11,0.11
2026-01-21 13:25:00,sh600318,新力金融,8.86,8.86,8.87,8.86,778,689328,-0.11,0.11
2026-01-21 13:26:00,sh600318,新力金融,8.87,8.86,8.87,8.86,78,69178,0.0,0.11
2026-01-21 13:27:00,sh600318,新力金融,8.86,8.85,8.86,8.85,203,179848,-0.11,0.11
2026-01-21 13:28:00,sh600318,新力金融,8.85,8.85,8.86,8.85,330,292053,0.0,0.11
2026-01-21 13:29:00,sh600318,新力金融,8.85,8.85,8.86,8.85,241,213294,0.0,0.11
2026-01-21 13:30:00,sh600318,新力金融,8.86,8.86,8.86,8.86,70,62020,0.11,0.0
2026-01-21 13:31:00,sh600318,新力金融,8.86,8.86,8.86,8.85,345,305641,0.0,0.11
2026-01-21 13:32:00,sh600318,新力金融,8.86,8.86,8.86,8.86,164,145304,0.0,0.0
2026-01-21 13:33:00,sh600318,新力金融,8.86,8.85,8.86,8.85,55,48709,-0.11,0.11
2026-01-21 13:34:00,sh600318,新力金融,8.86,8.85,8.86,8.85,248,219486,0.0,0.11
2026-01-21 13:35:00,sh600318,新力金融,8.85,8.86,8.86,8.85,30,26579,0.11,0.11
2026-01-21 13:36:00,sh600318,新力金融,8.85,8.85,8.85,8.85,214,189392,-0.11,0.0
2026-01-21 13:37:00,sh600318,新力金融,8.85,8.86,8.86,8.85,105,92970,0.11,0.11
2026-01-21 13:38:00,sh600318,新力金融,8.86,8.86,8.86,8.85,455,403078,0.0,0.11
2026-01-21 13:39:00,sh600318,新力金融,8.87,8.86,8.87,8.85,306,271067,0.0,0.23
2026-01-21 13:40:00,sh600318,新力金融,8.86,8.85,8.86,8.85,136,120474,-0.11,0.11
2026-01-21 13:41:00,sh600318,新力金融,8.85,8.87,8.87,8.85,352,311870,0.23,0.23
2026-01-21 13:42:00,sh600318,新力金融,8.86,8.86,8.86,8.86,62,54932,-0.11,0.0
2026-01-21 13:43:00,sh600318,新力金融,8.87,8.86,8.87,8.86,4,3545,0.0,0.11
2026-01-21 13:44:00,sh600318,新力金融,8.86,8.86,8.86,8.86,11,9756,0.0,0.0
2026-01-21 13:45:00,sh600318,新力金融,8.86,8.86,8.87,8.86,347,307482,0.0,0.11
2026-01-21 13:46:00,sh600318,新力金融,8.87,8.86,8.87,8.86,299,264928,0.0,0.11
2026-01-21 13:47:00,sh600318,新力金融,8.86,8.87,8.87,8.86,41,36366,0.11,0.11
2026-01-21 13:48:00,sh600318,新力金融,8.87,8.87,8.87,8.86,39,34587,0.0,0.11
2026-01-21 13:49:00,sh600318,新力金融,8.86,8.87,8.87,8.86,49,43429,0.0,0.11
2026-01-21 13:50:00,sh600318,新力金融,8.87,8.86,8.87,8.86,721,639459,-0.11,0.11
2026-01-21 13:51:00,sh600318,新力金融,8.86,8.86,8.87,8.86,174,154282,0.0,0.11
2026-01-21 13:52:00,sh600318,新力金融,8.86,8.87,8.87,8.86,284,251844,0.11,0.11
2026-01-21 13:53:00,sh600318,新力金融,8.87,8.87,8.87,8.86,139,123227,0.0,0.11
2026-01-21 13:54:00,sh600318,新力金融,8.86,8.86,8.86,8.86,169,149784,-0.11,0.0
2026-01-21 13:55:00,sh600318,新力金融,8.86,8.86,8.87,8.86,13,11519,0.0,0.11
2026-01-21 13:56:00,sh600318,新力金融,8.86,8.86,8.86,8.85,1296,1148265,0.0,0.11
2026-01-21 13:57:00,sh600318,新力金融,8.86,8.86,8.87,8.86,216,191502,0.0,0.11
2026-01-21 13:58:00,sh600318,新力金融,8.86,8.86,8.87,8.86,250,221542,0.0,0.11
2026-01-21 13:59:00,sh600318,新力金融,8.86,8.86,8.87,8.86,123,109022,0.0,0.11
2026-01-21 14:00:00,sh600318,新力金融,8.87,8.86,8.87,8.86,320,283779,0.0,0.11
2026-01-21 14:01:00,sh600318,新力金融,8.86,8.86,8.86,8.85,1945,1723059,0.0,0.11
2026-01-21 14:02:00,sh600318,新力金融,8.86,8.86,8.87,8.86,217,192294,0.0,0.11
2026-01-21 14:03:00,sh600318,新力金融,8.86,8.87,8.87,8.86,549,486724,0.11,0.11
2026-01-21 14:04:00,sh600318,新力金融,8.87,8.86,8.87,8.86,131,116097,-0.11,0.11
2026-01-21 14:05:00,sh600318,新力金融,8.86,8.86,8.87,8.86,825,731038,0.0,0.11
2026-01-21 14:06:00,sh600318,新力金融,8.86,8.85,8.86,8.85,139,123050,-0.11,0.11
2026-01-21 14:07:00,sh600318,新力金融,8.85,8.85,8.85,8.85,394,348690,0.0,0.0
2026-01-21 14:08:00,sh600318,新力金融,8.85,8.86,8.86,8.85,16,14162,0.11,0.11
2026-01-21 14:09:00,sh600318,新力金融,8.85,8.86,8.86,8.85,41,36290,0.0,0.11
2026-01-21 14:10:00,sh600318,新力金融,8.86,8.86,8.86,8.85,139,123032,0.0,0.11
2026-01-21 14:11:00,sh600318,新力金融,8.86,8.86,8.86,8.85,86,76132,0.0,0.11
2026-01-21 14:12:00,sh600318,新力金融,8.85,8.86,8.86,8.85,51,45170,0.0,0.11
2026-01-21 14:13:00,sh600318,新力金融,8.85,8.86,8.86,8.85,154,136312,0.0,0.11
2026-01-21 14:14:00,sh600318,新力金融,8.85,8.85,8.86,8.85,796,705118,-0.11,0.11
2026-01-21 14:15:00,sh600318,新力金融,8.85,8.86,8.86,8.85,43,38088,0.11,0.11
2026-01-21 14:16:00,sh600318,新力金融,8.86,8.86,8.86,8.85,53,46916,0.0,0.11
2026-01-21 14:17:00,sh600318,新力金融,8.85,8.86,8.86,8.85,22,19473,0.0,0.11
2026-01-21 14:18:00,sh600318,新力金融,8.86,8.85,8.86,8.85,528,467774,-0.11,0.11
2026-01-21 14:19:00,sh600318,新力金融,8.85,8.85,8.86,8.85,471,416840,0.0,0.11
2026-01-21 14:20:00,sh600318,新力金融,8.85,8.86,8.86,8.85,1367,1209830,0.11,0.11
2026-01-21 14:21:00,sh600318,新力金融,8.85,8.85,8.85,8.85,422,373470,-0.11,0.0
2026-01-21 14:22:00,sh600318,新力金融,8.85,8.84,8.85,8.84,1000,884976,-0.11,0.11
2026-01-21 14:23:00,sh600318,新力金融,8.84,8.85,8.85,8.84,293,259051,0.11,0.11
2026-01-21 14:24:00,sh600318,新力金融,8.84,8.84,8.84,8.84,500,442000,-0.11,0.0
2026-01-21 14:25:00,sh600318,新力金融,8.84,8.84,8.85,8.84,617,545528,0.0,0.11
2026-01-21 14:26:00,sh600318,新力金融,8.84,8.84,8.84,8.84,148,130837,0.0,0.0
2026-01-21 14:27:00,sh600318,新力金融,8.84,8.84,8.85,8.84,64,56577,0.0,0.11
2026-01-21 14:28:00,sh600318,新力金融,8.84,8.84,8.84,8.84,273,241332,0.0,0.0
2026-01-21 14:29:00,sh600318,新力金融,8.84,8.84,8.85,8.84,164,144978,0.0,0.11
2026-01-21 14:30:00,sh600318,新力金融,8.84,8.84,8.85,8.84,139,122979,0.0,0.11
2026-01-21 14:31:00,sh600318,新力金融,8.84,8.84,8.85,8.84,245,216594,0.0,0.11
2026-01-21 14:32:00,sh600318,新力金融,8.85,8.84,8.85,8.84,163,144161,0.0,0.11
2026-01-21 14:33:00,sh600318,新力金融,8.84,8.84,8.85,8.84,420,371294,0.0,0.11
2026-01-21 14:34:00,sh600318,新力金融,8.85,8.85,8.85,8.84,417,369044,0.11,0.11
2026-01-21 14:35:00,sh600318,新力金融,8.85,8.83,8.85,8.83,1545,1366052,-0.23,0.23
2026-01-21 14:36:00,sh600318,新力金融,8.83,8.84,8.84,8.83,247,218243,0.11,0.11
2026-01-21 14:37:00,sh600318,新力金融,8.84,8.84,8.84,8.83,233,205957,0.0,0.11
2026-01-21 14:38:00,sh600318,新力金融,8.84,8.84,8.84,8.83,288,254582,0.0,0.11
2026-01-21 14:39:00,sh600318,新力金融,8.83,8.83,8.84,8.83,293,259005,-0.11,0.11
2026-01-21 14:40:00,sh600318,新力金融,8.84,8.83,8.84,8.83,121,106918,0.0,0.11
2026-01-21 14:41:00,sh600318,新力金融,8.83,8.84,8.84,8.83,193,170488,0.11,0.11
2026-01-21 14:42:00,sh600318,新力金融,8.82,8.82,8.82,8.81,6042,5332069,-0.23,0.11
2026-01-21 14:43:00,sh600318,新力金融,8.82,8.83,8.83,8.81,633,558142,0.11,0.23
2026-01-21 14:44:00,sh600318,新力金融,8.82,8.82,8.83,8.82,631,556566,-0.11,0.11
2026-01-21 14:45:00,sh600318,新力金融,8.83,8.82,8.83,8.82,1367,1205733,0.0,0.11
2026-01-21 14:46:00,sh600318,新力金融,8.83,8.81,8.83,8.81,884,779685,-0.11,0.23
2026-01-21 14:47:00,sh600318,新力金融,8.82,8.82,8.82,8.81,1011,891565,0.11,0.11
2026-01-21 14:48:00,sh600318,新力金融,8.82,8.82,8.82,8.81,409,360727,0.0,0.11
2026-01-21 14:49:00,sh600318,新力金融,8.82,8.83,8.83,8.82,513,452950,0.11,0.11
2026-01-21 14:50:00,sh600318,新力金融,8.83,8.82,8.83,8.82,542,478505,-0.11,0.11
2026-01-21 14:51:00,sh600318,新力金融,8.83,8.84,8.84,8.83,2390,2110389,0.23,0.11
2026-01-21 14:52:00,sh600318,新力金融,8.83,8.83,8.84,8.83,626,553056,-0.11,0.11
2026-01-21 14:53:00,sh600318,新力金融,8.83,8.83,8.84,8.83,437,386266,0.0,0.11
2026-01-21 14:54:00,sh600318,新力金融,8.84,8.83,8.84,8.83,285,251899,0.0,0.11
2026-01-21 14:55:00,sh600318,新力金融,8.83,8.83,8.84,8.83,510,450470,0.0,0.11
2026-01-21 14:56:00,sh600318,新力金融,8.83,8.84,8.84,8.83,550,485769,0.11,0.11
2026-01-21 14:57:00,sh600318,新力金融,8.83,8.84,8.84,8.83,963,850779,0.0,0.11
2026-01-21 14:58:00,sh600318,新力金融,8.83,8.83,8.83,8.83,15,13258,-0.11,0.0
2026-01-21 14:59:00,sh600318,新力金融,8.83,8.83,8.83,8.83,0,0,0.0,0.0
2026-01-21 15:00:00,sh600318,新力金融,8.84,8.84,8.84,8.84,1598,1412791,0.11,0.0
2026-01-22 09:30:00,sh600318,新力金融,8.85,8.85,8.85,8.85,368,325680,0.0,0.0
2026-01-22 09:31:00,sh600318,新力金融,8.85,8.89,8.89,8.85,925,821131,0.45,0.45
2026-01-22 09:32:00,sh600318,新力金融,8.89,8.9,8.9,8.89,806,716674,0.11,0.11
2026-01-22 09:33:00,sh600318,新力金融,8.9,8.9,8.9,8.89,1008,897078,0.0,0.11
2026-01-22 09:34:00,sh600318,新力金融,8.9,8.89,8.91,8.89,319,283719,-0.11,0.22
2026-01-22 09:35:00,sh600318,新力金融,8.89,8.9,8.9,8.88,1290,1147704,0.11,0.22
2026-01-22 09:36:00,sh600318,新力金融,8.89,8.88,8.9,8.88,1031,915723,-0.22,0.22
2026-01-22 09:37:00,sh600318,新力金融,8.88,8.88,8.89,8.88,525,466231,0.0,0.11
2026-01-22 09:38:00,sh600318,新力金融,8.87,8.9,8.9,8.87,517,459560,0.23,0.34
2026-01-22 09:39:00,sh600318,新力金融,8.9,8.9,8.91,8.9,1239,1103006,0.0,0.11
2026-01-22 09:40:00,sh600318,新力金融,8.9,8.9,8.91,8.9,957,851897,0.0,0.11
2026-01-22 09:41:00,sh600318,新力金融,8.9,8.9,8.91,8.9,397,353343,0.0,0.11
2026-01-22 09:42:00,sh600318,新力金融,8.9,8.9,8.91,8.9,137,121964,0.0,0.11
2026-01-22 09:43:00,sh600318,新力金融,8.91,8.92,8.92,8.91,1935,1724541,0.22,0.11
2026-01-22 09:44:00,sh600318,新力金融,8.92,8.91,8.92,8.91,1212,1080193,-0.11,0.11
2026-01-22 09:45:00,sh600318,新力金融,8.91,8.89,8.91,8.89,499,444182,-0.22,0.22
2026-01-22 09:46:00,sh600318,新力金融,8.9,8.9,8.9,8.89,808,718759,0.11,0.11
2026-01-22 09:47:00,sh600318,新力金融,8.9,8.91,8.91,8.9,322,286611,0.11,0.11
2026-01-22 09:48:00,sh600318,新力金融,8.91,8.91,8.91,8.91,390,347490,0.0,0.0
2026-01-22 09:49:00,sh600318,新力金融,8.91,8.9,8.91,8.9,483,429917,-0.11,0.11
2026-01-22 09:50:00,sh600318,新力金融,8.9,8.9,8.91,8.9,115,102407,0.0,0.11
2026-01-22 09:51:00,sh600318,新力金融,8.91,8.91,8.91,8.9,371,330553,0.11,0.11
2026-01-22 09:52:00,sh600318,新力金融,8.91,8.91,8.92,8.91,214,190736,0.0,0.11
2026-01-22 09:53:00,sh600318,新力金融,8.92,8.94,8.94,8.92,2636,2353260,0.34,0.22
2026-01-22 09:54:00,sh600318,新力金融,8.94,8.94,8.94,8.93,1239,1107220,0.0,0.11
2026-01-22 09:55:00,sh600318,新力金融,8.93,8.93,8.94,8.93,1161,1037074,-0.11,0.11
2026-01-22 09:56:00,sh600318,新力金融,8.93,8.94,8.94,8.93,566,505606,0.11,0.11
2026-01-22 09:57:00,sh600318,新力金融,8.94,8.94,8.94,8.93,942,841677,0.0,0.11
2026-01-22 09:58:00,sh600318,新力金融,8.93,8.93,8.94,8.93,320,285915,-0.11,0.11
2026-01-22 09:59:00,sh600318,新力金融,8.94,8.94,8.94,8.93,116,103664,0.11,0.11
2026-01-22 10:00:00,sh600318,新力金融,8.93,8.93,8.94,8.93,745,665326,-0.11,0.11
2026-01-22 10:01:00,sh600318,新力金融,8.92,8.94,8.95,8.92,3914,3497736,0.11,0.34
2026-01-22 10:02:00,sh600318,新力金融,8.95,8.94,8.95,8.94,148,132375,0.0,0.11
2026-01-22 10:03:00,sh600318,新力金融,8.94,8.94,8.94,8.94,6,5364,0.0,0.0
2026-01-22 10:04:00,sh600318,新力金融,8.94,8.94,8.94,8.93,114,101871,0.0,0.11
2026-01-22 10:05:00,sh600318,新力金融,8.94,8.94,8.94,8.93,153,136669,0.0,0.11
2026-01-22 10:06:00,sh600318,新力金融,8.94,8.94,8.94,8.93,754,674023,0.0,0.11
2026-01-22 10:07:00,sh600318,新力金融,8.94,8.94,8.94,8.93,1098,981106,0.0,0.11
2026-01-22 10:08:00,sh600318,新力金融,8.94,8.95,8.95,8.93,513,458623,0.11,0.22
2026-01-22 10:09:00,sh600318,新力金融,8.95,8.94,8.95,8.94,389,348051,-0.11,0.11
2026-01-22 10:10:00,sh600318,新力金融,8.94,8.94,8.94,8.93,218,194892,0.0,0.11
2026-01-22 10:11:00,sh600318,新力金融,8.94,8.93,8.94,8.93,108,96508,-0.11,0.11
2026-01-22 10:12:00,sh600318,新力金融,8.94,8.93,8.94,8.93,132,117907,0.0,0.11
2026-01-22 10:13:00,sh600318,新力金融,8.93,8.93,8.94,8.93,520,464514,0.0,0.11
2026-01-22 10:14:00,sh600318,新力金融,8.94,8.92,8.94,8.92,711,634951,-0.11,0.22
2026-01-22 10:15:00,sh600318,新力金融,8.92,8.93,8.93,8.92,216,192813,0.11,0.11
2026-01-22 10:16:00,sh600318,新力金融,8.92,8.91,8.92,8.91,1180,1052415,-0.22,0.11
2026-01-22 10:17:00,sh600318,新力金融,8.91,8.91,8.91,8.91,288,256608,0.0,0.0
2026-01-22 10:18:00,sh600318,新力金融,8.91,8.92,8.93,8.91,508,453093,0.11,0.22
2026-01-22 10:19:00,sh600318,新力金融,8.92,8.93,8.93,8.92,635,566596,0.11,0.11
2026-01-22 10:20:00,sh600318,新力金融,8.92,8.92,8.92,8.91,711,634202,-0.11,0.11
2026-01-22 10:21:00,sh600318,新力金融,8.92,8.93,8.93,8.92,399,356028,0.11,0.11
2026-01-22 10:22:00,sh600318,新力金融,8.92,8.93,8.93,8.92,362,323235,0.0,0.11
2026-01-22 10:23:00,sh600318,新力金融,8.93,8.93,8.93,8.92,49,43736,0.0,0.11
2026-01-22 10:24:00,sh600318,新力金融,8.93,8.92,8.93,8.92,181,161547,-0.11,0.11
2026-01-22 10:25:00,sh600318,新力金融,8.92,8.92,8.93,8.92,287,256148,0.0,0.11
2026-01-22 10:26:00,sh600318,新力金融,8.93,8.93,8.93,8.92,347,309689,0.11,0.11
2026-01-22 10:27:00,sh600318,新力金融,8.93,8.92,8.93,8.92,75,66973,-0.11,0.11
2026-01-22 10:28:00,sh600318,新力金融,8.93,8.93,8.93,8.92,78,69611,0.11,0.11
2026-01-22 10:29:00,sh600318,新力金融,8.92,8.93,8.93,8.92,92,82121,0.0,0.11
2026-01-22 10:30:00,sh600318,新力金融,8.92,8.92,8.93,8.92,149,132928,-0.11,0.11
2026-01-22 10:31:00,sh600318,新力金融,8.93,8.92,8.93,8.92,197,175742,0.0,0.11
2026-01-22 10:32:00,sh600318,新力金融,8.92,8.92,8.93,8.92,192,171278,0.0,0.11
2026-01-22 10:33:00,sh600318,新力金融,8.92,8.92,8.92,8.92,658,587062,0.0,0.0
2026-01-22 10:34:00,sh600318,新力金融,8.92,8.92,8.92,8.92,385,343420,0.0,0.0
2026-01-22 10:35:00,sh600318,新力金融,8.92,8.93,8.93,8.92,460,410616,0.11,0.11
2026-01-22 10:36:00,sh600318,新力金融,8.93,8.93,8.93,8.93,188,167884,0.0,0.0
2026-01-22 10:37:00,sh600318,新力金融,8.93,8.92,8.93,8.92,30,26780,-0.11,0.11
2026-01-22 10:38:00,sh600318,新力金融,8.93,8.92,8.93,8.92,182,162462,0.0,0.11
2026-01-22 10:39:00,sh600318,新力金融,8.93,8.93,8.93,8.92,215,191983,0.11,0.11
2026-01-22 10:40:00,sh600318,新力金融,8.93,8.93,8.94,8.93,546,487645,0.0,0.11
2026-01-22 10:41:00,sh600318,新力金融,8.94,8.94,8.94,8.93,81,72404,0.11,0.11
2026-01-22 10:42:00,sh600318,新力金融,8.94,8.94,8.94,8.94,129,115326,0.0,0.0
2026-01-22 10:43:00,sh600318,新力金融,8.93,8.93,8.94,8.93,87,77730,-0.11,0.11
2026-01-22 10:44:00,sh600318,新力金融,8.93,8.94,8.94,8.93,87,77705,0.11,0.11
2026-01-22 10:45:00,sh600318,新力金融,8.94,8.94,8.94,8.93,190,169841,0.0,0.11
2026-01-22 10:46:00,sh600318,新力金融,8.94,8.93,8.94,8.93,112,100069,-0.11,0.11
2026-01-22 10:47:00,sh600318,新力金融,8.94,8.93,8.94,8.93,392,350106,0.0,0.11
2026-01-22 10:48:00,sh600318,新力金融,8.93,8.93,8.94,8.93,62,55415,0.0,0.11
2026-01-22 10:49:00,sh600318,新力金融,8.93,8.93,8.93,8.93,499,445607,0.0,0.0
2026-01-22 10:50:00,sh600318,新力金融,8.93,8.94,8.94,8.92,97,86616,0.11,0.22
2026-01-22 10:51:00,sh600318,新力金融,8.93,8.93,8.94,8.93,26,23233,-0.11,0.11
2026-01-22 10:52:00,sh600318,新力金融,8.93,8.92,8.93,8.92,222,198243,-0.11,0.11
2026-01-22 10:53:00,sh600318,新力金融,8.93,8.94,8.94,8.93,330,294772,0.22,0.11
2026-01-22 10:54:00,sh600318,新力金融,8.94,8.94,8.94,8.94,0,0,0.0,0.0
2026-01-22 10:55:00,sh600318,新力金融,8.93,8.93,8.94,8.93,184,164317,-0.11,0.11
2026-01-22 10:56:00,sh600318,新力金融,8.93,8.93,8.94,8.93,137,122351,0.0,0.11
2026-01-22 10:57:00,sh600318,新力金融,8.93,8.93,8.93,8.93,34,30362,0.0,0.0
2026-01-22 10:58:00,sh600318,新力金融,8.93,8.94,8.94,8.93,22,19661,0.11,0.11
2026-01-22 10:59:00,sh600318,新力金融,8.93,8.93,8.94,8.93,85,75948,-0.11,0.11
2026-01-22 11:00:00,sh600318,新力金融,8.94,8.94,8.94,8.94,81,72414,0.11,0.0
2026-01-22 11:01:00,sh600318,新力金融,8.94,8.93,8.94,8.93,482,430436,-0.11,0.11
2026-01-22 11:02:00,sh600318,新力金融,8.93,8.94,8.94,8.93,86,76808,0.11,0.11
2026-01-22 11:03:00,sh600318,新力金融,8.94,8.94,8.94,8.93,67,59890,0.0,0.11
2026-01-22 11:04:00,sh600318,新力金融,8.93,8.94,8.94,8.93,36,32153,0.0,0.11
2026-01-22 11:05:00,sh600318,新力金融,8.93,8.94,8.94,8.93,51,45565,0.0,0.11
2026-01-22 11:06:00,sh600318,新力金融,8.94,8.93,8.94,8.93,106,94690,-0.11,0.11
2026-01-22 11:07:00,sh600318,新力金融,8.93,8.94,8.94,8.93,8,7148,0.11,0.11
2026-01-22 11:08:00,sh600318,新力金融,8.94,8.93,8.94,8.93,27,24122,-0.11,0.11
2026-01-22 11:09:00,sh600318,新力金融,8.93,8.93,8.94,8.93,163,145569,0.0,0.11
2026-01-22 11:10:00,sh600318,新力金融,8.93,8.94,8.94,8.93,175,156280,0.11,0.11
2026-01-22 11:11:00,sh600318,新力金融,8.93,8.94,8.94,8.93,28,25010,0.0,0.11
2026-01-22 11:12:00,sh600318,新力金融,8.94,8.93,8.94,8.93,211,188523,-0.11,0.11
2026-01-22 11:13:00,sh600318,新力金融,8.93,8.92,8.93,8.92,100,89279,-0.11,0.11
2026-01-22 11:14:00,sh600318,新力金融,8.92,8.93,8.93,8.92,151,134792,0.11,0.11
2026-01-22 11:15:00,sh600318,新力金融,8.92,8.92,8.92,8.92,53,47276,-0.11,0.0
2026-01-22 11:16:00,sh600318,新力金融,8.92,8.92,8.93,8.92,126,112402,0.0,0.11
2026-01-22 11:17:00,sh600318,新力金融,8.92,8.92,8.92,8.92,338,301496,0.0,0.0
2026-01-22 11:18:00,sh600318,新力金融,8.92,8.92,8.92,8.91,790,704372,0.0,0.11
2026-01-22 11:19:00,sh600318,新力金融,8.92,8.92,8.92,8.91,521,464612,0.0,0.11
2026-01-22 11:20:00,sh600318,新力金融,8.91,8.91,8.92,8.91,41,36552,-0.11,0.11
2026-01-22 11:21:00,sh600318,新力金融,8.92,8.91,8.92,8.91,13,11593,0.0,0.11
2026-01-22 11:22:00,sh600318,新力金融,8.91,8.91,8.92,8.91,56,49926,0.0,0.11
2026-01-22 11:23:00,sh600318,新力金融,8.91,8.92,8.92,8.91,379,337692,0.11,0.11
2026-01-22 11:24:00,sh600318,新力金融,8.91,8.92,8.92,8.91,99,88275,0.0,0.11
2026-01-22 11:25:00,sh600318,新力金融,8.92,8.92,8.92,8.92,5,4460,0.0,0.0
2026-01-22 11:26:00,sh600318,新力金融,8.91,8.91,8.91,8.91,15,13365,-0.11,0.0
2026-01-22 11:27:00,sh600318,新力金融,8.91,8.91,8.91,8.91,320,285280,0.0,0.0
2026-01-22 11:28:00,sh600318,新力金融,8.91,8.91,8.92,8.91,27,24063,0.0,0.11
2026-01-22 11:29:00,sh600318,新力金融,8.91,8.92,8.92,8.91,5,4458,0.11,0.11
2026-01-22 11:30:00,sh600318,新力金融,8.91,8.91,8.91,8.91,38,33858,-0.11,0.0
2026-01-22 13:01:00,sh600318,新力金融,8.92,8.95,8.98,8.92,8047,7199607,0.45,0.67
2026-01-22 13:02:00,sh600318,新力金融,8.95,8.94,8.95,8.94,220,196798,-0.11,0.11
2026-01-22 13:03:00,sh600318,新力金融,8.95,8.93,8.95,8.93,219,195866,-0.11,0.22
2026-01-22 13:04:00,sh600318,新力金融,8.94,8.93,8.95,8.93,84,75158,0.0,0.22
2026-01-22 13:05:00,sh600318,新力金融,8.94,8.95,8.95,8.94,396,354406,0.22,0.11
2026-01-22 13:06:00,sh600318,新力金融,8.95,8.93,8.95,8.93,218,194945,-0.22,0.22
2026-01-22 13:07:00,sh600318,新力金融,8.93,8.95,8.95,8.93,121,108216,0.22,0.22
2026-01-22 13:08:00,sh600318,新力金融,8.95,8.94,8.95,8.94,62,55454,-0.11,0.11
2026-01-22 13:09:00,sh600318,新力金融,8.94,8.95,8.95,8.94,40,35769,0.11,0.11
2026-01-22 13:10:00,sh600318,新力金融,8.95,8.94,8.95,8.94,30,26835,-0.11,0.11
2026-01-22 13:11:00,sh600318,新力金融,8.95,8.94,8.95,8.94,45,40248,0.0,0.11
2026-01-22 13:12:00,sh600318,新力金融,8.95,8.95,8.95,8.95,169,151255,0.11,0.0
2026-01-22 13:13:00,sh600318,新力金融,8.95,8.95,8.95,8.95,121,108275,0.0,0.0
2026-01-22 13:14:00,sh600318,新力金融,8.95,8.94,8.95,8.94,250,223731,-0.11,0.11
2026-01-22 13:15:00,sh600318,新力金融,8.94,8.95,8.95,8.94,71,63535,0.11,0.11
2026-01-22 13:16:00,sh600318,新力金融,8.95,8.95,8.95,8.94,374,334729,0.0,0.11
2026-01-22 13:17:00,sh600318,新力金融,8.95,8.95,8.95,8.95,174,155730,0.0,0.0
2026-01-22 13:18:00,sh600318,新力金融,8.94,8.95,8.95,8.94,84,75139,0.0,0.11
2026-01-22 13:19:00,sh600318,新力金融,8.95,8.94,8.95,8.94,66,59054,-0.11,0.11
2026-01-22 13:20:00,sh600318,新力金融,8.95,8.94,8.95,8.94,60,53680,0.0,0.11
2026-01-22 13:21:00,sh600318,新力金融,8.94,8.94,8.94,8.93,491,438946,0.0,0.11
2026-01-22 13:22:00,sh600318,新力金融,8.94,8.94,8.94,8.93,72,64338,0.0,0.11
2026-01-22 13:23:00,sh600318,新力金融,8.94,8.94,8.94,8.94,2,1788,0.0,0.0
2026-01-22 13:24:00,sh600318,新力金融,8.94,8.94,8.94,8.94,15,13410,0.0,0.0
2026-01-22 13:25:00,sh600318,新力金融,8.94,8.93,8.94,8.93,357,318821,-0.11,0.11
2026-01-22 13:26:00,sh600318,新力金融,8.93,8.94,8.94,8.93,211,188430,0.11,0.11
2026-01-22 13:27:00,sh600318,新力金融,8.94,8.93,8.94,8.93,68,60770,-0.11,0.11
2026-01-22 13:28:00,sh600318,新力金融,8.94,8.94,8.94,8.94,35,31290,0.11,0.0
2026-01-22 13:29:00,sh600318,新力金融,8.94,8.94,8.94,8.94,27,24138,0.0,0.0
2026-01-22 13:30:00,sh600318,新力金融,8.94,8.94,8.94,8.93,532,475308,0.0,0.11
2026-01-22 13:31:00,sh600318,新力金融,8.94,8.94,8.94,8.94,12,10728,0.0,0.0
2026-01-22 13:32:00,sh600318,新力金融,8.93,8.93,8.93,8.93,96,85728,-0.11,0.0
2026-01-22 13:33:00,sh600318,新力金融,8.93,8.93,8.93,8.93,401,358092,0.0,0.0
2026-01-22 13:34:00,sh600318,新力金融,8.94,8.94,8.94,8.94,76,67944,0.11,0.0
2026-01-22 13:35:00,sh600318,新力金融,8.93,8.93,8.93,8.93,31,27685,-0.11,0.0
2026-01-22 13:36:00,sh600318,新力金融,8.93,8.93,8.93,8.93,313,279509,0.0,0.0
2026-01-22 13:37:00,sh600318,新力金融,8.93,8.93,8.94,8.93,900,803705,0.0,0.11
2026-01-22 13:38:00,sh600318,新力金融,8.93,8.93,8.93,8.93,386,344698,0.0,0.0
2026-01-22 13:39:00,sh600318,新力金融,8.93,8.93,8.93,8.93,10,8930,0.0,0.0
2026-01-22 13:40:00,sh600318,新力金融,8.93,8.93,8.93,8.93,29,25897,0.0,0.0
2026-01-22 13:41:00,sh600318,新力金融,8.94,8.93,8.94,8.93,15,13409,0.0,0.11
2026-01-22 13:42:00,sh600318,新力金融,8.94,8.94,8.94,8.94,20,17880,0.11,0.0
2026-01-22 13:43:00,sh600318,新力金融,8.93,8.94,8.94,8.93,115,102742,0.0,0.11
2026-01-22 13:44:00,sh600318,新力金融,8.94,8.94,8.94,8.94,304,271476,0.0,0.0
2026-01-22 13:45:00,sh600318,新力金融,8.93,8.94,8.94,8.93,30,26803,0.0,0.11
2026-01-22 13:46:00,sh600318,新力金融,8.94,8.93,8.94,8.93,346,309164,-0.11,0.11
2026-01-22 13:47:00,sh600318,新力金融,8.93,8.93,8.94,8.93,650,580273,0.0,0.11
2026-01-22 13:48:00,sh600318,新力金融,8.93,8.93,8.93,8.93,217,193781,0.0,0.0
2026-01-22 13:49:00,sh600318,新力金融,8.93,8.93,8.93,8.92,92,82146,0.0,0.11
2026-01-22 13:50:00,sh600318,新力金融,8.93,8.93,8.93,8.92,103,91938,0.0,0.11
2026-01-22 13:51:00,sh600318,新力金融,8.92,8.93,8.93,8.92,98,87499,0.0,0.11
2026-01-22 13:52:00,sh600318,新力金融,8.94,8.93,8.94,8.93,577,515474,0.0,0.11
2026-01-22 13:53:00,sh600318,新力金融,8.94,8.94,8.94,8.94,315,281610,0.11,0.0
2026-01-22 13:54:00,sh600318,新力金融,8.94,8.94,8.95,8.94,769,687490,0.0,0.11
2026-01-22 13:55:00,sh600318,新力金融,8.95,8.94,8.95,8.94,407,364185,0.0,0.11
2026-01-22 13:56:00,sh600318,新力金融,8.94,8.95,8.95,8.94,209,186984,0.11,0.11
2026-01-22 13:57:00,sh600318,新力金融,8.95,8.95,8.95,8.94,356,318520,0.0,0.11
2026-01-22 13:58:00,sh600318,新力金融,8.95,8.96,8.96,8.94,823,736623,0.11,0.22
2026-01-22 13:59:00,sh600318,新力金融,8.95,8.96,8.96,8.95,141,126304,0.0,0.11
2026-01-22 14:00:00,sh600318,新力金融,8.96,8.95,8.96,8.95,180,161279,-0.11,0.11
2026-01-22 14:01:00,sh600318,新力金融,8.95,8.95,8.96,8.95,274,245256,0.0,0.11
2026-01-22 14:02:00,sh600318,新力金融,8.96,8.96,8.96,8.96,94,84224,0.11,0.0
2026-01-22 14:03:00,sh600318,新力金融,8.96,8.96,8.96,8.96,306,274176,0.0,0.0
2026-01-22 14:04:00,sh600318,新力金融,8.96,8.96,8.96,8.95,149,133440,0.0,0.11
2026-01-22 14:05:00,sh600318,新力金融,8.96,8.96,8.96,8.95,173,154894,0.0,0.11
2026-01-22 14:06:00,sh600318,新力金融,8.96,8.96,8.96,8.95,75,67190,0.0,0.11
2026-01-22 14:07:00,sh600318,新力金融,8.96,8.96,8.96,8.95,64,57313,0.0,0.11
2026-01-22 14:08:00,sh600318,新力金融,8.96,8.96,8.96,8.95,169,151338,0.0,0.11
2026-01-22 14:09:00,sh600318,新力金融,8.96,8.96,8.96,8.95,132,118187,0.0,0.11
2026-01-22 14:10:00,sh600318,新力金融,8.96,8.96,8.96,8.95,424,379609,0.0,0.11
2026-01-22 14:11:00,sh600318,新力金融,8.95,8.95,8.96,8.95,178,159321,-0.11,0.11
2026-01-22 14:12:00,sh600318,新力金融,8.95,8.95,8.96,8.95,913,817203,0.0,0.11
2026-01-22 14:13:00,sh600318,新力金融,8.95,8.95,8.95,8.95,183,163785,0.0,0.0
2026-01-22 14:14:00,sh600318,新力金融,8.95,8.94,8.95,8.94,67,59952,-0.11,0.11
2026-01-22 14:15:00,sh600318,新力金融,8.94,8.94,8.95,8.94,260,232489,0.0,0.11
2026-01-22 14:16:00,sh600318,新力金融,8.94,8.95,8.95,8.94,717,641338,0.11,0.11
2026-01-22 14:17:00,sh600318,新力金融,8.94,8.95,8.95,8.94,85,76037,0.0,0.11
2026-01-22 14:18:00,sh600318,新力金融,8.95,8.95,8.95,8.95,43,38481,0.0,0.0
2026-01-22 14:19:00,sh600318,新力金融,8.95,8.95,8.95,8.94,212,189732,0.0,0.11
2026-01-22 14:20:00,sh600318,新力金融,8.95,8.94,8.95,8.94,208,186158,-0.11,0.11
2026-01-22 14:21:00,sh600318,新力金融,8.95,8.95,8.96,8.94,682,610395,0.11,0.22
2026-01-22 14:22:00,sh600318,新力金融,8.95,8.95,8.96,8.95,1127,1009700,0.0,0.11
2026-01-22 14:23:00,sh600318,新力金融,8.95,8.95,8.96,8.95,553,495205,0.0,0.11
2026-01-22 14:24:00,sh600318,新力金融,8.96,8.96,8.97,8.96,1115,998415,0.11,0.11
2026-01-22 14:25:00,sh600318,新力金融,8.96,8.96,8.96,8.95,503,450686,0.0,0.11
2026-01-22 14:26:00,sh600318,新力金融,8.96,8.97,8.97,8.95,405,362898,0.11,0.22
2026-01-22 14:27:00,sh600318,新力金融,8.97,8.96,8.97,8.96,365,327214,-0.11,0.11
2026-01-22 14:28:00,sh600318,新力金融,8.97,8.96,8.97,8.96,139,124648,0.0,0.11
2026-01-22 14:29:00,sh600318,新力金融,8.96,8.97,8.97,8.96,498,446503,0.11,0.11
2026-01-22 14:30:00,sh600318,新力金融,8.96,8.97,8.97,8.96,193,172953,0.0,0.11
2026-01-22 14:31:00,sh600318,新力金融,8.97,8.97,8.97,8.96,245,219728,0.0,0.11
2026-01-22 14:32:00,sh600318,新力金融,8.97,8.97,8.97,8.96,559,501319,0.0,0.11
2026-01-22 14:33:00,sh600318,新力金融,8.97,8.96,8.97,8.96,115,103133,-0.11,0.11
2026-01-22 14:34:00,sh600318,新力金融,8.97,8.97,8.97,8.96,183,164086,0.11,0.11
2026-01-22 14:35:00,sh600318,新力金融,8.97,8.97,8.97,8.96,31,27802,0.0,0.11
2026-01-22 14:36:00,sh600318,新力金融,8.96,8.97,8.97,8.96,160,143428,0.0,0.11
2026-01-22 14:37:00,sh600318,新力金融,8.97,8.96,8.97,8.96,375,336192,-0.11,0.11
2026-01-22 14:38:00,sh600318,新力金融,8.96,8.96,8.97,8.96,199,178482,0.0,0.11
2026-01-22 14:39:00,sh600318,新力金融,8.96,8.96,8.97,8.96,317,284298,0.0,0.11
2026-01-22 14:40:00,sh600318,新力金融,8.96,8.96,8.97,8.96,117,104851,0.0,0.11
2026-01-22 14:41:00,sh600318,新力金融,8.97,8.97,8.97,8.96,241,216151,0.11,0.11
2026-01-22 14:42:00,sh600318,新力金融,8.97,8.97,8.97,8.96,255,228684,0.0,0.11
2026-01-22 14:43:00,sh600318,新力金融,8.97,8.97,8.97,8.96,2583,2316899,0.0,0.11
2026-01-22 14:44:00,sh600318,新力金融,8.97,8.95,8.97,8.95,3460,3100400,-0.22,0.22
2026-01-22 14:45:00,sh600318,新力金融,8.96,8.96,8.96,8.96,266,238336,0.11,0.0
2026-01-22 14:46:00,sh600318,新力金融,8.96,8.95,8.96,8.95,169,151303,-0.11,0.11
2026-01-22 14:47:00,sh600318,新力金融,8.95,8.96,8.96,8.95,1159,1038816,0.11,0.11
2026-01-22 14:48:00,sh600318,新力金融,8.96,8.96,8.97,8.95,933,835958,0.0,0.22
2026-01-22 14:49:00,sh600318,新力金融,8.95,8.96,8.97,8.95,510,456876,0.0,0.22
2026-01-22 14:50:00,sh600318,新力金融,8.96,8.95,8.96,8.95,2680,2398731,-0.11,0.11
2026-01-22 14:51:00,sh600318,新力金融,8.96,8.96,8.96,8.95,299,267793,0.11,0.11
2026-01-22 14:52:00,sh600318,新力金融,8.96,8.96,8.96,8.95,1072,959891,0.0,0.11
2026-01-22 14:53:00,sh600318,新力金融,8.95,8.96,8.97,8.95,484,433647,0.0,0.22
2026-01-22 14:54:00,sh600318,新力金融,8.96,8.97,8.97,8.96,380,340612,0.11,0.11
2026-01-22 14:55:00,sh600318,新力金融,8.97,8.97,8.97,8.96,355,318241,0.0,0.11
2026-01-22 14:56:00,sh600318,新力金融,8.97,8.96,8.97,8.96,692,620289,-0.11,0.11
2026-01-22 14:57:00,sh600318,新力金融,8.96,8.97,8.97,8.96,710,636597,0.11,0.11
2026-01-22 14:58:00,sh600318,新力金融,8.96,8.96,8.96,8.96,1,896,-0.11,0.0
2026-01-22 14:59:00,sh600318,新力金融,8.96,8.96,8.96,8.96,0,0,0.0,0.0
2026-01-22 15:00:00,sh600318,新力金融,8.96,8.96,8.96,8.96,1096,982016,0.0,0.0
2026-01-23 09:30:00,sh600318,新力金融,8.99,8.99,8.99,8.99,365,328135,0.0,0.0
2026-01-23 09:31:00,sh600318,新力金融,8.99,8.97,8.99,8.97,1209,1086185,-0.22,0.22
2026-01-23 09:32:00,sh600318,新力金融,8.98,8.97,8.98,8.96,267,239549,0.0,0.22
2026-01-23 09:33:00,sh600318,新力金融,8.97,8.98,8.98,8.96,809,725701,0.11,0.22
2026-01-23 09:34:00,sh600318,新力金融,8.98,9.02,9.04,8.98,2835,2551833,0.45,0.67
2026-01-23 09:35:00,sh600318,新力金融,9.03,9.03,9.04,9.03,1542,1393199,0.11,0.11
2026-01-23 09:36:00,sh600318,新力金融,9.03,9.02,9.03,9.01,2042,1841831,-0.11,0.22
2026-01-23 09:37:00,sh600318,新力金融,9.02,9.03,9.03,9.02,1341,1210852,0.11,0.11
2026-01-23 09:38:00,sh600318,新力金融,9.03,9.02,9.03,9.01,1062,957858,-0.11,0.22
2026-01-23 09:39:00,sh600318,新力金融,9.02,9.01,9.02,9.0,684,616083,-0.11,0.22
2026-01-23 09:40:00,sh600318,新力金融,9.01,9.0,9.01,8.99,838,754302,-0.11,0.22
2026-01-23 09:41:00,sh600318,新力金融,9.0,9.0,9.0,8.99,895,804894,0.0,0.11
2026-01-23 09:42:00,sh600318,新力金融,9.0,9.0,9.0,8.98,981,882221,0.0,0.22
2026-01-23 09:43:00,sh600318,新力金融,8.99,9.0,9.0,8.99,586,527270,0.0,0.11
2026-01-23 09:44:00,sh600318,新力金融,9.0,9.0,9.01,8.99,794,714582,0.0,0.22
2026-01-23 09:45:00,sh600318,新力金融,9.01,9.01,9.01,9.0,361,325021,0.11,0.11
2026-01-23 09:46:00,sh600318,新力金融,9.0,9.01,9.01,8.99,545,490957,0.0,0.22
2026-01-23 09:47:00,sh600318,新力金融,9.01,9.0,9.01,9.0,167,150314,-0.11,0.11
2026-01-23 09:48:00,sh600318,新力金融,9.0,8.99,9.0,8.99,361,324581,-0.11,0.11
2026-01-23 09:49:00,sh600318,新力金融,8.99,9.0,9.0,8.99,196,176376,0.11,0.11
2026-01-23 09:50:00,sh600318,新力金融,9.0,8.99,9.0,8.98,1282,1152303,-0.11,0.22
2026-01-23 09:51:00,sh600318,新力金融,8.99,8.99,8.99,8.98,503,452178,0.0,0.11
2026-01-23 09:52:00,sh600318,新力金融,8.99,9.0,9.0,8.99,471,423576,0.11,0.11
2026-01-23 09:53:00,sh600318,新力金融,9.0,9.01,9.01,9.0,578,520438,0.11,0.11
2026-01-23 09:54:00,sh600318,新力金融,9.0,8.99,9.01,8.99,660,594213,-0.22,0.22
2026-01-23 09:55:00,sh600318,新力金融,9.0,9.0,9.0,9.0,109,98100,0.11,0.0
2026-01-23 09:56:00,sh600318,新力金融,8.99,9.0,9.0,8.99,418,376055,0.0,0.11
2026-01-23 09:57:00,sh600318,新力金融,9.0,9.0,9.0,8.99,475,427268,0.0,0.11
2026-01-23 09:58:00,sh600318,新力金融,9.0,8.99,9.0,8.98,278,249930,-0.11,0.22
2026-01-23 09:59:00,sh600318,新力金融,8.99,8.99,8.99,8.99,365,328135,0.0,0.0
2026-01-23 10:00:00,sh600318,新力金融,8.99,8.99,9.0,8.99,121,108790,0.0,0.11
2026-01-23 10:01:00,sh600318,新力金融,9.0,9.0,9.0,8.99,127,114294,0.11,0.11
2026-01-23 10:02:00,sh600318,新力金融,9.0,9.0,9.0,8.99,739,664973,0.0,0.11
2026-01-23 10:03:00,sh600318,新力金融,9.0,8.99,9.0,8.99,605,544005,-0.11,0.11
2026-01-23 10:04:00,sh600318,新力金融,9.0,9.0,9.0,8.99,272,244771,0.11,0.11
2026-01-23 10:05:00,sh600318,新力金融,8.99,8.99,9.0,8.99,292,262680,-0.11,0.11
2026-01-23 10:06:00,sh600318,新力金融,9.0,9.0,9.0,8.99,99,89047,0.11,0.11
2026-01-23 10:07:00,sh600318,新力金融,9.0,9.0,9.0,8.99,228,205188,0.0,0.11
2026-01-23 10:08:00,sh600318,新力金融,8.99,8.99,9.0,8.99,286,257317,-0.11,0.11
2026-01-23 10:09:00,sh600318,新力金融,8.99,9.0,9.0,8.99,600,539811,0.11,0.11
2026-01-23 10:10:00,sh600318,新力金融,9.0,9.0,9.0,8.99,516,464310,0.0,0.11
2026-01-23 10:11:00,sh600318,新力金融,9.0,9.0,9.0,8.99,181,162850,0.0,0.11
2026-01-23 10:12:00,sh600318,新力金融,9.0,9.0,9.0,8.99,443,398321,0.0,0.11
2026-01-23 10:13:00,sh600318,新力金融,9.0,8.99,9.0,8.99,1437,1291915,-0.11,0.11
2026-01-23 10:14:00,sh600318,新力金融,9.0,9.0,9.0,8.99,433,389301,0.11,0.11
2026-01-23 10:15:00,sh600318,新力金融,9.0,8.99,9.0,8.99,916,824242,-0.11,0.11
2026-01-23 10:16:00,sh600318,新力金融,8.99,8.99,9.0,8.99,467,420089,0.0,0.11
2026-01-23 10:17:00,sh600318,新力金融,8.98,8.99,8.99,8.98,109,97945,0.0,0.11
2026-01-23 10:18:00,sh600318,新力金融,8.98,8.98,8.99,8.98,73,65581,-0.11,0.11
2026-01-23 10:19:00,sh600318,新力金融,8.99,8.98,8.99,8.98,306,274956,0.0,0.11
2026-01-23 10:20:00,sh600318,新力金融,8.98,8.98,8.99,8.98,982,882206,0.0,0.11
2026-01-23 10:21:00,sh600318,新力金融,8.98,8.98,8.99,8.98,189,169742,0.0,0.11
2026-01-23 10:22:00,sh600318,新力金融,8.98,8.97,8.99,8.97,2171,1948924,-0.11,0.22
2026-01-23 10:23:00,sh600318,新力金融,8.97,8.97,8.97,8.96,768,688835,0.0,0.11
2026-01-23 10:24:00,sh600318,新力金融,8.97,8.97,8.98,8.97,470,421601,0.0,0.11
2026-01-23 10:25:00,sh600318,新力金融,8.97,8.97,8.98,8.97,54,48449,0.0,0.11
2026-01-23 10:26:00,sh600318,新力金融,8.97,8.97,8.98,8.97,261,234119,0.0,0.11
2026-01-23 10:27:00,sh600318,新力金融,8.97,8.97,8.98,8.97,300,269131,0.0,0.11
2026-01-23 10:28:00,sh600318,新力金融,8.97,8.96,8.97,8.96,2199,1971040,-0.11,0.11
2026-01-23 10:29:00,sh600318,新力金融,8.97,8.96,8.97,8.96,279,250054,0.0,0.11
2026-01-23 10:30:00,sh600318,新力金融,8.97,8.97,8.97,8.96,709,635913,0.11,0.11
2026-01-23 10:31:00,sh600318,新力金融,8.98,8.97,8.98,8.97,174,156091,0.0,0.11
2026-01-23 10:32:00,sh600318,新力金融,8.98,8.97,8.98,8.97,169,151658,0.0,0.11
2026-01-23 10:33:00,sh600318,新力金融,8.97,8.97,8.98,8.97,351,314860,0.0,0.11
2026-01-23 10:34:00,sh600318,新力金融,8.97,8.96,8.97,8.96,188,168565,-0.11,0.11
2026-01-23 10:35:00,sh600318,新力金融,8.97,8.97,8.98,8.96,853,764787,0.11,0.22
2026-01-23 10:36:00,sh600318,新力金融,8.97,8.97,8.97,8.96,505,452945,0.0,0.11
2026-01-23 10:37:00,sh600318,新力金融,8.96,8.97,8.97,8.96,265,237664,0.0,0.11
2026-01-23 10:38:00,sh600318,新力金融,8.97,8.97,8.98,8.96,458,410820,0.0,0.22
2026-01-23 10:39:00,sh600318,新力金融,8.97,8.97,8.97,8.96,185,165944,0.0,0.11
2026-01-23 10:40:00,sh600318,新力金融,8.97,8.97,8.97,8.97,149,133653,0.0,0.0
2026-01-23 10:41:00,sh600318,新力金融,8.97,8.97,8.97,8.97,149,133633,0.0,0.0
2026-01-23 10:42:00,sh600318,新力金融,8.96,8.97,8.97,8.96,12,10763,0.0,0.11
2026-01-23 10:43:00,sh600318,新力金融,8.96,8.97,8.97,8.96,518,464493,0.0,0.11
2026-01-23 10:44:00,sh600318,新力金融,8.97,8.97,8.97,8.97,281,252068,0.0,0.0
2026-01-23 10:45:00,sh600318,新力金融,8.97,8.96,8.97,8.96,166,148760,-0.11,0.11
2026-01-23 10:46:00,sh600318,新力金融,8.97,8.97,8.97,8.97,28,25109,0.11,0.0
2026-01-23 10:47:00,sh600318,新力金融,8.97,8.97,8.97,8.96,280,250952,0.0,0.11
2026-01-23 10:48:00,sh600318,新力金融,8.96,8.97,8.97,8.96,117,104929,0.0,0.11
2026-01-23 10:49:00,sh600318,新力金融,8.97,8.97,8.97,8.96,461,413315,0.0,0.11
2026-01-23 10:50:00,sh600318,新力金融,8.97,8.97,8.97,8.97,109,97773,0.0,0.0
2026-01-23 10:51:00,sh600318,新力金融,8.97,8.97,8.97,8.96,98,87889,0.0,0.11
2026-01-23 10:52:00,sh600318,新力金融,8.96,8.96,8.97,8.96,222,198965,-0.11,0.11
2026-01-23 10:53:00,sh600318,新力金融,8.96,8.96,8.97,8.96,498,446221,0.0,0.11
2026-01-23 10:54:00,sh600318,新力金融,8.96,8.96,8.97,8.96,101,90528,0.0,0.11
2026-01-23 10:55:00,sh600318,新力金融,8.96,8.97,8.97,8.96,283,253620,0.11,0.11
2026-01-23 10:56:00,sh600318,新力金融,8.96,8.97,8.97,8.96,413,370067,0.0,0.11
2026-01-23 10:57:00,sh600318,新力金融,8.96,8.97,8.97,8.96,726,651035,0.0,0.11
2026-01-23 10:58:00,sh600318,新力金融,8.96,8.96,8.97,8.96,134,120074,-0.11,0.11
2026-01-23 10:59:00,sh600318,新力金融,8.97,8.96,8.97,8.96,376,336933,0.0,0.11
2026-01-23 11:00:00,sh600318,新力金融,8.96,8.97,8.97,8.96,481,431158,0.11,0.11
2026-01-23 11:01:00,sh600318,新力金融,8.97,8.96,8.97,8.96,138,123690,-0.11,0.11
2026-01-23 11:02:00,sh600318,新力金融,8.97,8.96,8.97,8.95,544,487275,0.0,0.22
2026-01-23 11:03:00,sh600318,新力金融,8.96,8.96,8.96,8.96,347,310912,0.0,0.0
2026-01-23 11:04:00,sh600318,新力金融,8.95,8.94,8.95,8.94,921,824259,-0.22,0.11
2026-01-23 11:05:00,sh600318,新力金融,8.94,8.96,8.96,8.94,1300,1163353,0.22,0.22
2026-01-23 11:06:00,sh600318,新力金融,8.96,8.96,8.97,8.96,219,196277,0.0,0.11
2026-01-23 11:07:00,sh600318,新力金融,8.96,8.95,8.96,8.95,221,197998,-0.11,0.11
2026-01-23 11:08:00,sh600318,新力金融,8.96,8.95,8.96,8.95,91,81535,0.0,0.11
2026-01-23 11:09:00,sh600318,新力金融,8.96,8.96,8.96,8.95,127,113735,0.11,0.11
2026-01-23 11:10:00,sh600318,新力金融,8.96,8.95,8.96,8.95,236,211406,-0.11,0.11
2026-01-23 11:11:00,sh600318,新力金融,8.96,8.94,8.96,8.94,1515,1355754,-0.11,0.22
2026-01-23 11:12:00,sh600318,新力金融,8.94,8.95,8.95,8.94,339,303184,0.11,0.11
2026-01-23 11:13:00,sh600318,新力金融,8.95,8.94,8.95,8.94,396,354381,-0.11,0.11
2026-01-23 11:14:00,sh600318,新力金融,8.95,8.95,8.95,8.95,160,143200,0.11,0.0
2026-01-23 11:15:00,sh600318,新力金融,8.95,8.94,8.95,8.94,260,232699,-0.11,0.11
2026-01-23 11:16:00,sh600318,新力金融,8.94,8.96,8.96,8.94,230,205837,0.22,0.22
2026-01-23 11:17:00,sh600318,新力金融,8.95,8.95,8.96,8.95,119,106522,-0.11,0.11
2026-01-23 11:18:00,sh600318,新力金融,8.96,8.95,8.96,8.95,1082,968382,0.0,0.11
2026-01-23 11:19:00,sh600318,新力金融,8.95,8.95,8.95,8.94,551,492770,0.0,0.11
2026-01-23 11:20:00,sh600318,新力金融,8.95,8.96,8.96,8.95,1048,937970,0.11,0.11
2026-01-23 11:21:00,sh600318,新力金融,8.95,8.95,8.96,8.95,20,17901,-0.11,0.11
2026-01-23 11:22:00,sh600318,新力金融,8.96,8.96,8.96,8.95,335,300043,0.11,0.11
2026-01-23 11:23:00,sh600318,新力金融,8.96,8.96,8.96,8.96,241,215936,0.0,0.0
2026-01-23 11:24:00,sh600318,新力金融,8.96,8.96,8.96,8.96,65,58240,0.0,0.0
2026-01-23 11:25:00,sh600318,新力金融,8.96,8.97,8.97,8.96,33,29588,0.11,0.11
2026-01-23 11:26:00,sh600318,新力金融,8.96,8.96,8.96,8.96,51,45696,-0.11,0.0
2026-01-23 11:27:00,sh600318,新力金融,8.96,8.96,8.96,8.96,240,215040,0.0,0.0
2026-01-23 11:28:00,sh600318,新力金融,8.96,8.96,8.96,8.95,317,283976,0.0,0.11
2026-01-23 11:29:00,sh600318,新力金融,8.96,8.96,8.96,8.95,271,242784,0.0,0.11
2026-01-23 11:30:00,sh600318,新力金融,8.96,8.95,8.96,8.95,497,445112,-0.11,0.11
2026-01-23 13:01:00,sh600318,新力金融,8.95,8.96,8.97,8.95,708,634291,0.11,0.22
2026-01-23 13:02:00,sh600318,新力金融,8.97,8.97,8.97,8.97,20,17940,0.11,0.0
2026-01-23 13:03:00,sh600318,新力金融,8.96,8.96,8.97,8.96,309,276975,-0.11,0.11
2026-01-23 13:04:00,sh600318,新力金融,8.96,8.96,8.96,8.96,122,108989,0.0,0.0
2026-01-23 13:05:00,sh600318,新力金融,8.96,8.97,8.97,8.96,327,293019,0.11,0.11
2026-01-23 13:06:00,sh600318,新力金融,8.97,8.96,8.97,8.96,108,96779,-0.11,0.11
2026-01-23 13:07:00,sh600318,新力金融,8.96,8.96,8.97,8.96,198,177443,0.0,0.11
2026-01-23 13:08:00,sh600318,新力金融,8.97,8.97,8.97,8.96,180,161310,0.11,0.11
2026-01-23 13:09:00,sh600318,新力金融,8.96,8.96,8.96,8.96,167,149632,-0.11,0.0
2026-01-23 13:10:00,sh600318,新力金融,8.96,8.97,8.97,8.96,368,329968,0.11,0.11
2026-01-23 13:11:00,sh600318,新力金融,8.96,8.96,8.97,8.96,330,295808,-0.11,0.11
2026-01-23 13:12:00,sh600318,新力金融,8.97,8.96,8.97,8.96,526,471409,0.0,0.11
2026-01-23 13:13:00,sh600318,新力金融,8.96,8.95,8.96,8.95,429,384692,-0.11,0.11
2026-01-23 13:14:00,sh600318,新力金融,8.96,8.96,8.96,8.95,200,179199,0.11,0.11
2026-01-23 13:15:00,sh600318,新力金融,8.95,8.96,8.97,8.95,636,569750,0.0,0.22
2026-01-23 13:16:00,sh600318,新力金融,8.96,8.96,8.97,8.96,156,139777,0.0,0.11
2026-01-23 13:17:00,sh600318,新力金融,8.97,8.97,8.97,8.97,52,46644,0.11,0.0
2026-01-23 13:18:00,sh600318,新力金融,8.97,8.96,8.97,8.96,287,257348,-0.11,0.11
2026-01-23 13:19:00,sh600318,新力金融,8.96,8.96,8.96,8.96,261,233856,0.0,0.0
2026-01-23 13:20:00,sh600318,新力金融,8.97,8.97,8.97,8.96,307,275242,0.11,0.11
2026-01-23 13:21:00,sh600318,新力金融,8.97,8.96,8.97,8.96,173,155153,-0.11,0.11
2026-01-23 13:22:00,sh600318,新力金融,8.96,8.96,8.97,8.96,656,587798,0.0,0.11
2026-01-23 13:23:00,sh600318,新力金融,8.97,8.96,8.97,8.96,43,38546,0.0,0.11
2026-01-23 13:24:00,sh600318,新力金融,8.96,8.97,8.97,8.96,538,482528,0.11,0.11
2026-01-23 13:25:00,sh600318,新力金融,8.96,8.96,8.97,8.96,929,832394,-0.11,0.11
2026-01-23 13:26:00,sh600318,新力金融,8.96,8.95,8.96,8.95,601,538446,-0.11,0.11
2026-01-23 13:27:00,sh600318,新力金融,8.95,8.95,8.96,8.95,186,166540,0.0,0.11
2026-01-23 13:28:00,sh600318,新力金融,8.95,8.96,8.96,8.95,73,65357,0.11,0.11
2026-01-23 13:29:00,sh600318,新力金融,8.95,8.95,8.96,8.95,125,111993,-0.11,0.11
2026-01-23 13:30:00,sh600318,新力金融,8.95,8.96,8.96,8.95,147,131593,0.11,0.11
2026-01-23 13:31:00,sh600318,新力金融,8.95,8.96,8.96,8.95,225,201480,0.0,0.11
2026-01-23 13:32:00,sh600318,新力金融,8.96,8.95,8.96,8.95,493,441324,-0.11,0.11
2026-01-23 13:33:00,sh600318,新力金融,8.95,8.95,8.96,8.95,810,725699,0.0,0.11
2026-01-23 13:34:00,sh600318,新力金融,8.96,8.96,8.96,8.95,69,61775,0.11,0.11
2026-01-23 13:35:00,sh600318,新力金融,8.96,8.96,8.96,8.95,275,246383,0.0,0.11
2026-01-23 13:36:00,sh600318,新力金融,8.97,8.96,8.97,8.96,128,114762,0.0,0.11
2026-01-23 13:37:00,sh600318,新力金融,8.97,8.96,8.97,8.96,53,47537,0.0,0.11
2026-01-23 13:38:00,sh600318,新力金融,8.97,8.96,8.97,8.96,208,186376,0.0,0.11
2026-01-23 13:39:00,sh600318,新力金融,8.96,8.97,8.97,8.96,125,112103,0.11,0.11
2026-01-23 13:40:00,sh600318,新力金融,8.96,8.96,8.97,8.96,884,792077,-0.11,0.11
2026-01-23 13:41:00,sh600318,新力金融,8.96,8.95,8.96,8.95,33,29545,-0.11,0.11
2026-01-23 13:42:00,sh600318,新力金融,8.96,8.96,8.97,8.96,472,422918,0.11,0.11
2026-01-23 13:43:00,sh600318,新力金融,8.96,8.96,8.97,8.96,265,237478,0.0,0.11
2026-01-23 13:44:00,sh600318,新力金融,8.96,8.95,8.96,8.95,733,656748,-0.11,0.11
2026-01-23 13:45:00,sh600318,新力金融,8.96,8.95,8.96,8.95,23,20599,0.0,0.11
2026-01-23 13:46:00,sh600318,新力金融,8.96,8.95,8.96,8.95,121,108334,0.0,0.11
2026-01-23 13:47:00,sh600318,新力金融,8.95,8.96,8.96,8.95,69,61757,0.11,0.11
2026-01-23 13:48:00,sh600318,新力金融,8.95,8.96,8.96,8.95,409,366324,0.0,0.11
2026-01-23 13:49:00,sh600318,新力金融,8.95,8.96,8.96,8.95,28,25075,0.0,0.11
2026-01-23 13:50:00,sh600318,新力金融,8.95,8.96,8.96,8.95,137,122626,0.0,0.11
2026-01-23 13:51:00,sh600318,新力金融,8.95,8.96,8.96,8.95,107,95783,0.0,0.11
2026-01-23 13:52:00,sh600318,新力金融,8.95,8.96,8.96,8.95,579,518316,0.0,0.11
2026-01-23 13:53:00,sh600318,新力金融,8.95,8.96,8.97,8.95,229,205169,0.0,0.22
2026-01-23 13:54:00,sh600318,新力金融,8.97,8.96,8.97,8.96,559,501364,0.0,0.11
2026-01-23 13:55:00,sh600318,新力金融,8.96,8.97,8.97,8.96,74,66372,0.11,0.11
2026-01-23 13:56:00,sh600318,新力金融,8.96,8.96,8.97,8.96,281,251957,-0.11,0.11
2026-01-23 13:57:00,sh600318,新力金融,8.96,8.96,8.96,8.96,404,361984,0.0,0.0
2026-01-23 13:58:00,sh600318,新力金融,8.96,8.97,8.97,8.96,591,529549,0.11,0.11
2026-01-23 13:59:00,sh600318,新力金融,8.96,8.96,8.97,8.96,88,78893,-0.11,0.11
2026-01-23 14:00:00,sh600318,新力金融,8.96,8.97,8.97,8.96,99,88722,0.11,0.11
2026-01-23 14:01:00,sh600318,新力金融,8.96,8.97,8.97,8.96,159,142566,0.0,0.11
2026-01-23 14:02:00,sh600318,新力金融,8.96,8.97,8.97,8.96,36,32274,0.0,0.11
2026-01-23 14:03:00,sh600318,新力金融,8.96,8.96,8.97,8.96,143,128195,-0.11,0.11
2026-01-23 14:04:00,sh600318,新力金融,8.96,8.96,8.97,8.96,217,194637,0.0,0.11
2026-01-23 14:05:00,sh600318,新力金融,8.97,8.97,8.97,8.96,284,254525,0.11,0.11
2026-01-23 14:06:00,sh600318,新力金融,8.96,8.97,8.97,8.96,118,105781,0.0,0.11
2026-01-23 14:07:00,sh600318,新力金融,8.96,8.97,8.97,8.96,43,38538,0.0,0.11
2026-01-23 14:08:00,sh600318,新力金融,8.96,8.96,8.97,8.96,520,466044,-0.11,0.11
2026-01-23 14:09:00,sh600318,新力金融,8.96,8.97,8.97,8.96,1205,1080876,0.11,0.11
2026-01-23 14:10:00,sh600318,新力金融,8.97,8.98,8.98,8.97,212,190262,0.11,0.11
2026-01-23 14:11:00,sh600318,新力金融,8.97,8.98,8.98,8.97,223,200108,0.0,0.11
2026-01-23 14:12:00,sh600318,新力金融,8.97,8.97,8.98,8.97,120,107650,-0.11,0.11
2026-01-23 14:13:00,sh600318,新力金融,8.97,8.97,8.98,8.97,1093,980439,0.0,0.11
2026-01-23 14:14:00,sh600318,新力金融,8.97,8.97,8.98,8.97,788,706837,0.0,0.11
2026-01-23 14:15:00,sh600318,新力金融,8.97,8.97,8.98,8.97,121,108642,0.0,0.11
2026-01-23 14:16:00,sh600318,新力金融,8.98,8.97,8.98,8.97,92,82609,0.0,0.11
2026-01-23 14:17:00,sh600318,新力金融,8.98,8.97,8.98,8.97,191,171458,0.0,0.11
2026-01-23 14:18:00,sh600318,新力金融,8.98,8.98,8.98,8.97,33,29626,0.11,0.11
2026-01-23 14:19:00,sh600318,新力金融,8.97,8.97,8.98,8.97,77,69072,-0.11,0.11
2026-01-23 14:20:00,sh600318,新力金融,8.97,8.98,8.98,8.97,159,142772,0.11,0.11
2026-01-23 14:21:00,sh600318,新力金融,8.97,8.99,8.99,8.97,1153,1035358,0.11,0.22
2026-01-23 14:22:00,sh600318,新力金融,8.99,8.99,8.99,8.99,254,228346,0.0,0.0
2026-01-23 14:23:00,sh600318,新力金融,8.98,9.0,9.0,8.98,904,812789,0.11,0.22
2026-01-23 14:24:00,sh600318,新力金融,9.0,9.0,9.0,8.99,955,858785,0.0,0.11
2026-01-23 14:25:00,sh600318,新力金融,8.99,9.0,9.0,8.99,288,259025,0.0,0.11
2026-01-23 14:26:00,sh600318,新力金融,9.0,9.0,9.0,8.99,246,221301,0.0,0.11
2026-01-23 14:27:00,sh600318,新力金融,8.99,9.01,9.01,8.99,1776,1598576,0.11,0.22
2026-01-23 14:28:00,sh600318,新力金融,9.01,9.02,9.02,9.01,1805,1626451,0.11,0.11
2026-01-23 14:29:00,sh600318,新力金融,9.02,9.02,9.02,9.01,173,156042,0.0,0.11
2026-01-23 14:30:00,sh600318,新力金融,9.01,9.0,9.02,9.0,1157,1042382,-0.22,0.22
2026-01-23 14:31:00,sh600318,新力金融,9.0,9.01,9.01,9.0,610,549472,0.11,0.11
2026-01-23 14:32:00,sh600318,新力金融,9.0,9.0,9.01,9.0,162,145933,-0.11,0.11
2026-01-23 14:33:00,sh600318,新力金融,9.0,9.0,9.01,9.0,181,162955,0.0,0.11
2026-01-23 14:34:00,sh600318,新力金融,9.01,9.0,9.01,9.0,982,884671,0.0,0.11
2026-01-23 14:35:00,sh600318,新力金融,9.0,9.01,9.01,9.0,325,292526,0.11,0.11
2026-01-23 14:36:00,sh600318,新力金融,9.0,8.99,9.01,8.99,8403,7562494,-0.22,0.22
2026-01-23 14:37:00,sh600318,新力金融,9.0,8.99,9.0,8.98,414,372134,0.0,0.22
2026-01-23 14:38:00,sh600318,新力金融,8.99,8.99,8.99,8.98,83,74593,0.0,0.11
2026-01-23 14:39:00,sh600318,新力金融,8.99,8.99,8.99,8.99,78,70121,0.0,0.0
2026-01-23 14:40:00,sh600318,新力金融,8.99,8.98,8.99,8.98,971,872065,-0.11,0.11
2026-01-23 14:41:00,sh600318,新力金融,8.98,8.99,8.99,8.98,933,838174,0.11,0.11
2026-01-23 14:42:00,sh600318,新力金融,8.98,8.98,8.99,8.98,127,114136,-0.11,0.11
2026-01-23 14:43:00,sh600318,新力金融,8.98,9.0,9.0,8.98,315,283190,0.22,0.22
2026-01-23 14:44:00,sh600318,新力金融,9.0,8.99,9.0,8.99,142,127688,-0.11,0.11
2026-01-23 14:45:00,sh600318,新力金融,8.99,9.0,9.0,8.99,148,133140,0.11,0.11
2026-01-23 14:46:00,sh600318,新力金融,9.0,9.0,9.0,8.99,285,256365,0.0,0.11
2026-01-23 14:47:00,sh600318,新力金融,9.0,9.0,9.0,8.99,135,121459,0.0,0.11
2026-01-23 14:48:00,sh600318,新力金融,9.0,9.0,9.0,8.99,499,448736,0.0,0.11
2026-01-23 14:49:00,sh600318,新力金融,8.99,8.99,9.0,8.99,1878,1689482,-0.11,0.11
2026-01-23 14:50:00,sh600318,新力金融,8.99,9.0,9.0,8.99,375,336771,0.11,0.11
2026-01-23 14:51:00,sh600318,新力金融,9.0,9.0,9.0,8.99,646,581399,0.0,0.11
2026-01-23 14:52:00,sh600318,新力金融,9.0,9.0,9.01,9.0,393,353744,0.0,0.11
2026-01-23 14:53:00,sh600318,新力金融,9.0,9.0,9.01,9.0,289,260172,0.0,0.11
2026-01-23 14:54:00,sh600318,新力金融,9.0,9.01,9.01,9.0,413,371903,0.11,0.11
2026-01-23 14:55:00,sh600318,新力金融,9.01,9.0,9.01,9.0,1093,984155,-0.11,0.11
2026-01-23 14:56:00,sh600318,新力金融,9.0,9.01,9.01,9.0,2703,2434907,0.11,0.11
2026-01-23 14:57:00,sh600318,新力金融,9.01,9.02,9.02,9.01,1757,1584054,0.11,0.11
2026-01-23 14:58:00,sh600318,新力金融,9.02,9.02,9.02,9.02,81,73062,0.0,0.0
2026-01-23 14:59:00,sh600318,新力金融,9.02,9.02,9.02,9.02,0,0,0.0,0.0
2026-01-23 15:00:00,sh600318,新力金融,9.02,9.02,9.02,9.02,2037,1837374,0.0,0.0
2026-01-26 09:30:00,sh600318,新力金融,9.04,9.04,9.04,9.04,543,490871,0.0,0.0
2026-01-26 09:31:00,sh600318,新力金融,9.03,9.01,9.05,9.01,2537,2290543,-0.33,0.44
2026-01-26 09:32:00,sh600318,新力金融,9.04,9.07,9.07,9.04,1809,1636428,0.67,0.33
2026-01-26 09:33:00,sh600318,新力金融,9.06,9.04,9.06,9.04,2525,2286197,-0.33,0.22
2026-01-26 09:34:00,sh600318,新力金融,9.04,9.05,9.06,9.03,1183,1070838,0.11,0.33
2026-01-26 09:35:00,sh600318,新力金融,9.05,9.06,9.06,9.05,449,406297,0.11,0.11
2026-01-26 09:36:00,sh600318,新力金融,9.04,9.05,9.05,9.04,664,600562,-0.11,0.11
2026-01-26 09:37:00,sh600318,新力金融,9.05,9.02,9.05,9.02,591,533649,-0.33,0.33
2026-01-26 09:38:00,sh600318,新力金融,9.02,9.02,9.03,9.02,497,448413,0.0,0.11
2026-01-26 09:39:00,sh600318,新力金融,9.03,9.03,9.04,9.03,1039,938071,0.11,0.11
2026-01-26 09:40:00,sh600318,新力金融,9.02,9.02,9.02,9.01,644,580659,-0.11,0.11
2026-01-26 09:41:00,sh600318,新力金融,9.02,9.03,9.03,9.02,599,540648,0.11,0.11
2026-01-26 09:42:00,sh600318,新力金融,9.03,9.04,9.04,9.02,1139,1028927,0.11,0.22
2026-01-26 09:43:00,sh600318,新力金融,9.03,9.01,9.03,9.01,1065,960600,-0.33,0.22
2026-01-26 09:44:00,sh600318,新力金融,9.02,9.02,9.02,9.01,532,479452,0.11,0.11
2026-01-26 09:45:00,sh600318,新力金融,9.02,9.01,9.02,9.0,777,699752,-0.11,0.22
2026-01-26 09:46:00,sh600318,新力金融,9.0,9.0,9.01,8.98,1578,1419247,-0.11,0.33
2026-01-26 09:47:00,sh600318,新力金融,8.99,8.99,9.0,8.99,300,269747,-0.11,0.11
2026-01-26 09:48:00,sh600318,新力金融,8.99,8.99,9.0,8.99,1072,964402,0.0,0.11
2026-01-26 09:49:00,sh600318,新力金融,9.0,8.99,9.0,8.99,409,367759,0.0,0.11
2026-01-26 09:50:00,sh600318,新力金融,8.99,8.99,9.0,8.99,361,324575,0.0,0.11
2026-01-26 09:51:00,sh600318,新力金融,8.99,8.99,9.0,8.99,735,661110,0.0,0.11
2026-01-26 09:52:00,sh600318,新力金融,8.99,8.99,8.99,8.99,259,232841,0.0,0.0
2026-01-26 09:53:00,sh600318,新力金融,8.99,8.98,8.99,8.98,634,569425,-0.11,0.11
2026-01-26 09:54:00,sh600318,新力金融,8.98,8.97,8.99,8.97,604,542302,-0.11,0.22
2026-01-26 09:55:00,sh600318,新力金融,8.97,8.97,8.98,8.97,552,495154,0.0,0.11
2026-01-26 09:56:00,sh600318,新力金融,8.97,8.96,8.98,8.96,286,256525,-0.11,0.22
2026-01-26 09:57:00,sh600318,新力金融,8.96,8.96,8.97,8.95,3194,2860028,0.0,0.22
2026-01-26 09:58:00,sh600318,新力金融,8.96,8.95,8.96,8.95,476,426105,-0.11,0.11
2026-01-26 09:59:00,sh600318,新力金融,8.96,8.97,8.97,8.96,208,186434,0.22,0.11
2026-01-26 10:00:00,sh600318,新力金融,8.97,8.96,8.97,8.96,792,709615,-0.11,0.11
2026-01-26 10:01:00,sh600318,新力金融,8.96,8.96,8.96,8.95,1044,934799,0.0,0.11
2026-01-26 10:02:00,sh600318,新力金融,8.96,8.95,8.96,8.95,268,239885,-0.11,0.11
2026-01-26 10:03:00,sh600318,新力金融,8.95,8.95,8.95,8.94,273,244222,0.0,0.11
2026-01-26 10:04:00,sh600318,新力金融,8.95,8.94,8.95,8.94,738,659836,-0.11,0.11
2026-01-26 10:05:00,sh600318,新力金融,8.94,8.95,8.95,8.94,355,317557,0.11,0.11
2026-01-26 10:06:00,sh600318,新力金融,8.95,8.96,8.96,8.95,293,262436,0.11,0.11
2026-01-26 10:07:00,sh600318,新力金融,8.96,8.95,8.97,8.95,172,154129,-0.11,0.22
2026-01-26 10:08:00,sh600318,新力金融,8.95,8.96,8.96,8.95,264,236456,0.11,0.11
2026-01-26 10:09:00,sh600318,新力金融,8.96,8.95,8.96,8.95,631,565274,-0.11,0.11
2026-01-26 10:10:00,sh600318,新力金融,8.96,8.97,8.97,8.96,302,270789,0.22,0.11
2026-01-26 10:11:00,sh600318,新力金融,8.97,8.98,8.98,8.97,243,218174,0.11,0.11
2026-01-26 10:12:00,sh600318,新力金融,8.98,8.97,8.98,8.97,413,370556,-0.11,0.11
2026-01-26 10:13:00,sh600318,新力金融,8.98,8.97,8.98,8.97,495,444020,0.0,0.11
2026-01-26 10:14:00,sh600318,新力金融,8.97,8.97,8.97,8.96,183,164091,0.0,0.11
2026-01-26 10:15:00,sh600318,新力金融,8.96,8.95,8.96,8.95,1451,1299636,-0.22,0.11
2026-01-26 10:16:00,sh600318,新力金融,8.95,8.94,8.95,8.94,1869,1672420,-0.11,0.11
2026-01-26 10:17:00,sh600318,新力金融,8.95,8.96,8.96,8.94,854,764036,0.22,0.22
2026-01-26 10:18:00,sh600318,新力金融,8.96,8.96,8.97,8.96,72,64525,0.0,0.11
2026-01-26 10:19:00,sh600318,新力金融,8.97,8.98,8.98,8.96,489,438501,0.22,0.22
2026-01-26 10:20:00,sh600318,新力金融,8.97,8.98,8.98,8.97,432,387614,0.0,0.11
2026-01-26 10:21:00,sh600318,新力金融,8.98,8.97,8.98,8.96,242,217061,-0.11,0.22
2026-01-26 10:22:00,sh600318,新力金融,8.96,8.96,8.96,8.95,368,329668,-0.11,0.11
2026-01-26 10:23:00,sh600318,新力金融,8.96,8.96,8.97,8.96,73,65415,0.0,0.11
2026-01-26 10:24:00,sh600318,新力金融,8.96,8.95,8.97,8.95,861,770895,-0.11,0.22
2026-01-26 10:25:00,sh600318,新力金融,8.95,8.95,8.95,8.94,570,509992,0.0,0.11
2026-01-26 10:26:00,sh600318,新力金融,8.94,8.94,8.95,8.93,1857,1660067,-0.11,0.22
2026-01-26 10:27:00,sh600318,新力金融,8.94,8.93,8.95,8.93,1297,1158793,-0.11,0.22
2026-01-26 10:28:00,sh600318,新力金融,8.94,8.94,8.94,8.93,1369,1222847,0.11,0.11
2026-01-26 10:29:00,sh600318,新力金融,8.94,8.94,8.94,8.93,1105,986934,0.0,0.11
2026-01-26 10:30:00,sh600318,新力金融,8.94,8.93,8.94,8.92,882,787303,-0.11,0.22
2026-01-26 10:31:00,sh600318,新力金融,8.93,8.93,8.93,8.93,797,711221,0.0,0.0
2026-01-26 10:32:00,sh600318,新力金融,8.92,8.94,8.94,8.92,969,865000,0.11,0.22
2026-01-26 10:33:00,sh600318,新力金融,8.95,8.94,8.95,8.93,940,840219,0.0,0.22
2026-01-26 10:34:00,sh600318,新力金融,8.94,8.95,8.95,8.94,255,228165,0.11,0.11
2026-01-26 10:35:00,sh600318,新力金融,8.95,8.96,8.96,8.95,607,543448,0.11,0.11
2026-01-26 10:36:00,sh600318,新力金融,8.96,8.97,8.97,8.95,1104,989220,0.11,0.22
2026-01-26 10:37:00,sh600318,新力金融,8.97,8.97,8.98,8.96,1316,1180068,0.0,0.22
2026-01-26 10:38:00,sh600318,新力金融,8.97,8.97,8.97,8.97,292,261926,0.0,0.0
2026-01-26 10:39:00,sh600318,新力金融,8.97,8.96,8.97,8.96,732,656397,-0.11,0.11
2026-01-26 10:40:00,sh600318,新力金融,8.96,8.94,8.96,8.94,689,616682,-0.22,0.22
2026-01-26 10:41:00,sh600318,新力金融,8.95,8.96,8.96,8.94,50,44757,0.22,0.22
2026-01-26 10:42:00,sh600318,新力金融,8.96,8.95,8.96,8.95,90,80600,-0.11,0.11
2026-01-26 10:43:00,sh600318,新力金融,8.95,8.96,8.96,8.95,53,47455,0.11,0.11
2026-01-26 10:44:00,sh600318,新力金融,8.95,8.95,8.96,8.95,74,66240,-0.11,0.11
2026-01-26 10:45:00,sh600318,新力金融,8.95,8.95,8.96,8.95,28,25076,0.0,0.11
2026-01-26 10:46:00,sh600318,新力金融,8.95,8.94,8.95,8.94,356,318512,-0.11,0.11
2026-01-26 10:47:00,sh600318,新力金融,8.94,8.94,8.95,8.94,173,154663,0.0,0.11
2026-01-26 10:48:00,sh600318,新力金融,8.94,8.94,8.94,8.94,300,268200,0.0,0.0
2026-01-26 10:49:00,sh600318,新力金融,8.94,8.94,8.95,8.94,351,313854,0.0,0.11
2026-01-26 10:50:00,sh600318,新力金融,8.95,8.94,8.95,8.94,22,19670,0.0,0.11
2026-01-26 10:51:00,sh600318,新力金融,8.94,8.93,8.94,8.93,352,314607,-0.11,0.11
2026-01-26 10:52:00,sh600318,新力金融,8.94,8.94,8.94,8.93,194,173426,0.11,0.11
2026-01-26 10:53:00,sh600318,新力金融,8.94,8.94,8.94,8.93,334,298323,0.0,0.11
2026-01-26 10:54:00,sh600318,新力金融,8.94,8.95,8.95,8.94,284,253896,0.11,0.11
2026-01-26 10:55:00,sh600318,新力金融,8.95,8.94,8.95,8.94,37,33085,-0.11,0.11
2026-01-26 10:56:00,sh600318,新力金融,8.94,8.94,8.94,8.94,152,135888,0.0,0.0
2026-01-26 10:57:00,sh600318,新力金融,8.94,8.94,8.94,8.93,218,194823,0.0,0.11
2026-01-26 10:58:00,sh600318,新力金融,8.93,8.94,8.94,8.93,1982,1770057,0.0,0.11
2026-01-26 10:59:00,sh600318,新力金融,8.93,8.93,8.94,8.93,308,275069,-0.11,0.11
2026-01-26 11:00:00,sh600318,新力金融,8.93,8.92,8.93,8.92,282,251702,-0.11,0.11
2026-01-26 11:01:00,sh600318,新力金融,8.92,8.92,8.93,8.92,1893,1688603,0.0,0.11
2026-01-26 11:02:00,sh600318,新力金融,8.92,8.92,8.92,8.92,270,240841,0.0,0.0
2026-01-26 11:03:00,sh600318,新力金融,8.92,8.92,8.92,8.91,1337,1192076,0.0,0.11
2026-01-26 11:04:00,sh600318,新力金融,8.92,8.92,8.92,8.92,1134,1011528,0.0,0.0
2026-01-26 11:05:00,sh600318,新力金融,8.92,8.93,8.93,8.91,551,491516,0.11,0.22
2026-01-26 11:06:00,sh600318,新力金融,8.92,8.92,8.92,8.92,156,139162,-0.11,0.0
2026-01-26 11:07:00,sh600318,新力金融,8.93,8.92,8.93,8.92,247,220429,0.0,0.11
2026-01-26 11:08:00,sh600318,新力金融,8.92,8.92,8.92,8.91,1219,1087316,0.0,0.11
2026-01-26 11:09:00,sh600318,新力金融,8.92,8.92,8.92,8.91,405,361137,0.0,0.11
2026-01-26 11:10:00,sh600318,新力金融,8.92,8.93,8.93,8.92,762,679948,0.11,0.11
2026-01-26 11:11:00,sh600318,新力金融,8.93,8.93,8.93,8.92,88,78573,0.0,0.11
2026-01-26 11:12:00,sh600318,新力金融,8.93,8.94,8.94,8.93,151,134934,0.11,0.11
2026-01-26 11:13:00,sh600318,新力金融,8.93,8.93,8.93,8.93,628,560804,-0.11,0.0
2026-01-26 11:14:00,sh600318,新力金融,8.93,8.93,8.93,8.92,90,80365,0.0,0.11
2026-01-26 11:15:00,sh600318,新力金融,8.93,8.94,8.94,8.93,13,11614,0.11,0.11
2026-01-26 11:16:00,sh600318,新力金融,8.93,8.94,8.94,8.93,136,121529,0.0,0.11
2026-01-26 11:17:00,sh600318,新力金融,8.93,8.94,8.94,8.93,41,36638,0.0,0.11
2026-01-26 11:18:00,sh600318,新力金融,8.93,8.92,8.93,8.92,724,646036,-0.22,0.11
2026-01-26 11:19:00,sh600318,新力金融,8.92,8.92,8.93,8.92,285,254493,0.0,0.11
2026-01-26 11:20:00,sh600318,新力金融,8.93,8.93,8.93,8.92,85,75849,0.11,0.11
2026-01-26 11:21:00,sh600318,新力金融,8.93,8.93,8.93,8.92,119,106250,0.0,0.11
2026-01-26 11:22:00,sh600318,新力金融,8.92,8.93,8.93,8.92,61,54414,0.0,0.11
2026-01-26 11:23:00,sh600318,新力金融,8.93,8.93,8.93,8.93,0,0,0.0,0.0
2026-01-26 11:24:00,sh600318,新力金融,8.92,8.92,8.92,8.92,296,264075,-0.11,0.0
2026-01-26 11:25:00,sh600318,新力金融,8.92,8.92,8.93,8.92,73,65133,0.0,0.11
2026-01-26 11:26:00,sh600318,新力金融,8.93,8.93,8.93,8.92,78,69648,0.11,0.11
2026-01-26 11:27:00,sh600318,新力金融,8.92,8.93,8.93,8.92,19,16959,0.0,0.11
2026-01-26 11:28:00,sh600318,新力金融,8.92,8.91,8.92,8.91,1510,1346807,-0.22,0.11
2026-01-26 11:29:00,sh600318,新力金融,8.92,8.92,8.92,8.91,232,206902,0.11,0.11
2026-01-26 11:30:00,sh600318,新力金融,8.92,8.92,8.92,8.91,266,237260,0.0,0.11
2026-01-26 13:01:00,sh600318,新力金融,8.92,8.91,8.92,8.91,652,581164,-0.11,0.11
2026-01-26 13:02:00,sh600318,新力金融,8.91,8.92,8.92,8.91,532,474353,0.11,0.11
2026-01-26 13:03:00,sh600318,新力金融,8.92,8.92,8.92,8.91,252,224563,0.0,0.11
2026-01-26 13:04:00,sh600318,新力金融,8.91,8.92,8.92,8.91,230,204952,0.0,0.11
2026-01-26 13:05:00,sh600318,新力金融,8.91,8.91,8.91,8.9,1326,1181465,-0.11,0.11
2026-01-26 13:06:00,sh600318,新力金融,8.91,8.91,8.91,8.91,175,155925,0.0,0.0
2026-01-26 13:07:00,sh600318,新力金融,8.91,8.91,8.91,8.91,309,275319,0.0,0.0
2026-01-26 13:08:00,sh600318,新力金融,8.91,8.91,8.91,8.91,6,5346,0.0,0.0
2026-01-26 13:09:00,sh600318,新力金融,8.91,8.91,8.92,8.91,538,479371,0.0,0.11
2026-01-26 13:10:00,sh600318,新力金融,8.91,8.91,8.91,8.91,192,171082,0.0,0.0
2026-01-26 13:11:00,sh600318,新力金融,8.91,8.9,8.91,8.9,812,722993,-0.11,0.11
2026-01-26 13:12:00,sh600318,新力金融,8.9,8.9,8.91,8.9,157,139868,0.0,0.11
2026-01-26 13:13:00,sh600318,新力金融,8.91,8.89,8.91,8.89,2928,2605827,-0.11,0.22
2026-01-26 13:14:00,sh600318,新力金融,8.89,8.89,8.9,8.89,125,111155,0.0,0.11
2026-01-26 13:15:00,sh600318,新力金融,8.9,8.9,8.9,8.89,60,53397,0.11,0.11
2026-01-26 13:16:00,sh600318,新力金融,8.89,8.89,8.9,8.89,158,140504,-0.11,0.11
2026-01-26 13:17:00,sh600318,新力金融,8.9,8.89,8.9,8.89,402,357448,0.0,0.11
2026-01-26 13:18:00,sh600318,新力金融,8.89,8.9,8.9,8.89,88,78268,0.11,0.11
2026-01-26 13:19:00,sh600318,新力金融,8.89,8.89,8.9,8.89,160,142243,-0.11,0.11
2026-01-26 13:20:00,sh600318,新力金融,8.89,8.9,8.9,8.89,92,81845,0.11,0.11
2026-01-26 13:21:00,sh600318,新力金融,8.89,8.89,8.9,8.89,62,55144,-0.11,0.11
2026-01-26 13:22:00,sh600318,新力金融,8.9,8.9,8.9,8.89,117,104032,0.11,0.11
2026-01-26 13:23:00,sh600318,新力金融,8.9,8.89,8.9,8.89,117,104080,-0.11,0.11
2026-01-26 13:24:00,sh600318,新力金融,8.89,8.9,8.9,8.89,60,53388,0.11,0.11
2026-01-26 13:25:00,sh600318,新力金融,8.89,8.89,8.9,8.89,1099,977069,-0.11,0.11
2026-01-26 13:26:00,sh600318,新力金融,8.89,8.88,8.89,8.88,801,712077,-0.11,0.11
2026-01-26 13:27:00,sh600318,新力金融,8.88,8.89,8.89,8.88,301,267302,0.11,0.11
2026-01-26 13:28:00,sh600318,新力金融,8.88,8.89,8.89,8.88,323,286946,0.0,0.11
2026-01-26 13:29:00,sh600318,新力金融,8.88,8.88,8.89,8.88,1004,891776,-0.11,0.11
2026-01-26 13:30:00,sh600318,新力金融,8.89,8.89,8.89,8.88,537,476897,0.11,0.11
2026-01-26 13:31:00,sh600318,新力金融,8.89,8.87,8.89,8.87,641,569011,-0.22,0.22
2026-01-26 13:32:00,sh600318,新力金融,8.87,8.87,8.88,8.86,354,314009,0.0,0.23
2026-01-26 13:33:00,sh600318,新力金融,8.87,8.86,8.87,8.85,1370,1213692,-0.11,0.23
2026-01-26 13:34:00,sh600318,新力金融,8.85,8.84,8.86,8.84,1190,1053141,-0.23,0.23
2026-01-26 13:35:00,sh600318,新力金融,8.84,8.85,8.85,8.84,373,329939,0.11,0.11
2026-01-26 13:36:00,sh600318,新力金融,8.85,8.85,8.85,8.84,183,161918,0.0,0.11
2026-01-26 13:37:00,sh600318,新力金融,8.85,8.84,8.85,8.84,981,867478,-0.11,0.11
2026-01-26 13:38:00,sh600318,新力金融,8.85,8.84,8.85,8.84,359,317385,0.0,0.11
2026-01-26 13:39:00,sh600318,新力金融,8.84,8.84,8.85,8.84,707,625014,0.0,0.11
2026-01-26 13:40:00,sh600318,新力金融,8.85,8.85,8.85,8.84,278,245876,0.11,0.11
2026-01-26 13:41:00,sh600318,新力金融,8.84,8.84,8.85,8.84,823,727558,-0.11,0.11
2026-01-26 13:42:00,sh600318,新力金融,8.84,8.84,8.85,8.84,307,271470,0.0,0.11
2026-01-26 13:43:00,sh600318,新力金融,8.84,8.84,8.85,8.84,33,29203,0.0,0.11
2026-01-26 13:44:00,sh600318,新力金融,8.84,8.85,8.85,8.84,50,44233,0.11,0.11
2026-01-26 13:45:00,sh600318,新力金融,8.85,8.84,8.85,8.84,302,267174,-0.11,0.11
2026-01-26 13:46:00,sh600318,新力金融,8.84,8.84,8.84,8.84,698,617032,0.0,0.0
2026-01-26 13:47:00,sh600318,新力金融,8.83,8.83,8.84,8.83,1214,1071989,-0.11,0.11
2026-01-26 13:48:00,sh600318,新力金融,8.83,8.84,8.84,8.83,453,400069,0.11,0.11
2026-01-26 13:49:00,sh600318,新力金融,8.84,8.85,8.85,8.83,651,575404,0.11,0.23
2026-01-26 13:50:00,sh600318,新力金融,8.85,8.85,8.85,8.84,542,479602,0.0,0.11
2026-01-26 13:51:00,sh600318,新力金融,8.85,8.86,8.86,8.85,825,730865,0.11,0.11
2026-01-26 13:52:00,sh600318,新力金融,8.86,8.85,8.86,8.85,59,52240,-0.11,0.11
2026-01-26 13:53:00,sh600318,新力金融,8.86,8.86,8.86,8.85,229,202888,0.11,0.11
2026-01-26 13:54:00,sh600318,新力金融,8.86,8.87,8.87,8.85,574,508622,0.11,0.23
2026-01-26 13:55:00,sh600318,新力金融,8.86,8.86,8.86,8.86,123,108978,-0.11,0.0
2026-01-26 13:56:00,sh600318,新力金融,8.85,8.86,8.87,8.85,409,362409,0.0,0.23
2026-01-26 13:57:00,sh600318,新力金融,8.86,8.85,8.86,8.85,393,348195,-0.11,0.11
2026-01-26 13:58:00,sh600318,新力金融,8.86,8.87,8.87,8.86,465,412032,0.23,0.11
2026-01-26 13:59:00,sh600318,新力金融,8.86,8.86,8.87,8.86,97,85953,-0.11,0.11
2026-01-26 14:00:00,sh600318,新力金融,8.86,8.86,8.86,8.86,110,97430,0.0,0.0
2026-01-26 14:01:00,sh600318,新力金融,8.85,8.86,8.86,8.85,102,90365,0.0,0.11
2026-01-26 14:02:00,sh600318,新力金融,8.85,8.86,8.86,8.85,688,609319,0.0,0.11
2026-01-26 14:03:00,sh600318,新力金融,8.86,8.86,8.86,8.86,62,54932,0.0,0.0
2026-01-26 14:04:00,sh600318,新力金融,8.85,8.86,8.86,8.85,36,31872,0.0,0.11
2026-01-26 14:05:00,sh600318,新力金融,8.86,8.85,8.86,8.85,975,862927,-0.11,0.11
2026-01-26 14:06:00,sh600318,新力金融,8.85,8.85,8.85,8.85,187,165489,0.0,0.0
2026-01-26 14:07:00,sh600318,新力金融,8.85,8.85,8.85,8.85,41,36285,0.0,0.0
2026-01-26 14:08:00,sh600318,新力金融,8.85,8.85,8.85,8.84,382,337890,0.0,0.11
2026-01-26 14:09:00,sh600318,新力金融,8.85,8.85,8.86,8.85,465,411727,0.0,0.11
2026-01-26 14:10:00,sh600318,新力金融,8.86,8.85,8.86,8.85,115,101797,0.0,0.11
2026-01-26 14:11:00,sh600318,新力金融,8.86,8.86,8.86,8.85,412,365022,0.11,0.11
2026-01-26 14:12:00,sh600318,新力金融,8.86,8.87,8.87,8.86,49,43418,0.11,0.11
2026-01-26 14:13:00,sh600318,新力金融,8.87,8.86,8.87,8.86,22,19513,-0.11,0.11
2026-01-26 14:14:00,sh600318,新力金融,8.87,8.86,8.87,8.86,49,43424,0.0,0.11
2026-01-26 14:15:00,sh600318,新力金融,8.86,8.86,8.87,8.86,434,384791,0.0,0.11
2026-01-26 14:16:00,sh600318,新力金融,8.86,8.86,8.87,8.86,112,99294,0.0,0.11
2026-01-26 14:17:00,sh600318,新力金融,8.86,8.87,8.87,8.86,351,311226,0.11,0.11
2026-01-26 14:18:00,sh600318,新力金融,8.87,8.88,8.88,8.87,160,141923,0.11,0.11
2026-01-26 14:19:00,sh600318,新力金融,8.88,8.88,8.88,8.88,158,140304,0.0,0.0
2026-01-26 14:20:00,sh600318,新力金融,8.88,8.88,8.88,8.88,7,6216,0.0,0.0
2026-01-26 14:21:00,sh600318,新力金融,8.87,8.88,8.88,8.87,29,25736,0.0,0.11
2026-01-26 14:22:00,sh600318,新力金融,8.88,8.88,8.88,8.88,235,208480,0.0,0.0
2026-01-26 14:23:00,sh600318,新力金融,8.88,8.88,8.88,8.87,161,142884,0.0,0.11
2026-01-26 14:24:00,sh600318,新力金融,8.89,8.89,8.89,8.89,642,570167,0.11,0.0
2026-01-26 14:25:00,sh600318,新力金融,8.89,8.89,8.89,8.88,86,76451,0.0,0.11
2026-01-26 14:26:00,sh600318,新力金融,8.88,8.89,8.9,8.88,414,367946,0.0,0.22
2026-01-26 14:27:00,sh600318,新力金融,8.89,8.9,8.9,8.89,251,223164,0.11,0.11
2026-01-26 14:28:00,sh600318,新力金融,8.9,8.9,8.9,8.9,60,53400,0.0,0.0
2026-01-26 14:29:00,sh600318,新力金融,8.89,8.89,8.9,8.89,62,55167,-0.11,0.11
2026-01-26 14:30:00,sh600318,新力金融,8.89,8.89,8.9,8.89,299,265828,0.0,0.11
2026-01-26 14:31:00,sh600318,新力金融,8.89,8.9,8.9,8.89,47,41828,0.11,0.11
2026-01-26 14:32:00,sh600318,新力金融,8.89,8.9,8.91,8.89,526,468050,0.0,0.22
2026-01-26 14:33:00,sh600318,新力金融,8.91,8.91,8.91,8.9,526,468572,0.11,0.11
2026-01-26 14:34:00,sh600318,新力金融,8.91,8.93,8.93,8.91,891,794663,0.22,0.22
2026-01-26 14:35:00,sh600318,新力金融,8.93,8.92,8.93,8.92,376,335458,-0.11,0.11
2026-01-26 14:36:00,sh600318,新力金融,8.92,8.92,8.93,8.92,151,134694,0.0,0.11
2026-01-26 14:37:00,sh600318,新力金融,8.92,8.91,8.92,8.91,257,228999,-0.11,0.11
2026-01-26 14:38:00,sh600318,新力金融,8.91,8.92,8.92,8.9,1446,1288385,0.11,0.22
2026-01-26 14:39:00,sh600318,新力金融,8.91,8.91,8.92,8.91,371,330825,-0.11,0.11
2026-01-26 14:40:00,sh600318,新力金融,8.91,8.91,8.92,8.91,551,490973,0.0,0.11
2026-01-26 14:41:00,sh600318,新力金融,8.91,8.91,8.91,8.9,1608,1431164,0.0,0.11
2026-01-26 14:42:00,sh600318,新力金融,8.9,8.91,8.91,8.9,112,99759,0.0,0.11
2026-01-26 14:43:00,sh600318,新力金融,8.91,8.9,8.91,8.9,175,155839,-0.11,0.11
2026-01-26 14:44:00,sh600318,新力金融,8.91,8.91,8.91,8.9,654,582135,0.11,0.11
2026-01-26 14:45:00,sh600318,新力金融,8.9,8.91,8.91,8.9,297,264468,0.0,0.11
2026-01-26 14:46:00,sh600318,新力金融,8.91,8.91,8.91,8.91,1189,1059031,0.0,0.0
2026-01-26 14:47:00,sh600318,新力金融,8.92,8.91,8.92,8.9,319,284171,0.0,0.22
2026-01-26 14:48:00,sh600318,新力金融,8.91,8.9,8.91,8.9,162,144201,-0.11,0.11
2026-01-26 14:49:00,sh600318,新力金融,8.91,8.9,8.91,8.9,390,347129,0.0,0.11
2026-01-26 14:50:00,sh600318,新力金融,8.9,8.9,8.9,8.89,131,116587,0.0,0.11
2026-01-26 14:51:00,sh600318,新力金融,8.9,8.89,8.91,8.89,492,437486,-0.11,0.22
2026-01-26 14:52:00,sh600318,新力金融,8.89,8.89,8.9,8.89,1404,1248293,0.0,0.11
2026-01-26 14:53:00,sh600318,新力金融,8.88,8.88,8.89,8.88,581,516430,-0.11,0.11
2026-01-26 14:54:00,sh600318,新力金融,8.88,8.89,8.9,8.88,548,487067,0.11,0.23
2026-01-26 14:55:00,sh600318,新力金融,8.89,8.9,8.9,8.89,137,121839,0.11,0.11
2026-01-26 14:56:00,sh600318,新力金融,8.9,8.89,8.9,8.89,938,834027,-0.11,0.11
2026-01-26 14:57:00,sh600318,新力金融,8.9,8.88,8.9,8.88,490,435782,-0.11,0.22
2026-01-26 14:58:00,sh600318,新力金融,8.88,8.88,8.88,8.88,0,0,0.0,0.0
2026-01-26 14:59:00,sh600318,新力金融,8.88,8.88,8.88,8.88,0,0,0.0,0.0
2026-01-26 15:00:00,sh600318,新力金融,8.88,8.88,8.88,8.88,2714,2410032,0.0,0.0
2026-01-27 09:30:00,sh600318,新力金融,8.86,8.86,8.86,8.86,499,442113,0.0,0.0
2026-01-27 09:31:00,sh600318,新力金融,8.86,8.86,8.87,8.83,1747,1546418,0.0,0.45
2026-01-27 09:32:00,sh600318,新力金融,8.86,8.88,8.89,8.86,912,810047,0.23,0.34
2026-01-27 09:33:00,sh600318,新力金融,8.88,8.87,8.88,8.85,389,344820,-0.11,0.34
2026-01-27 09:34:00,sh600318,新力金融,8.87,8.86,8.88,8.86,758,672773,-0.11,0.23
2026-01-27 09:35:00,sh600318,新力金融,8.86,8.84,8.87,8.84,695,615439,-0.23,0.34
2026-01-27 09:36:00,sh600318,新力金融,8.83,8.83,8.84,8.82,1071,945668,-0.11,0.23
2026-01-27 09:37:00,sh600318,新力金融,8.83,8.82,8.84,8.82,1902,1677937,-0.11,0.23
2026-01-27 09:38:00,sh600318,新力金融,8.84,8.83,8.84,8.82,785,693055,0.11,0.23
2026-01-27 09:39:00,sh600318,新力金融,8.82,8.81,8.83,8.81,1790,1578015,-0.23,0.23
2026-01-27 09:40:00,sh600318,新力金融,8.81,8.81,8.82,8.81,610,537570,0.0,0.11
2026-01-27 09:41:00,sh600318,新力金融,8.81,8.78,8.81,8.77,4377,3850703,-0.34,0.45
2026-01-27 09:42:00,sh600318,新力金融,8.77,8.77,8.78,8.76,1457,1277598,-0.11,0.23
2026-01-27 09:43:00,sh600318,新力金融,8.77,8.76,8.78,8.75,1682,1473731,-0.11,0.34
2026-01-27 09:44:00,sh600318,新力金融,8.76,8.74,8.76,8.74,1108,969064,-0.23,0.23
2026-01-27 09:45:00,sh600318,新力金融,8.74,8.74,8.74,8.73,865,755467,0.0,0.11
2026-01-27 09:46:00,sh600318,新力金融,8.74,8.73,8.74,8.73,1006,878559,-0.11,0.11
2026-01-27 09:47:00,sh600318,新力金融,8.74,8.73,8.74,8.73,744,649841,0.0,0.11
2026-01-27 09:48:00,sh600318,新力金融,8.74,8.72,8.74,8.72,1692,1477168,-0.11,0.23
2026-01-27 09:49:00,sh600318,新力金融,8.72,8.72,8.72,8.71,1731,1509032,0.0,0.11
2026-01-27 09:50:00,sh600318,新力金融,8.71,8.7,8.72,8.7,1899,1653128,-0.23,0.23
2026-01-27 09:51:00,sh600318,新力金融,8.7,8.71,8.71,8.7,1224,1065501,0.11,0.11
2026-01-27 09:52:00,sh600318,新力金融,8.71,8.7,8.71,8.69,2107,1832936,-0.11,0.23
2026-01-27 09:53:00,sh600318,新力金融,8.69,8.69,8.69,8.68,2352,2043877,-0.11,0.11
2026-01-27 09:54:00,sh600318,新力金融,8.7,8.68,8.7,8.67,2667,2316535,-0.12,0.35
2026-01-27 09:55:00,sh600318,新力金融,8.68,8.67,8.68,8.67,850,737318,-0.12,0.12
2026-01-27 09:56:00,sh600318,新力金融,8.67,8.64,8.67,8.63,3450,2986713,-0.35,0.46
2026-01-27 09:57:00,sh600318,新力金融,8.64,8.64,8.65,8.63,1247,1077068,0.0,0.23
2026-01-27 09:58:00,sh600318,新力金融,8.64,8.65,8.65,8.64,373,322498,0.12,0.12
2026-01-27 09:59:00,sh600318,新力金融,8.65,8.66,8.69,8.65,1517,1314105,0.12,0.46
2026-01-27 10:00:00,sh600318,新力金融,8.66,8.65,8.66,8.65,1091,944155,-0.12,0.12
2026-01-27 10:01:00,sh600318,新力金融,8.65,8.66,8.66,8.64,565,488632,0.12,0.23
2026-01-27 10:02:00,sh600318,新力金融,8.65,8.67,8.67,8.65,1010,874049,0.12,0.23
2026-01-27 10:03:00,sh600318,新力金融,8.67,8.68,8.68,8.67,705,611521,0.12,0.12
2026-01-27 10:04:00,sh600318,新力金融,8.67,8.69,8.69,8.67,871,755655,0.12,0.23
2026-01-27 10:05:00,sh600318,新力金融,8.69,8.7,8.7,8.68,2204,1915808,0.12,0.23
2026-01-27 10:06:00,sh600318,新力金融,8.7,8.69,8.7,8.69,246,214019,-0.11,0.11
2026-01-27 10:07:00,sh600318,新力金融,8.7,8.7,8.7,8.69,394,342741,0.12,0.12
2026-01-27 10:08:00,sh600318,新力金融,8.69,8.7,8.7,8.69,321,279219,0.0,0.11
2026-01-27 10:09:00,sh600318,新力金融,8.7,8.71,8.71,8.7,98,85346,0.11,0.11
2026-01-27 10:10:00,sh600318,新力金融,8.7,8.71,8.71,8.7,280,243863,0.0,0.11
2026-01-27 10:11:00,sh600318,新力金融,8.7,8.71,8.71,8.7,250,217643,0.0,0.11
2026-01-27 10:12:00,sh600318,新力金融,8.71,8.7,8.71,8.7,46,40034,-0.11,0.11
2026-01-27 10:13:00,sh600318,新力金融,8.71,8.72,8.72,8.7,405,352768,0.23,0.23
2026-01-27 10:14:00,sh600318,新力金融,8.72,8.72,8.72,8.72,133,115976,0.0,0.0
2026-01-27 10:15:00,sh600318,新力金融,8.72,8.7,8.72,8.7,237,206368,-0.23,0.23
2026-01-27 10:16:00,sh600318,新力金融,8.71,8.7,8.71,8.7,862,749981,0.0,0.11
2026-01-27 10:17:00,sh600318,新力金融,8.7,8.69,8.7,8.69,250,217267,-0.11,0.11
2026-01-27 10:18:00,sh600318,新力金融,8.69,8.69,8.69,8.68,1530,1328931,0.0,0.12
2026-01-27 10:19:00,sh600318,新力金融,8.68,8.69,8.69,8.68,125,108586,0.0,0.12
2026-01-27 10:20:00,sh600318,新力金融,8.69,8.7,8.7,8.69,241,209546,0.12,0.12
2026-01-27 10:21:00,sh600318,新力金融,8.7,8.71,8.71,8.7,122,106142,0.11,0.11
2026-01-27 10:22:00,sh600318,新力金融,8.71,8.71,8.71,8.71,143,124553,0.0,0.0
2026-01-27 10:23:00,sh600318,新力金融,8.71,8.7,8.72,8.7,251,218662,-0.11,0.23
2026-01-27 10:24:00,sh600318,新力金融,8.71,8.71,8.71,8.7,327,284583,0.11,0.11
2026-01-27 10:25:00,sh600318,新力金融,8.71,8.69,8.71,8.69,333,289678,-0.23,0.23
2026-01-27 10:26:00,sh600318,新力金融,8.69,8.69,8.69,8.69,375,325875,0.0,0.0
2026-01-27 10:27:00,sh600318,新力金融,8.68,8.66,8.69,8.66,927,804195,-0.35,0.35
2026-01-27 10:28:00,sh600318,新力金融,8.66,8.68,8.68,8.66,949,822801,0.23,0.23
2026-01-27 10:29:00,sh600318,新力金融,8.68,8.68,8.68,8.67,516,447875,0.0,0.12
2026-01-27 10:30:00,sh600318,新力金融,8.68,8.68,8.69,8.67,145,125850,0.0,0.23
2026-01-27 10:31:00,sh600318,新力金融,8.67,8.67,8.69,8.67,321,278647,-0.12,0.23
2026-01-27 10:32:00,sh600318,新力金融,8.68,8.68,8.69,8.68,266,230898,0.12,0.12
2026-01-27 10:33:00,sh600318,新力金融,8.68,8.69,8.69,8.68,172,149464,0.12,0.12
2026-01-27 10:34:00,sh600318,新力金融,8.69,8.68,8.69,8.68,40,34756,-0.12,0.12
2026-01-27 10:35:00,sh600318,新力金融,8.69,8.68,8.69,8.68,827,717912,0.0,0.12
2026-01-27 10:36:00,sh600318,新力金融,8.68,8.69,8.69,8.68,182,158011,0.12,0.12
2026-01-27 10:37:00,sh600318,新力金融,8.69,8.7,8.7,8.69,264,229454,0.12,0.12
2026-01-27 10:38:00,sh600318,新力金融,8.71,8.71,8.71,8.71,427,371917,0.11,0.0
2026-01-27 10:39:00,sh600318,新力金融,8.72,8.72,8.72,8.72,109,95048,0.11,0.0
2026-01-27 10:40:00,sh600318,新力金融,8.72,8.71,8.72,8.71,116,101058,-0.11,0.11
2026-01-27 10:41:00,sh600318,新力金融,8.71,8.71,8.71,8.71,143,124552,0.0,0.0
2026-01-27 10:42:00,sh600318,新力金融,8.71,8.71,8.71,8.71,221,192488,0.0,0.0
2026-01-27 10:43:00,sh600318,新力金融,8.71,8.71,8.72,8.71,455,396310,0.0,0.11
2026-01-27 10:44:00,sh600318,新力金融,8.71,8.7,8.71,8.7,31,26987,-0.11,0.11
2026-01-27 10:45:00,sh600318,新力金融,8.71,8.71,8.71,8.7,166,144494,0.11,0.11
2026-01-27 10:46:00,sh600318,新力金融,8.7,8.72,8.72,8.7,342,297947,0.11,0.23
2026-01-27 10:47:00,sh600318,新力金融,8.72,8.71,8.72,8.71,158,137701,-0.11,0.11
2026-01-27 10:48:00,sh600318,新力金融,8.71,8.7,8.71,8.7,447,389303,-0.11,0.11
2026-01-27 10:49:00,sh600318,新力金融,8.71,8.71,8.71,8.71,24,20904,0.11,0.0
2026-01-27 10:50:00,sh600318,新力金融,8.7,8.71,8.71,8.7,41,35689,0.0,0.11
2026-01-27 10:51:00,sh600318,新力金融,8.7,8.71,8.71,8.7,56,48725,0.0,0.11
2026-01-27 10:52:00,sh600318,新力金融,8.7,8.71,8.71,8.7,108,94052,0.0,0.11
2026-01-27 10:53:00,sh600318,新力金融,8.71,8.71,8.71,8.7,151,131417,0.0,0.11
2026-01-27 10:54:00,sh600318,新力金融,8.7,8.7,8.71,8.7,177,154119,-0.11,0.11
2026-01-27 10:55:00,sh600318,新力金融,8.7,8.68,8.7,8.68,1509,1311705,-0.23,0.23
2026-01-27 10:56:00,sh600318,新力金融,8.68,8.68,8.68,8.68,20,17360,0.0,0.0
2026-01-27 10:57:00,sh600318,新力金融,8.68,8.69,8.69,8.68,146,126845,0.12,0.12
2026-01-27 10:58:00,sh600318,新力金融,8.69,8.69,8.69,8.69,231,200739,0.0,0.0
2026-01-27 10:59:00,sh600318,新力金融,8.69,8.7,8.7,8.68,616,535055,0.12,0.23
2026-01-27 11:00:00,sh600318,新力金融,8.7,8.7,8.71,8.7,78,67875,0.0,0.11
2026-01-27 11:01:00,sh600318,新力金融,8.7,8.7,8.7,8.7,22,19140,0.0,0.0
2026-01-27 11:02:00,sh600318,新力金融,8.69,8.69,8.69,8.69,70,60830,-0.11,0.0
2026-01-27 11:03:00,sh600318,新力金融,8.7,8.7,8.7,8.69,85,73924,0.12,0.12
2026-01-27 11:04:00,sh600318,新力金融,8.7,8.7,8.7,8.7,54,46980,0.0,0.0
2026-01-27 11:05:00,sh600318,新力金融,8.7,8.7,8.7,8.7,119,103530,0.0,0.0
2026-01-27 11:06:00,sh600318,新力金融,8.7,8.7,8.7,8.69,189,164425,0.0,0.11
2026-01-27 11:07:00,sh600318,新力金融,8.7,8.7,8.7,8.69,12,10431,0.0,0.11
2026-01-27 11:08:00,sh600318,新力金融,8.7,8.71,8.71,8.7,58,50462,0.11,0.11
2026-01-27 11:09:00,sh600318,新力金融,8.7,8.7,8.7,8.7,124,107880,-0.11,0.0
2026-01-27 11:10:00,sh600318,新力金融,8.7,8.7,8.71,8.7,40,34805,0.0,0.11
2026-01-27 11:11:00,sh600318,新力金融,8.69,8.69,8.69,8.69,113,98198,-0.11,0.0
2026-01-27 11:12:00,sh600318,新力金融,8.7,8.69,8.7,8.69,20,17395,0.0,0.12
2026-01-27 11:13:00,sh600318,新力金融,8.69,8.69,8.69,8.69,0,0,0.0,0.0
2026-01-27 11:14:00,sh600318,新力金融,8.69,8.69,8.69,8.69,33,28677,0.0,0.0
2026-01-27 11:15:00,sh600318,新力金融,8.69,8.69,8.69,8.69,421,365856,0.0,0.0
2026-01-27 11:16:00,sh600318,新力金融,8.68,8.69,8.69,8.68,59,51251,0.0,0.12
2026-01-27 11:17:00,sh600318,新力金融,8.69,8.69,8.69,8.69,8,6952,0.0,0.0
2026-01-27 11:18:00,sh600318,新力金融,8.69,8.69,8.7,8.68,196,170322,0.0,0.23
2026-01-27 11:19:00,sh600318,新力金融,8.69,8.69,8.69,8.69,28,24332,0.0,0.0
2026-01-27 11:20:00,sh600318,新力金融,8.69,8.69,8.7,8.69,45,39130,0.0,0.12
2026-01-27 11:21:00,sh600318,新力金融,8.69,8.69,8.69,8.69,40,34760,0.0,0.0
2026-01-27 11:22:00,sh600318,新力金融,8.7,8.7,8.7,8.7,284,247066,0.12,0.0
2026-01-27 11:23:00,sh600318,新力金融,8.7,8.7,8.7,8.7,37,32190,0.0,0.0
2026-01-27 11:24:00,sh600318,新力金融,8.7,8.7,8.7,8.69,16,13918,0.0,0.11
2026-01-27 11:25:00,sh600318,新力金融,8.7,8.7,8.7,8.7,49,42630,0.0,0.0
2026-01-27 11:26:00,sh600318,新力金融,8.7,8.69,8.7,8.69,73,63479,-0.11,0.11
2026-01-27 11:27:00,sh600318,新力金融,8.7,8.7,8.7,8.7,16,13920,0.12,0.0
2026-01-27 11:28:00,sh600318,新力金融,8.7,8.7,8.7,8.7,51,44370,0.0,0.0
2026-01-27 11:29:00,sh600318,新力金融,8.7,8.71,8.71,8.7,68,59156,0.11,0.11
2026-01-27 11:30:00,sh600318,新力金融,8.7,8.7,8.7,8.7,269,234140,-0.11,0.0
2026-01-27 13:01:00,sh600318,新力金融,8.7,8.7,8.71,8.69,598,520458,0.0,0.23
2026-01-27 13:02:00,sh600318,新力金融,8.7,8.7,8.7,8.69,223,193815,0.0,0.11
2026-01-27 13:03:00,sh600318,新力金融,8.7,8.7,8.7,8.7,59,51330,0.0,0.0
2026-01-27 13:04:00,sh600318,新力金融,8.69,8.71,8.71,8.69,123,107009,0.11,0.23
2026-01-27 13:05:00,sh600318,新力金融,8.7,8.7,8.7,8.7,136,118320,-0.11,0.0
2026-01-27 13:06:00,sh600318,新力金融,8.7,8.7,8.71,8.7,53,46127,0.0,0.11
2026-01-27 13:07:00,sh600318,新力金融,8.7,8.7,8.71,8.7,61,53080,0.0,0.11
2026-01-27 13:08:00,sh600318,新力金融,8.71,8.71,8.71,8.7,24,20900,0.11,0.11
2026-01-27 13:09:00,sh600318,新力金融,8.71,8.7,8.71,8.7,62,53976,-0.11,0.11
2026-01-27 13:10:00,sh600318,新力金融,8.7,8.71,8.71,8.7,121,105345,0.11,0.11
2026-01-27 13:11:00,sh600318,新力金融,8.72,8.71,8.72,8.71,733,638553,0.0,0.11
2026-01-27 13:12:00,sh600318,新力金融,8.72,8.71,8.72,8.71,91,79272,0.0,0.11
2026-01-27 13:13:00,sh600318,新力金融,8.72,8.72,8.73,8.71,716,624729,0.11,0.23
2026-01-27 13:14:00,sh600318,新力金融,8.73,8.76,8.76,8.73,1492,1304119,0.46,0.34
2026-01-27 13:15:00,sh600318,新力金融,8.75,8.76,8.76,8.75,87,76138,0.0,0.11
2026-01-27 13:16:00,sh600318,新力金融,8.76,8.74,8.76,8.74,572,500538,-0.23,0.23
2026-01-27 13:17:00,sh600318,新力金融,8.75,8.74,8.75,8.73,664,580379,0.0,0.23
2026-01-27 13:18:00,sh600318,新力金融,8.73,8.74,8.74,8.73,35,30575,0.0,0.11
2026-01-27 13:19:00,sh600318,新力金融,8.73,8.74,8.74,8.73,497,434242,0.0,0.11
2026-01-27 13:20:00,sh600318,新力金融,8.74,8.75,8.75,8.74,38,33233,0.11,0.11
2026-01-27 13:21:00,sh600318,新力金融,8.75,8.75,8.75,8.75,243,212625,0.0,0.0
2026-01-27 13:22:00,sh600318,新力金融,8.74,8.73,8.74,8.72,313,273493,-0.23,0.23
2026-01-27 13:23:00,sh600318,新力金融,8.73,8.72,8.73,8.72,58,50622,-0.11,0.11
2026-01-27 13:24:00,sh600318,新力金融,8.73,8.74,8.74,8.73,153,133588,0.23,0.11
2026-01-27 13:25:00,sh600318,新力金融,8.74,8.73,8.74,8.73,31,27089,-0.11,0.11
2026-01-27 13:26:00,sh600318,新力金融,8.73,8.74,8.74,8.73,37,32334,0.11,0.11
2026-01-27 13:27:00,sh600318,新力金融,8.73,8.73,8.73,8.73,237,206901,-0.11,0.0
2026-01-27 13:28:00,sh600318,新力金融,8.74,8.74,8.74,8.74,453,395916,0.11,0.0
2026-01-27 13:29:00,sh600318,新力金融,8.74,8.73,8.74,8.73,77,67265,-0.11,0.11
2026-01-27 13:30:00,sh600318,新力金融,8.74,8.74,8.74,8.73,75,65546,0.11,0.11
2026-01-27 13:31:00,sh600318,新力金融,8.75,8.74,8.75,8.74,174,152185,0.0,0.11
2026-01-27 13:32:00,sh600318,新力金融,8.74,8.74,8.75,8.74,76,66610,0.0,0.11
2026-01-27 13:33:00,sh600318,新力金融,8.75,8.74,8.75,8.74,140,122420,0.0,0.11
2026-01-27 13:34:00,sh600318,新力金融,8.74,8.74,8.74,8.74,113,98587,0.0,0.0
2026-01-27 13:35:00,sh600318,新力金融,8.74,8.75,8.75,8.74,116,101574,0.11,0.11
2026-01-27 13:36:00,sh600318,新力金融,8.74,8.74,8.75,8.74,157,137257,-0.11,0.11
2026-01-27 13:37:00,sh600318,新力金融,8.75,8.75,8.75,8.74,186,162715,0.11,0.11
2026-01-27 13:38:00,sh600318,新力金融,8.74,8.74,8.74,8.74,380,332120,-0.11,0.0
2026-01-27 13:39:00,sh600318,新力金融,8.74,8.73,8.74,8.73,15,13105,-0.11,0.11
2026-01-27 13:40:00,sh600318,新力金融,8.74,8.75,8.75,8.74,148,129402,0.23,0.11
2026-01-27 13:41:00,sh600318,新力金融,8.75,8.75,8.75,8.75,74,64750,0.0,0.0
2026-01-27 13:42:00,sh600318,新力金融,8.75,8.75,8.75,8.74,321,280908,0.0,0.11
2026-01-27 13:43:00,sh600318,新力金融,8.75,8.74,8.75,8.74,13,11365,-0.11,0.11
2026-01-27 13:44:00,sh600318,新力金融,8.74,8.75,8.75,8.74,155,135612,0.11,0.11
2026-01-27 13:45:00,sh600318,新力金融,8.75,8.77,8.77,8.75,680,595364,0.23,0.23
2026-01-27 13:46:00,sh600318,新力金融,8.77,8.77,8.78,8.77,184,161369,0.0,0.11
2026-01-27 13:47:00,sh600318,新力金融,8.78,8.79,8.8,8.78,783,687875,0.23,0.23
2026-01-27 13:48:00,sh600318,新力金融,8.79,8.79,8.8,8.79,168,147690,0.0,0.11
2026-01-27 13:49:00,sh600318,新力金融,8.79,8.8,8.8,8.79,711,625640,0.11,0.11
2026-01-27 13:50:00,sh600318,新力金融,8.8,8.8,8.81,8.8,604,531549,0.0,0.11
2026-01-27 13:51:00,sh600318,新力金融,8.8,8.79,8.8,8.79,133,116988,-0.11,0.11
2026-01-27 13:52:00,sh600318,新力金融,8.79,8.79,8.79,8.78,475,417280,0.0,0.11
2026-01-27 13:53:00,sh600318,新力金融,8.79,8.79,8.8,8.79,357,313823,0.0,0.11
2026-01-27 13:54:00,sh600318,新力金融,8.79,8.79,8.79,8.79,239,210081,0.0,0.0
2026-01-27 13:55:00,sh600318,新力金融,8.78,8.78,8.79,8.78,120,105362,-0.11,0.11
2026-01-27 13:56:00,sh600318,新力金融,8.78,8.81,8.81,8.78,1320,1159425,0.34,0.34
2026-01-27 13:57:00,sh600318,新力金融,8.81,8.81,8.81,8.8,167,147030,0.0,0.11
2026-01-27 13:58:00,sh600318,新力金融,8.8,8.81,8.81,8.8,80,70410,0.0,0.11
2026-01-27 13:59:00,sh600318,新力金融,8.81,8.81,8.81,8.8,168,147917,0.0,0.11
2026-01-27 14:00:00,sh600318,新力金融,8.81,8.8,8.81,8.8,584,514022,-0.11,0.11
2026-01-27 14:01:00,sh600318,新力金融,8.81,8.82,8.82,8.8,695,612002,0.23,0.23
2026-01-27 14:02:00,sh600318,新力金融,8.81,8.81,8.82,8.8,84,73996,-0.11,0.23
2026-01-27 14:03:00,sh600318,新力金融,8.81,8.8,8.81,8.8,68,59880,-0.11,0.11
2026-01-27 14:04:00,sh600318,新力金融,8.8,8.81,8.81,8.8,66,58133,0.11,0.11
2026-01-27 14:05:00,sh600318,新力金融,8.81,8.81,8.81,8.81,82,72242,0.0,0.0
2026-01-27 14:06:00,sh600318,新力金融,8.81,8.8,8.81,8.8,164,144416,-0.11,0.11
2026-01-27 14:07:00,sh600318,新力金融,8.8,8.81,8.81,8.8,42,36980,0.11,0.11
2026-01-27 14:08:00,sh600318,新力金融,8.81,8.81,8.81,8.81,48,42288,0.0,0.0
2026-01-27 14:09:00,sh600318,新力金融,8.81,8.81,8.81,8.8,164,144476,0.0,0.11
2026-01-27 14:10:00,sh600318,新力金融,8.8,8.8,8.81,8.8,217,190961,-0.11,0.11
2026-01-27 14:11:00,sh600318,新力金融,8.8,8.8,8.81,8.8,58,51047,0.0,0.11
2026-01-27 14:12:00,sh600318,新力金融,8.8,8.79,8.8,8.79,685,602673,-0.11,0.11
2026-01-27 14:13:00,sh600318,新力金融,8.79,8.78,8.79,8.78,191,167777,-0.11,0.11
2026-01-27 14:14:00,sh600318,新力金融,8.79,8.79,8.79,8.78,275,241558,0.11,0.11
2026-01-27 14:15:00,sh600318,新力金融,8.79,8.79,8.79,8.79,105,92295,0.0,0.0
2026-01-27 14:16:00,sh600318,新力金融,8.79,8.79,8.79,8.79,63,55377,0.0,0.0
2026-01-27 14:17:00,sh600318,新力金融,8.79,8.79,8.8,8.79,67,58935,0.0,0.11
2026-01-27 14:18:00,sh600318,新力金融,8.8,8.8,8.8,8.8,321,282474,0.11,0.0
2026-01-27 14:19:00,sh600318,新力金融,8.8,8.8,8.8,8.79,326,286823,0.0,0.11
2026-01-27 14:20:00,sh600318,新力金融,8.8,8.8,8.81,8.8,169,148727,0.0,0.11
2026-01-27 14:21:00,sh600318,新力金融,8.8,8.8,8.8,8.8,2,1760,0.0,0.0
2026-01-27 14:22:00,sh600318,新力金融,8.79,8.8,8.8,8.79,22,19356,0.0,0.11
2026-01-27 14:23:00,sh600318,新力金融,8.8,8.8,8.8,8.8,13,11440,0.0,0.0
2026-01-27 14:24:00,sh600318,新力金融,8.8,8.79,8.8,8.79,198,174109,-0.11,0.11
2026-01-27 14:25:00,sh600318,新力金融,8.79,8.8,8.8,8.79,200,175875,0.11,0.11
2026-01-27 14:26:00,sh600318,新力金融,8.8,8.8,8.8,8.8,230,202400,0.0,0.0
2026-01-27 14:27:00,sh600318,新力金融,8.8,8.79,8.8,8.79,26,22872,-0.11,0.11
2026-01-27 14:28:00,sh600318,新力金融,8.8,8.79,8.8,8.79,96,84392,0.0,0.11
2026-01-27 14:29:00,sh600318,新力金融,8.8,8.8,8.8,8.8,163,143440,0.11,0.0
2026-01-27 14:30:00,sh600318,新力金融,8.79,8.79,8.8,8.79,52,45713,-0.11,0.11
2026-01-27 14:31:00,sh600318,新力金融,8.8,8.8,8.8,8.79,155,136398,0.11,0.11
2026-01-27 14:32:00,sh600318,新力金融,8.79,8.81,8.81,8.79,707,622115,0.11,0.23
2026-01-27 14:33:00,sh600318,新力金融,8.81,8.81,8.81,8.81,84,73994,0.0,0.0
2026-01-27 14:34:00,sh600318,新力金融,8.81,8.8,8.81,8.8,210,184891,-0.11,0.11
2026-01-27 14:35:00,sh600318,新力金融,8.8,8.79,8.8,8.79,6,5279,-0.11,0.11
2026-01-27 14:36:00,sh600318,新力金融,8.79,8.79,8.79,8.79,807,709353,0.0,0.0
2026-01-27 14:37:00,sh600318,新力金融,8.8,8.78,8.8,8.78,453,397920,-0.11,0.23
2026-01-27 14:38:00,sh600318,新力金融,8.78,8.78,8.79,8.78,29,25476,0.0,0.11
2026-01-27 14:39:00,sh600318,新力金融,8.78,8.78,8.79,8.78,469,411786,0.0,0.11
2026-01-27 14:40:00,sh600318,新力金融,8.77,8.78,8.78,8.77,248,217736,0.0,0.11
2026-01-27 14:41:00,sh600318,新力金融,8.78,8.78,8.78,8.77,382,335387,0.0,0.11
2026-01-27 14:42:00,sh600318,新力金融,8.77,8.78,8.78,8.77,1241,1089511,0.0,0.11
2026-01-27 14:43:00,sh600318,新力金融,8.78,8.79,8.79,8.78,138,121281,0.11,0.11
2026-01-27 14:44:00,sh600318,新力金融,8.79,8.78,8.79,8.77,162,142247,-0.11,0.23
2026-01-27 14:45:00,sh600318,新力金融,8.78,8.79,8.79,8.78,898,788086,0.11,0.11
2026-01-27 14:46:00,sh600318,新力金融,8.78,8.79,8.79,8.78,93,81746,0.0,0.11
2026-01-27 14:47:00,sh600318,新力金融,8.78,8.8,8.8,8.78,301,264436,0.11,0.23
2026-01-27 14:48:00,sh600318,新力金融,8.8,8.8,8.8,8.79,163,143317,0.0,0.11
2026-01-27 14:49:00,sh600318,新力金融,8.79,8.79,8.8,8.79,160,140775,-0.11,0.11
2026-01-27 14:50:00,sh600318,新力金融,8.79,8.79,8.8,8.79,218,191659,0.0,0.11
2026-01-27 14:51:00,sh600318,新力金融,8.79,8.79,8.8,8.79,83,72960,0.0,0.11
2026-01-27 14:52:00,sh600318,新力金融,8.79,8.79,8.79,8.78,231,202843,0.0,0.11
2026-01-27 14:53:00,sh600318,新力金融,8.79,8.79,8.79,8.78,162,142298,0.0,0.11
2026-01-27 14:54:00,sh600318,新力金融,8.78,8.79,8.79,8.78,649,570246,0.0,0.11
2026-01-27 14:55:00,sh600318,新力金融,8.78,8.79,8.79,8.78,201,176635,0.0,0.11
2026-01-27 14:56:00,sh600318,新力金融,8.79,8.78,8.79,8.78,1064,935105,-0.11,0.11
2026-01-27 14:57:00,sh600318,新力金融,8.78,8.79,8.79,8.78,273,239957,0.11,0.11
2026-01-27 14:58:00,sh600318,新力金融,8.79,8.79,8.79,8.79,0,0,0.0,0.0
2026-01-27 14:59:00,sh600318,新力金融,8.79,8.79,8.79,8.79,0,0,0.0,0.0
2026-01-27 15:00:00,sh600318,新力金融,8.8,8.8,8.8,8.8,2337,2056560,0.11,0.0
2026-01-28 09:30:00,sh600318,新力金融,8.75,8.75,8.75,8.75,383,335125,0.0,0.0
2026-01-28 09:31:00,sh600318,新力金融,8.79,8.77,8.79,8.75,2341,2050587,0.23,0.46
2026-01-28 09:32:00,sh600318,新力金融,8.77,8.77,8.78,8.76,361,316674,0.0,0.23
2026-01-28 09:33:00,sh600318,新力金融,8.77,8.77,8.77,8.76,429,376267,0.0,0.11
2026-01-28 09:34:00,sh600318,新力金融,8.76,8.78,8.78,8.76,468,410192,0.11,0.23
2026-01-28 09:35:00,sh600318,新力金融,8.78,8.78,8.79,8.77,200,175754,0.0,0.23
2026-01-28 09:36:00,sh600318,新力金融,8.78,8.79,8.8,8.78,464,407868,0.11,0.23
2026-01-28 09:37:00,sh600318,新力金融,8.8,8.82,8.83,8.8,590,520590,0.34,0.34
2026-01-28 09:38:00,sh600318,新力金融,8.82,8.82,8.83,8.81,609,537418,0.0,0.23
2026-01-28 09:39:00,sh600318,新力金融,8.82,8.82,8.82,8.81,249,219559,0.0,0.11
2026-01-28 09:40:00,sh600318,新力金融,8.81,8.81,8.82,8.81,693,610858,-0.11,0.11
2026-01-28 09:41:00,sh600318,新力金融,8.81,8.81,8.82,8.8,375,330371,0.0,0.23
2026-01-28 09:42:00,sh600318,新力金融,8.8,8.8,8.81,8.79,532,468179,-0.11,0.23
2026-01-28 09:43:00,sh600318,新力金融,8.79,8.8,8.8,8.79,247,217180,0.0,0.11
2026-01-28 09:44:00,sh600318,新力金融,8.8,8.79,8.8,8.79,82,72116,-0.11,0.11
2026-01-28 09:45:00,sh600318,新力金融,8.79,8.79,8.8,8.79,672,590983,0.0,0.11
2026-01-28 09:46:00,sh600318,新力金融,8.79,8.8,8.8,8.79,393,345576,0.11,0.11
2026-01-28 09:47:00,sh600318,新力金融,8.8,8.79,8.8,8.79,310,272492,-0.11,0.11
2026-01-28 09:48:00,sh600318,新力金融,8.78,8.77,8.78,8.76,1356,1188670,-0.23,0.23
2026-01-28 09:49:00,sh600318,新力金融,8.76,8.76,8.77,8.76,447,391719,-0.11,0.11
2026-01-28 09:50:00,sh600318,新力金融,8.76,8.77,8.77,8.76,341,298769,0.11,0.11
2026-01-28 09:51:00,sh600318,新力金融,8.76,8.76,8.76,8.75,428,374908,-0.11,0.11
2026-01-28 09:52:00,sh600318,新力金融,8.76,8.76,8.76,8.75,347,303799,0.0,0.11
2026-01-28 09:53:00,sh600318,新力金融,8.76,8.75,8.77,8.75,801,701530,-0.11,0.23
2026-01-28 09:54:00,sh600318,新力金融,8.75,8.74,8.76,8.73,1783,1559539,-0.11,0.34
2026-01-28 09:55:00,sh600318,新力金融,8.74,8.74,8.75,8.74,631,551888,0.0,0.11
2026-01-28 09:56:00,sh600318,新力金融,8.74,8.76,8.76,8.74,710,620671,0.23,0.23
2026-01-28 09:57:00,sh600318,新力金融,8.76,8.75,8.76,8.74,299,261689,-0.11,0.23
2026-01-28 09:58:00,sh600318,新力金融,8.75,8.75,8.75,8.74,139,121618,0.0,0.11
2026-01-28 09:59:00,sh600318,新力金融,8.74,8.75,8.75,8.74,187,163467,0.0,0.11
2026-01-28 10:00:00,sh600318,新力金融,8.75,8.75,8.75,8.75,577,504848,0.0,0.0
2026-01-28 10:01:00,sh600318,新力金融,8.75,8.74,8.75,8.74,595,520221,-0.11,0.11
2026-01-28 10:02:00,sh600318,新力金融,8.74,8.76,8.76,8.74,677,592269,0.23,0.23
2026-01-28 10:03:00,sh600318,新力金融,8.76,8.75,8.76,8.75,232,203040,-0.11,0.11
2026-01-28 10:04:00,sh600318,新力金融,8.75,8.75,8.75,8.74,273,238639,0.0,0.11
2026-01-28 10:05:00,sh600318,新力金融,8.75,8.75,8.75,8.74,518,452882,0.0,0.11
2026-01-28 10:06:00,sh600318,新力金融,8.75,8.74,8.75,8.73,475,415102,-0.11,0.23
2026-01-28 10:07:00,sh600318,新力金融,8.72,8.72,8.72,8.72,1300,1134528,-0.23,0.0
2026-01-28 10:08:00,sh600318,新力金融,8.72,8.74,8.74,8.72,191,166751,0.23,0.23
2026-01-28 10:09:00,sh600318,新力金融,8.74,8.74,8.74,8.73,127,110912,0.0,0.11
2026-01-28 10:10:00,sh600318,新力金融,8.74,8.74,8.74,8.73,172,150171,0.0,0.11
2026-01-28 10:11:00,sh600318,新力金融,8.73,8.74,8.74,8.73,707,617900,0.0,0.11
2026-01-28 10:12:00,sh600318,新力金融,8.74,8.74,8.74,8.73,437,381565,0.0,0.11
2026-01-28 10:13:00,sh600318,新力金融,8.74,8.73,8.74,8.73,179,156304,-0.11,0.11
2026-01-28 10:14:00,sh600318,新力金融,8.74,8.73,8.74,8.72,902,787453,0.0,0.23
2026-01-28 10:15:00,sh600318,新力金融,8.73,8.73,8.73,8.72,208,181475,0.0,0.11
2026-01-28 10:16:00,sh600318,新力金融,8.72,8.73,8.73,8.72,15,13082,0.0,0.11
2026-01-28 10:17:00,sh600318,新力金融,8.72,8.72,8.73,8.72,444,387189,-0.11,0.11
2026-01-28 10:18:00,sh600318,新力金融,8.73,8.73,8.73,8.72,308,268654,0.11,0.11
2026-01-28 10:19:00,sh600318,新力金融,8.73,8.73,8.73,8.73,784,684432,0.0,0.0
2026-01-28 10:20:00,sh600318,新力金融,8.73,8.73,8.73,8.72,57,49717,0.0,0.11
2026-01-28 10:21:00,sh600318,新力金融,8.73,8.72,8.73,8.72,111,96822,-0.11,0.11
2026-01-28 10:22:00,sh600318,新力金融,8.74,8.74,8.75,8.74,915,798884,0.23,0.11
2026-01-28 10:23:00,sh600318,新力金融,8.74,8.74,8.74,8.73,102,89140,0.0,0.11
2026-01-28 10:24:00,sh600318,新力金融,8.74,8.73,8.74,8.73,285,248828,-0.11,0.11
2026-01-28 10:25:00,sh600318,新力金融,8.72,8.72,8.73,8.72,383,333997,-0.11,0.11
2026-01-28 10:26:00,sh600318,新力金融,8.73,8.72,8.74,8.72,39,34072,0.0,0.23
2026-01-28 10:27:00,sh600318,新力金融,8.72,8.73,8.73,8.72,175,152692,0.11,0.11
2026-01-28 10:28:00,sh600318,新力金融,8.73,8.73,8.73,8.72,72,62834,0.0,0.11
2026-01-28 10:29:00,sh600318,新力金融,8.73,8.75,8.75,8.73,1601,1398648,0.23,0.23
2026-01-28 10:30:00,sh600318,新力金融,8.74,8.75,8.75,8.74,90,78669,0.0,0.11
2026-01-28 10:31:00,sh600318,新力金融,8.74,8.74,8.75,8.74,53,46335,-0.11,0.11
2026-01-28 10:32:00,sh600318,新力金融,8.74,8.74,8.74,8.74,295,257834,0.0,0.0
2026-01-28 10:33:00,sh600318,新力金融,8.74,8.75,8.75,8.74,56,48987,0.11,0.11
2026-01-28 10:34:00,sh600318,新力金融,8.75,8.76,8.76,8.75,449,392501,0.11,0.11
2026-01-28 10:35:00,sh600318,新力金融,8.75,8.75,8.75,8.74,896,783850,-0.11,0.11
2026-01-28 10:36:00,sh600318,新力金融,8.74,8.73,8.74,8.73,330,288198,-0.23,0.11
2026-01-28 10:37:00,sh600318,新力金融,8.73,8.74,8.74,8.73,166,144996,0.11,0.11
2026-01-28 10:38:00,sh600318,新力金融,8.74,8.73,8.74,8.73,343,299523,-0.11,0.11
2026-01-28 10:39:00,sh600318,新力金融,8.73,8.73,8.74,8.72,1478,1289022,0.0,0.23
2026-01-28 10:40:00,sh600318,新力金融,8.74,8.73,8.74,8.73,95,82977,0.0,0.11
2026-01-28 10:41:00,sh600318,新力金融,8.74,8.73,8.74,8.73,225,196449,0.0,0.11
2026-01-28 10:42:00,sh600318,新力金融,8.73,8.73,8.73,8.72,536,467759,0.0,0.11
2026-01-28 10:43:00,sh600318,新力金融,8.73,8.74,8.74,8.73,236,206098,0.11,0.11
2026-01-28 10:44:00,sh600318,新力金融,8.74,8.74,8.74,8.73,389,339872,0.0,0.11
2026-01-28 10:45:00,sh600318,新力金融,8.73,8.74,8.74,8.73,119,103908,0.0,0.11
2026-01-28 10:46:00,sh600318,新力金融,8.73,8.74,8.74,8.73,140,122278,0.0,0.11
2026-01-28 10:47:00,sh600318,新力金融,8.73,8.73,8.74,8.73,73,63774,-0.11,0.11
2026-01-28 10:48:00,sh600318,新力金融,8.74,8.74,8.74,8.73,683,596934,0.11,0.11
2026-01-28 10:49:00,sh600318,新力金融,8.74,8.74,8.74,8.73,1249,1090417,0.0,0.11
2026-01-28 10:50:00,sh600318,新力金融,8.74,8.74,8.74,8.73,329,287522,0.0,0.11
2026-01-28 10:51:00,sh600318,新力金融,8.74,8.74,8.74,8.74,25,21850,0.0,0.0
2026-01-28 10:52:00,sh600318,新力金融,8.74,8.73,8.74,8.73,140,122341,-0.11,0.11
2026-01-28 10:53:00,sh600318,新力金融,8.73,8.73,8.73,8.73,21,18333,0.0,0.0
2026-01-28 10:54:00,sh600318,新力金融,8.74,8.73,8.74,8.73,62,54127,0.0,0.11
2026-01-28 10:55:00,sh600318,新力金融,8.74,8.74,8.74,8.73,37,32337,0.11,0.11
2026-01-28 10:56:00,sh600318,新力金融,8.73,8.74,8.74,8.73,81,70732,0.0,0.11
2026-01-28 10:57:00,sh600318,新力金融,8.74,8.74,8.74,8.74,122,106628,0.0,0.0
2026-01-28 10:58:00,sh600318,新力金融,8.73,8.74,8.74,8.73,51,44560,0.0,0.11
2026-01-28 10:59:00,sh600318,新力金融,8.73,8.73,8.73,8.73,893,779589,-0.11,0.0
2026-01-28 11:00:00,sh600318,新力金融,8.72,8.72,8.72,8.72,6,5232,-0.11,0.0
2026-01-28 11:01:00,sh600318,新力金融,8.73,8.73,8.74,8.73,126,110044,0.11,0.11
2026-01-28 11:02:00,sh600318,新力金融,8.73,8.74,8.74,8.73,33,28813,0.11,0.11
2026-01-28 11:03:00,sh600318,新力金融,8.74,8.74,8.74,8.73,35,30579,0.0,0.11
2026-01-28 11:04:00,sh600318,新力金融,8.73,8.73,8.74,8.73,46,40178,-0.11,0.11
2026-01-28 11:05:00,sh600318,新力金融,8.73,8.72,8.73,8.72,955,833072,-0.11,0.11
2026-01-28 11:06:00,sh600318,新力金融,8.72,8.71,8.72,8.71,1404,1223737,-0.11,0.11
2026-01-28 11:07:00,sh600318,新力金融,8.71,8.71,8.72,8.71,671,584470,0.0,0.11
2026-01-28 11:08:00,sh600318,新力金融,8.71,8.72,8.72,8.71,771,671544,0.11,0.11
2026-01-28 11:09:00,sh600318,新力金融,8.71,8.71,8.72,8.71,167,145462,-0.11,0.11
2026-01-28 11:10:00,sh600318,新力金融,8.71,8.7,8.71,8.7,1907,1659435,-0.11,0.11
2026-01-28 11:11:00,sh600318,新力金融,8.7,8.71,8.71,8.7,1198,1042318,0.11,0.11
2026-01-28 11:12:00,sh600318,新力金融,8.7,8.7,8.71,8.7,775,674485,-0.11,0.11
2026-01-28 11:13:00,sh600318,新力金融,8.71,8.71,8.71,8.71,108,94069,0.11,0.0
2026-01-28 11:14:00,sh600318,新力金融,8.71,8.7,8.71,8.7,286,249100,-0.11,0.11
2026-01-28 11:15:00,sh600318,新力金融,8.7,8.7,8.71,8.7,78,67861,0.0,0.11
2026-01-28 11:16:00,sh600318,新力金融,8.71,8.71,8.71,8.7,121,105365,0.11,0.11
2026-01-28 11:17:00,sh600318,新力金融,8.71,8.7,8.71,8.7,142,123559,-0.11,0.11
2026-01-28 11:18:00,sh600318,新力金融,8.7,8.7,8.71,8.7,82,71365,0.0,0.11
2026-01-28 11:19:00,sh600318,新力金融,8.71,8.72,8.72,8.71,1058,920789,0.23,0.11
2026-01-28 11:20:00,sh600318,新力金融,8.71,8.72,8.72,8.71,119,103664,0.0,0.11
2026-01-28 11:21:00,sh600318,新力金融,8.71,8.71,8.72,8.71,23,20049,-0.11,0.11
2026-01-28 11:22:00,sh600318,新力金融,8.72,8.71,8.72,8.71,534,465602,0.0,0.11
2026-01-28 11:23:00,sh600318,新力金融,8.71,8.7,8.72,8.7,605,526956,-0.11,0.23
2026-01-28 11:24:00,sh600318,新力金融,8.71,8.71,8.72,8.71,74,64488,0.11,0.11
2026-01-28 11:25:00,sh600318,新力金融,8.71,8.72,8.72,8.71,122,106314,0.11,0.11
2026-01-28 11:26:00,sh600318,新力金融,8.71,8.72,8.72,8.71,105,91468,0.0,0.11
2026-01-28 11:27:00,sh600318,新力金融,8.72,8.71,8.72,8.71,84,73187,-0.11,0.11
2026-01-28 11:28:00,sh600318,新力金融,8.72,8.73,8.73,8.71,224,195307,0.23,0.23
2026-01-28 11:29:00,sh600318,新力金融,8.72,8.73,8.74,8.72,237,206882,0.0,0.23
2026-01-28 11:30:00,sh600318,新力金融,8.73,8.74,8.74,8.73,35,30566,0.11,0.11
2026-01-28 13:01:00,sh600318,新力金融,8.74,8.73,8.74,8.73,567,495382,-0.11,0.11
2026-01-28 13:02:00,sh600318,新力金融,8.73,8.73,8.73,8.73,423,369214,0.0,0.0
2026-01-28 13:03:00,sh600318,新力金融,8.73,8.73,8.73,8.72,140,122127,0.0,0.11
2026-01-28 13:04:00,sh600318,新力金融,8.72,8.73,8.73,8.72,220,191844,0.0,0.11
2026-01-28 13:05:00,sh600318,新力金融,8.72,8.71,8.72,8.71,238,207463,-0.23,0.11
2026-01-28 13:06:00,sh600318,新力金融,8.71,8.72,8.72,8.71,104,90613,0.11,0.11
2026-01-28 13:07:00,sh600318,新力金融,8.72,8.72,8.73,8.72,497,433398,0.0,0.11
2026-01-28 13:08:00,sh600318,新力金融,8.72,8.72,8.73,8.72,126,109897,0.0,0.11
2026-01-28 13:09:00,sh600318,新力金融,8.73,8.73,8.73,8.73,155,135315,0.11,0.0
2026-01-28 13:10:00,sh600318,新力金融,8.73,8.73,8.73,8.72,356,310554,0.0,0.11
2026-01-28 13:11:00,sh600318,新力金融,8.73,8.72,8.73,8.72,41,35767,-0.11,0.11
2026-01-28 13:12:00,sh600318,新力金融,8.72,8.73,8.74,8.72,662,577689,0.11,0.23
2026-01-28 13:13:00,sh600318,新力金融,8.73,8.73,8.74,8.72,1486,1297592,0.0,0.23
2026-01-28 13:14:00,sh600318,新力金融,8.73,8.74,8.74,8.72,482,420802,0.11,0.23
2026-01-28 13:15:00,sh600318,新力金融,8.73,8.72,8.73,8.72,752,655964,-0.23,0.11
2026-01-28 13:16:00,sh600318,新力金融,8.71,8.72,8.72,8.71,251,218763,0.0,0.11
2026-01-28 13:17:00,sh600318,新力金融,8.72,8.72,8.72,8.71,149,129914,0.0,0.11
2026-01-28 13:18:00,sh600318,新力金融,8.73,8.72,8.73,8.71,463,403537,0.0,0.23
2026-01-28 13:19:00,sh600318,新力金融,8.72,8.71,8.72,8.71,780,680146,-0.11,0.11
2026-01-28 13:20:00,sh600318,新力金融,8.72,8.71,8.72,8.71,216,188201,0.0,0.11
2026-01-28 13:21:00,sh600318,新力金融,8.71,8.72,8.72,8.71,796,693485,0.11,0.11
2026-01-28 13:22:00,sh600318,新力金融,8.72,8.71,8.72,8.71,54,47044,-0.11,0.11
2026-01-28 13:23:00,sh600318,新力金融,8.71,8.71,8.72,8.71,269,234393,0.0,0.11
2026-01-28 13:24:00,sh600318,新力金融,8.72,8.7,8.72,8.7,2092,1821268,-0.11,0.23
2026-01-28 13:25:00,sh600318,新力金融,8.7,8.7,8.71,8.7,333,289713,0.0,0.11
2026-01-28 13:26:00,sh600318,新力金融,8.7,8.71,8.71,8.7,65,56581,0.11,0.11
2026-01-28 13:27:00,sh600318,新力金融,8.71,8.7,8.71,8.7,238,207146,-0.11,0.11
2026-01-28 13:28:00,sh600318,新力金融,8.7,8.71,8.71,8.7,453,394167,0.11,0.11
2026-01-28 13:29:00,sh600318,新力金融,8.7,8.71,8.71,8.7,23,20015,0.0,0.11
2026-01-28 13:30:00,sh600318,新力金融,8.71,8.7,8.71,8.7,110,95760,-0.11,0.11
2026-01-28 13:31:00,sh600318,新力金融,8.71,8.71,8.71,8.71,29,25259,0.11,0.0
2026-01-28 13:32:00,sh600318,新力金融,8.7,8.71,8.71,8.7,67,58323,0.0,0.11
2026-01-28 13:33:00,sh600318,新力金融,8.71,8.71,8.71,8.7,384,334217,0.0,0.11
2026-01-28 13:34:00,sh600318,新力金融,8.71,8.71,8.71,8.71,64,55744,0.0,0.0
2026-01-28 13:35:00,sh600318,新力金融,8.7,8.71,8.71,8.7,210,182704,0.0,0.11
2026-01-28 13:36:00,sh600318,新力金融,8.7,8.71,8.71,8.7,111,96675,0.0,0.11
2026-01-28 13:37:00,sh600318,新力金融,8.7,8.69,8.7,8.69,1804,1569254,-0.23,0.11
2026-01-28 13:38:00,sh600318,新力金融,8.7,8.7,8.7,8.69,342,297371,0.12,0.12
2026-01-28 13:39:00,sh600318,新力金融,8.7,8.7,8.7,8.69,270,234689,0.0,0.11
2026-01-28 13:40:00,sh600318,新力金融,8.7,8.7,8.7,8.7,171,148770,0.0,0.0
2026-01-28 13:41:00,sh600318,新力金融,8.7,8.7,8.7,8.69,198,172207,0.0,0.11
2026-01-28 13:42:00,sh600318,新力金融,8.7,8.69,8.7,8.69,250,217400,-0.11,0.11
2026-01-28 13:43:00,sh600318,新力金融,8.7,8.69,8.7,8.69,308,267664,0.0,0.12
2026-01-28 13:44:00,sh600318,新力金融,8.69,8.7,8.7,8.69,70,60856,0.12,0.12
2026-01-28 13:45:00,sh600318,新力金融,8.69,8.7,8.7,8.69,258,224454,0.0,0.11
2026-01-28 13:46:00,sh600318,新力金融,8.7,8.7,8.7,8.7,575,500248,0.0,0.0
2026-01-28 13:47:00,sh600318,新力金融,8.7,8.7,8.71,8.7,408,355015,0.0,0.11
2026-01-28 13:48:00,sh600318,新力金融,8.7,8.71,8.71,8.7,399,347131,0.11,0.11
2026-01-28 13:49:00,sh600318,新力金融,8.7,8.71,8.71,8.7,74,64414,0.0,0.11
2026-01-28 13:50:00,sh600318,新力金融,8.7,8.7,8.7,8.7,108,93960,-0.11,0.0
2026-01-28 13:51:00,sh600318,新力金融,8.7,8.7,8.71,8.7,273,237517,0.0,0.11
2026-01-28 13:52:00,sh600318,新力金融,8.7,8.7,8.7,8.7,46,40020,0.0,0.0
2026-01-28 13:53:00,sh600318,新力金融,8.7,8.7,8.71,8.7,351,305565,0.0,0.11
2026-01-28 13:54:00,sh600318,新力金融,8.7,8.7,8.7,8.7,31,26970,0.0,0.0
2026-01-28 13:55:00,sh600318,新力金融,8.7,8.7,8.71,8.7,38,33066,0.0,0.11
2026-01-28 13:56:00,sh600318,新力金融,8.7,8.71,8.71,8.7,146,127046,0.11,0.11
2026-01-28 13:57:00,sh600318,新力金融,8.71,8.7,8.71,8.7,165,143694,-0.11,0.11
2026-01-28 13:58:00,sh600318,新力金融,8.7,8.71,8.71,8.7,35,30453,0.11,0.11
2026-01-28 13:59:00,sh600318,新力金融,8.71,8.7,8.71,8.7,846,736035,-0.11,0.11
2026-01-28 14:00:00,sh600318,新力金融,8.7,8.7,8.7,8.69,178,154836,0.0,0.11
2026-01-28 14:01:00,sh600318,新力金融,8.7,8.7,8.7,8.69,592,514667,0.0,0.11
2026-01-28 14:02:00,sh600318,新力金融,8.69,8.7,8.7,8.69,20,17399,0.0,0.11
2026-01-28 14:03:00,sh600318,新力金融,8.7,8.7,8.7,8.69,107,93077,0.0,0.11
2026-01-28 14:04:00,sh600318,新力金融,8.7,8.7,8.7,8.7,87,75690,0.0,0.0
2026-01-28 14:05:00,sh600318,新力金融,8.7,8.69,8.7,8.69,739,642477,-0.11,0.11
2026-01-28 14:06:00,sh600318,新力金融,8.7,8.7,8.7,8.69,179,155707,0.12,0.12
2026-01-28 14:07:00,sh600318,新力金融,8.69,8.69,8.7,8.69,95,82568,-0.11,0.11
2026-01-28 14:08:00,sh600318,新力金融,8.7,8.69,8.7,8.69,48,41742,0.0,0.12
2026-01-28 14:09:00,sh600318,新力金融,8.69,8.7,8.7,8.69,94,81710,0.12,0.12
2026-01-28 14:10:00,sh600318,新力金融,8.7,8.7,8.7,8.69,101,87851,0.0,0.11
2026-01-28 14:11:00,sh600318,新力金融,8.7,8.69,8.7,8.69,273,237308,-0.11,0.11
2026-01-28 14:12:00,sh600318,新力金融,8.7,8.7,8.7,8.7,245,213150,0.12,0.0
2026-01-28 14:13:00,sh600318,新力金融,8.7,8.7,8.7,8.69,120,104381,0.0,0.11
2026-01-28 14:14:00,sh600318,新力金融,8.69,8.7,8.7,8.69,42,36534,0.0,0.11
2026-01-28 14:15:00,sh600318,新力金融,8.69,8.69,8.7,8.69,132,114793,-0.11,0.11
2026-01-28 14:16:00,sh600318,新力金融,8.69,8.7,8.7,8.69,396,344441,0.12,0.12
2026-01-28 14:17:00,sh600318,新力金融,8.7,8.7,8.7,8.69,535,465448,0.0,0.11
2026-01-28 14:18:00,sh600318,新力金融,8.7,8.69,8.7,8.69,173,150419,-0.11,0.11
2026-01-28 14:19:00,sh600318,新力金融,8.7,8.7,8.7,8.7,160,139193,0.12,0.0
2026-01-28 14:20:00,sh600318,新力金融,8.7,8.69,8.7,8.69,130,113070,-0.11,0.11
2026-01-28 14:21:00,sh600318,新力金融,8.7,8.69,8.7,8.69,256,222541,0.0,0.12
2026-01-28 14:22:00,sh600318,新力金融,8.69,8.7,8.7,8.69,104,90468,0.12,0.12
2026-01-28 14:23:00,sh600318,新力金融,8.69,8.7,8.7,8.69,97,84388,0.0,0.11
2026-01-28 14:24:00,sh600318,新力金融,8.69,8.7,8.7,8.69,1785,1551403,0.0,0.11
2026-01-28 14:25:00,sh600318,新力金融,8.69,8.7,8.7,8.69,39,33912,0.0,0.11
2026-01-28 14:26:00,sh600318,新力金融,8.69,8.7,8.7,8.69,175,152099,0.0,0.11
2026-01-28 14:27:00,sh600318,新力金融,8.69,8.69,8.7,8.69,84,73068,-0.11,0.11
2026-01-28 14:28:00,sh600318,新力金融,8.7,8.7,8.7,8.7,68,59160,0.12,0.0
2026-01-28 14:29:00,sh600318,新力金融,8.69,8.69,8.7,8.69,167,145228,-0.11,0.11
2026-01-28 14:30:00,sh600318,新力金融,8.69,8.69,8.7,8.69,234,203352,0.0,0.12
2026-01-28 14:31:00,sh600318,新力金融,8.69,8.69,8.69,8.68,2590,2250247,0.0,0.12
2026-01-28 14:32:00,sh600318,新力金融,8.68,8.68,8.69,8.68,312,270899,-0.12,0.12
2026-01-28 14:33:00,sh600318,新力金融,8.69,8.69,8.69,8.69,145,126003,0.12,0.0
2026-01-28 14:34:00,sh600318,新力金融,8.68,8.68,8.69,8.68,587,509557,-0.12,0.12
2026-01-28 14:35:00,sh600318,新力金融,8.69,8.69,8.69,8.68,384,333637,0.12,0.12
2026-01-28 14:36:00,sh600318,新力金融,8.69,8.69,8.69,8.68,187,162443,0.0,0.12
2026-01-28 14:37:00,sh600318,新力金融,8.68,8.68,8.7,8.68,1090,946984,-0.12,0.23
2026-01-28 14:38:00,sh600318,新力金融,8.68,8.69,8.69,8.68,150,130337,0.12,0.12
2026-01-28 14:39:00,sh600318,新力金融,8.68,8.68,8.69,8.67,2539,2203836,-0.12,0.23
2026-01-28 14:40:00,sh600318,新力金融,8.68,8.67,8.68,8.67,1361,1180179,-0.12,0.12
2026-01-28 14:41:00,sh600318,新力金融,8.67,8.68,8.68,8.67,266,230706,0.12,0.12
2026-01-28 14:42:00,sh600318,新力金融,8.68,8.68,8.68,8.67,191,165743,0.0,0.12
2026-01-28 14:43:00,sh600318,新力金融,8.68,8.68,8.68,8.68,91,78978,0.0,0.0
2026-01-28 14:44:00,sh600318,新力金融,8.67,8.67,8.68,8.67,814,705783,-0.12,0.12
2026-01-28 14:45:00,sh600318,新力金融,8.67,8.67,8.68,8.67,214,185601,0.0,0.12
2026-01-28 14:46:00,sh600318,新力金融,8.68,8.67,8.68,8.67,838,726639,0.0,0.12
2026-01-28 14:47:00,sh600318,新力金融,8.67,8.67,8.67,8.66,492,426556,0.0,0.12
2026-01-28 14:48:00,sh600318,新力金融,8.67,8.67,8.67,8.67,659,571293,0.0,0.0
2026-01-28 14:49:00,sh600318,新力金融,8.67,8.66,8.67,8.66,849,736065,-0.12,0.12
2026-01-28 14:50:00,sh600318,新力金融,8.67,8.67,8.67,8.66,286,247932,0.12,0.12
2026-01-28 14:51:00,sh600318,新力金融,8.67,8.67,8.67,8.67,235,203624,0.0,0.0
2026-01-28 14:52:00,sh600318,新力金融,8.66,8.67,8.67,8.66,600,520115,0.0,0.12
2026-01-28 14:53:00,sh600318,新力金融,8.67,8.67,8.67,8.66,614,532216,0.0,0.12
2026-01-28 14:54:00,sh600318,新力金融,8.66,8.66,8.67,8.66,577,500078,-0.12,0.12
2026-01-28 14:55:00,sh600318,新力金融,8.67,8.67,8.68,8.67,879,762199,0.12,0.12
2026-01-28 14:56:00,sh600318,新力金融,8.67,8.67,8.68,8.67,1134,983375,0.0,0.12
2026-01-28 14:57:00,sh600318,新力金融,8.67,8.67,8.68,8.66,920,797511,0.0,0.23
2026-01-28 14:58:00,sh600318,新力金融,8.68,8.68,8.68,8.68,20,17360,0.12,0.0
2026-01-28 14:59:00,sh600318,新力金融,8.68,8.68,8.68,8.68,0,0,0.0,0.0
2026-01-28 15:00:00,sh600318,新力金融,8.68,8.68,8.68,8.68,697,604996,0.0,0.0
2026-01-29 09:30:00,sh600318,新力金融,8.62,8.62,8.62,8.62,1047,902514,0.0,0.0
2026-01-29 09:31:00,sh600318,新力金融,8.66,8.64,8.68,8.62,1299,1122225,0.23,0.7
2026-01-29 09:32:00,sh600318,新力金融,8.63,8.6,8.63,8.6,2977,2564823,-0.46,0.35
2026-01-29 09:33:00,sh600318,新力金融,8.6,8.6,8.62,8.59,2902,2496924,0.0,0.35
2026-01-29 09:34:00,sh600318,新力金融,8.59,8.6,8.61,8.59,1080,928171,0.0,0.23
2026-01-29 09:35:00,sh600318,新力金融,8.6,8.58,8.61,8.58,1874,1610617,-0.23,0.35
2026-01-29 09:36:00,sh600318,新力金融,8.59,8.6,8.6,8.58,1265,1086166,0.23,0.23
2026-01-29 09:37:00,sh600318,新力金融,8.6,8.59,8.61,8.58,2358,2025261,-0.12,0.35
2026-01-29 09:38:00,sh600318,新力金融,8.58,8.61,8.61,8.58,1865,1601604,0.23,0.35
2026-01-29 09:39:00,sh600318,新力金融,8.62,8.63,8.63,8.59,907,781360,0.23,0.46
2026-01-29 09:40:00,sh600318,新力金融,8.64,8.65,8.65,8.63,979,845921,0.23,0.23
2026-01-29 09:41:00,sh600318,新力金融,8.65,8.65,8.65,8.63,378,326729,0.0,0.23
2026-01-29 09:42:00,sh600318,新力金融,8.65,8.65,8.66,8.65,627,542643,0.0,0.12
2026-01-29 09:43:00,sh600318,新力金融,8.65,8.64,8.65,8.64,1016,878256,-0.12,0.12
2026-01-29 09:44:00,sh600318,新力金融,8.64,8.64,8.65,8.64,311,268899,0.0,0.12
2026-01-29 09:45:00,sh600318,新力金融,8.64,8.67,8.67,8.64,595,514698,0.35,0.35
2026-01-29 09:46:00,sh600318,新力金融,8.66,8.66,8.67,8.66,292,253086,-0.12,0.12
2026-01-29 09:47:00,sh600318,新力金融,8.66,8.66,8.67,8.66,130,112634,0.0,0.12
2026-01-29 09:48:00,sh600318,新力金融,8.67,8.65,8.67,8.65,325,281504,-0.12,0.23
2026-01-29 09:49:00,sh600318,新力金融,8.65,8.65,8.66,8.65,956,827078,0.0,0.12
2026-01-29 09:50:00,sh600318,新力金融,8.65,8.66,8.66,8.65,561,485614,0.12,0.12
2026-01-29 09:51:00,sh600318,新力金融,8.65,8.67,8.67,8.65,215,186236,0.12,0.23
2026-01-29 09:52:00,sh600318,新力金融,8.67,8.66,8.67,8.66,288,249517,-0.12,0.12
2026-01-29 09:53:00,sh600318,新力金融,8.67,8.68,8.68,8.66,462,400577,0.23,0.23
2026-01-29 09:54:00,sh600318,新力金融,8.67,8.7,8.7,8.67,838,728671,0.23,0.35
2026-01-29 09:55:00,sh600318,新力金融,8.71,8.7,8.71,8.69,282,245420,0.0,0.23
2026-01-29 09:56:00,sh600318,新力金融,8.69,8.7,8.7,8.69,295,256626,0.0,0.11
2026-01-29 09:57:00,sh600318,新力金融,8.7,8.69,8.7,8.69,615,534809,-0.11,0.11
2026-01-29 09:58:00,sh600318,新力金融,8.69,8.69,8.69,8.69,201,174702,0.0,0.0
2026-01-29 09:59:00,sh600318,新力金融,8.7,8.69,8.7,8.69,136,118303,0.0,0.12
2026-01-29 10:00:00,sh600318,新力金融,8.7,8.7,8.7,8.69,702,610663,0.12,0.12
2026-01-29 10:01:00,sh600318,新力金融,8.7,8.7,8.7,8.69,261,227060,0.0,0.11
2026-01-29 10:02:00,sh600318,新力金融,8.7,8.72,8.72,8.7,489,425834,0.23,0.23
2026-01-29 10:03:00,sh600318,新力金融,8.71,8.71,8.71,8.7,931,810462,-0.11,0.11
2026-01-29 10:04:00,sh600318,新力金融,8.71,8.7,8.71,8.7,243,211628,-0.11,0.11
2026-01-29 10:05:00,sh600318,新力金融,8.7,8.7,8.71,8.7,355,309048,0.0,0.11
2026-01-29 10:06:00,sh600318,新力金融,8.71,8.7,8.71,8.7,160,139320,0.0,0.11
2026-01-29 10:07:00,sh600318,新力金融,8.7,8.71,8.71,8.7,600,522680,0.11,0.11
2026-01-29 10:08:00,sh600318,新力金融,8.72,8.71,8.72,8.71,268,233651,0.0,0.11
2026-01-29 10:09:00,sh600318,新力金融,8.71,8.71,8.71,8.7,384,334311,0.0,0.11
2026-01-29 10:10:00,sh600318,新力金融,8.71,8.72,8.72,8.71,175,152471,0.11,0.11
2026-01-29 10:11:00,sh600318,新力金融,8.71,8.72,8.72,8.71,183,159438,0.0,0.11
2026-01-29 10:12:00,sh600318,新力金融,8.72,8.73,8.73,8.72,869,757747,0.11,0.11
2026-01-29 10:13:00,sh600318,新力金融,8.72,8.73,8.73,8.72,333,290507,0.0,0.11
2026-01-29 10:14:00,sh600318,新力金融,8.73,8.72,8.73,8.72,166,144895,-0.11,0.11
2026-01-29 10:15:00,sh600318,新力金融,8.72,8.72,8.73,8.72,212,184971,0.0,0.11
2026-01-29 10:16:00,sh600318,新力金融,8.72,8.72,8.72,8.71,46,40097,0.0,0.11
2026-01-29 10:17:00,sh600318,新力金融,8.72,8.71,8.72,8.71,33,28746,-0.11,0.11
2026-01-29 10:18:00,sh600318,新力金融,8.71,8.72,8.72,8.71,20,17435,0.11,0.11
2026-01-29 10:19:00,sh600318,新力金融,8.71,8.7,8.71,8.7,864,752517,-0.23,0.11
2026-01-29 10:20:00,sh600318,新力金融,8.7,8.7,8.71,8.7,622,541281,0.0,0.11
2026-01-29 10:21:00,sh600318,新力金融,8.7,8.7,8.71,8.7,336,292347,0.0,0.11
2026-01-29 10:22:00,sh600318,新力金融,8.7,8.7,8.71,8.7,603,524711,0.0,0.11
2026-01-29 10:23:00,sh600318,新力金融,8.71,8.72,8.72,8.7,745,648562,0.23,0.23
2026-01-29 10:24:00,sh600318,新力金融,8.72,8.71,8.72,8.71,398,346831,-0.11,0.11
2026-01-29 10:25:00,sh600318,新力金融,8.71,8.71,8.71,8.71,58,50518,0.0,0.0
2026-01-29 10:26:00,sh600318,新力金融,8.71,8.7,8.71,8.7,133,115776,-0.11,0.11
2026-01-29 10:27:00,sh600318,新力金融,8.7,8.7,8.71,8.7,68,59199,0.0,0.11
2026-01-29 10:28:00,sh600318,新力金融,8.7,8.71,8.71,8.7,135,117573,0.11,0.11
2026-01-29 10:29:00,sh600318,新力金融,8.7,8.71,8.71,8.7,20,17403,0.0,0.11
2026-01-29 10:30:00,sh600318,新力金融,8.7,8.7,8.71,8.7,849,738640,-0.11,0.11
2026-01-29 10:31:00,sh600318,新力金融,8.7,8.7,8.7,8.7,285,248018,0.0,0.0
2026-01-29 10:32:00,sh600318,新力金融,8.71,8.7,8.71,8.7,78,67916,0.0,0.11
2026-01-29 10:33:00,sh600318,新力金融,8.7,8.7,8.7,8.7,185,160950,0.0,0.0
2026-01-29 10:34:00,sh600318,新力金融,8.7,8.71,8.71,8.7,485,422086,0.11,0.11
2026-01-29 10:35:00,sh600318,新力金融,8.71,8.7,8.71,8.7,30,26110,-0.11,0.11
2026-01-29 10:36:00,sh600318,新力金融,8.7,8.7,8.71,8.7,213,185311,0.0,0.11
2026-01-29 10:37:00,sh600318,新力金融,8.71,8.71,8.71,8.71,15,13055,0.11,0.0
2026-01-29 10:38:00,sh600318,新力金融,8.7,8.71,8.71,8.7,81,70502,0.0,0.11
2026-01-29 10:39:00,sh600318,新力金融,8.7,8.7,8.7,8.7,169,147030,-0.11,0.0
2026-01-29 10:40:00,sh600318,新力金融,8.71,8.7,8.71,8.7,6,5225,0.0,0.11
2026-01-29 10:41:00,sh600318,新力金融,8.71,8.71,8.71,8.7,574,499938,0.11,0.11
2026-01-29 10:42:00,sh600318,新力金融,8.73,8.71,8.73,8.71,497,433271,0.0,0.23
2026-01-29 10:43:00,sh600318,新力金融,8.71,8.72,8.72,8.71,20,17433,0.11,0.11
2026-01-29 10:44:00,sh600318,新力金融,8.72,8.72,8.72,8.72,67,58424,0.0,0.0
2026-01-29 10:45:00,sh600318,新力金融,8.72,8.71,8.72,8.71,47,40982,-0.11,0.11
2026-01-29 10:46:00,sh600318,新力金融,8.71,8.72,8.72,8.71,336,292691,0.11,0.11
2026-01-29 10:47:00,sh600318,新力金融,8.71,8.72,8.72,8.7,407,354497,0.0,0.23
2026-01-29 10:48:00,sh600318,新力金融,8.71,8.72,8.72,8.71,64,55776,0.0,0.11
2026-01-29 10:49:00,sh600318,新力金融,8.72,8.71,8.72,8.71,389,339187,-0.11,0.11
2026-01-29 10:50:00,sh600318,新力金融,8.72,8.72,8.72,8.71,167,145604,0.11,0.11
2026-01-29 10:51:00,sh600318,新力金融,8.72,8.72,8.72,8.72,243,211906,0.0,0.0
2026-01-29 10:52:00,sh600318,新力金融,8.72,8.72,8.72,8.71,394,343368,0.0,0.11
2026-01-29 10:53:00,sh600318,新力金融,8.71,8.71,8.71,8.71,6,5226,-0.11,0.0
2026-01-29 10:54:00,sh600318,新力金融,8.71,8.72,8.72,8.71,223,194414,0.11,0.11
2026-01-29 10:55:00,sh600318,新力金融,8.72,8.72,8.72,8.72,99,86328,0.0,0.0
2026-01-29 10:56:00,sh600318,新力金融,8.72,8.73,8.73,8.72,514,448291,0.11,0.11
2026-01-29 10:57:00,sh600318,新力金融,8.73,8.72,8.73,8.72,297,259155,-0.11,0.11
2026-01-29 10:58:00,sh600318,新力金融,8.72,8.73,8.73,8.72,143,124776,0.11,0.11
2026-01-29 10:59:00,sh600318,新力金融,8.72,8.72,8.73,8.72,109,95106,-0.11,0.11
2026-01-29 11:00:00,sh600318,新力金融,8.73,8.73,8.73,8.72,36,31418,0.11,0.11
2026-01-29 11:01:00,sh600318,新力金融,8.73,8.73,8.73,8.73,85,74205,0.0,0.0
2026-01-29 11:02:00,sh600318,新力金融,8.73,8.73,8.73,8.73,122,106506,0.0,0.0
2026-01-29 11:03:00,sh600318,新力金融,8.73,8.73,8.73,8.73,242,211239,0.0,0.0
2026-01-29 11:04:00,sh600318,新力金融,8.72,8.73,8.73,8.72,4,3489,0.0,0.11
2026-01-29 11:05:00,sh600318,新力金融,8.72,8.72,8.72,8.71,359,313037,-0.11,0.11
2026-01-29 11:06:00,sh600318,新力金融,8.72,8.72,8.72,8.72,340,296470,0.0,0.0
2026-01-29 11:07:00,sh600318,新力金融,8.72,8.72,8.72,8.72,185,161320,0.0,0.0
2026-01-29 11:08:00,sh600318,新力金融,8.72,8.72,8.72,8.72,92,80224,0.0,0.0
2026-01-29 11:09:00,sh600318,新力金融,8.71,8.71,8.71,8.71,156,135877,-0.11,0.0
2026-01-29 11:10:00,sh600318,新力金融,8.71,8.71,8.72,8.71,66,57498,0.0,0.11
2026-01-29 11:11:00,sh600318,新力金融,8.71,8.71,8.72,8.71,396,344922,0.0,0.11
2026-01-29 11:12:00,sh600318,新力金融,8.71,8.72,8.72,8.71,193,168109,0.11,0.11
2026-01-29 11:13:00,sh600318,新力金融,8.71,8.71,8.71,8.71,120,104522,-0.11,0.0
2026-01-29 11:14:00,sh600318,新力金融,8.71,8.7,8.71,8.7,60,52219,-0.11,0.11
2026-01-29 11:15:00,sh600318,新力金融,8.71,8.71,8.71,8.7,39,33932,0.11,0.11
2026-01-29 11:16:00,sh600318,新力金融,8.71,8.71,8.71,8.71,50,43550,0.0,0.0
2026-01-29 11:17:00,sh600318,新力金融,8.7,8.71,8.71,8.7,103,89649,0.0,0.11
2026-01-29 11:18:00,sh600318,新力金融,8.7,8.7,8.7,8.7,250,217500,-0.11,0.0
2026-01-29 11:19:00,sh600318,新力金融,8.7,8.7,8.71,8.7,1110,965701,0.0,0.11
2026-01-29 11:20:00,sh600318,新力金融,8.7,8.7,8.7,8.69,139,120910,0.0,0.11
2026-01-29 11:21:00,sh600318,新力金融,8.69,8.69,8.7,8.69,94,81706,-0.11,0.11
2026-01-29 11:22:00,sh600318,新力金融,8.69,8.7,8.7,8.69,73,63460,0.12,0.12
2026-01-29 11:23:00,sh600318,新力金融,8.7,8.7,8.7,8.7,39,33930,0.0,0.0
2026-01-29 11:24:00,sh600318,新力金融,8.7,8.69,8.7,8.69,146,126908,-0.11,0.11
2026-01-29 11:25:00,sh600318,新力金融,8.69,8.69,8.69,8.69,272,236368,0.0,0.0
2026-01-29 11:26:00,sh600318,新力金融,8.69,8.68,8.69,8.68,79,68593,-0.12,0.12
2026-01-29 11:27:00,sh600318,新力金融,8.68,8.68,8.68,8.68,217,188356,0.0,0.0
2026-01-29 11:28:00,sh600318,新力金融,8.68,8.69,8.69,8.68,52,45138,0.12,0.12
2026-01-29 11:29:00,sh600318,新力金融,8.69,8.68,8.69,8.68,101,87738,-0.12,0.12
2026-01-29 11:30:00,sh600318,新力金融,8.69,8.69,8.69,8.68,28,24327,0.12,0.12
2026-01-29 13:01:00,sh600318,新力金融,8.69,8.68,8.69,8.68,713,619054,-0.12,0.12
2026-01-29 13:02:00,sh600318,新力金融,8.69,8.68,8.69,8.68,297,257833,0.0,0.12
2026-01-29 13:03:00,sh600318,新力金融,8.68,8.66,8.68,8.66,1173,1016610,-0.23,0.23
2026-01-29 13:04:00,sh600318,新力金融,8.67,8.67,8.67,8.67,78,67626,0.12,0.0
2026-01-29 13:05:00,sh600318,新力金融,8.68,8.66,8.68,8.66,541,469006,-0.12,0.23
2026-01-29 13:06:00,sh600318,新力金融,8.66,8.69,8.69,8.66,224,194347,0.35,0.35
2026-01-29 13:07:00,sh600318,新力金融,8.69,8.69,8.7,8.69,234,203349,0.0,0.12
2026-01-29 13:08:00,sh600318,新力金融,8.69,8.7,8.7,8.69,94,81774,0.12,0.12
2026-01-29 13:09:00,sh600318,新力金融,8.7,8.69,8.7,8.69,249,216545,-0.11,0.11
2026-01-29 13:10:00,sh600318,新力金融,8.69,8.7,8.7,8.69,198,172254,0.12,0.12
2026-01-29 13:11:00,sh600318,新力金融,8.7,8.71,8.71,8.69,162,140943,0.11,0.23
2026-01-29 13:12:00,sh600318,新力金融,8.7,8.7,8.72,8.7,343,298598,-0.11,0.23
2026-01-29 13:13:00,sh600318,新力金融,8.71,8.7,8.71,8.7,172,149609,0.0,0.11
2026-01-29 13:14:00,sh600318,新力金融,8.69,8.7,8.7,8.69,56,48714,0.0,0.11
2026-01-29 13:15:00,sh600318,新力金融,8.7,8.71,8.71,8.7,182,158441,0.11,0.11
2026-01-29 13:16:00,sh600318,新力金融,8.71,8.71,8.71,8.7,19,16546,0.0,0.11
2026-01-29 13:17:00,sh600318,新力金融,8.71,8.72,8.72,8.71,1061,924278,0.11,0.11
2026-01-29 13:18:00,sh600318,新力金融,8.71,8.72,8.72,8.71,343,298947,0.0,0.11
2026-01-29 13:19:00,sh600318,新力金融,8.72,8.72,8.72,8.72,68,59296,0.0,0.0
2026-01-29 13:20:00,sh600318,新力金融,8.7,8.71,8.71,8.7,427,371916,-0.11,0.11
2026-01-29 13:21:00,sh600318,新力金融,8.71,8.71,8.71,8.71,112,97552,0.0,0.0
2026-01-29 13:22:00,sh600318,新力金融,8.71,8.71,8.71,8.71,56,48776,0.0,0.0
2026-01-29 13:23:00,sh600318,新力金融,8.71,8.7,8.71,8.7,681,592567,-0.11,0.11
2026-01-29 13:24:00,sh600318,新力金融,8.71,8.7,8.71,8.69,345,300250,0.0,0.23
2026-01-29 13:25:00,sh600318,新力金融,8.71,8.71,8.71,8.71,494,430274,0.11,0.0
2026-01-29 13:26:00,sh600318,新力金融,8.71,8.7,8.71,8.7,21,18284,-0.11,0.11
2026-01-29 13:27:00,sh600318,新力金融,8.7,8.7,8.7,8.69,437,379971,0.0,0.11
2026-01-29 13:28:00,sh600318,新力金融,8.69,8.7,8.7,8.69,138,119959,0.0,0.11
2026-01-29 13:29:00,sh600318,新力金融,8.7,8.69,8.7,8.69,227,197265,-0.11,0.11
2026-01-29 13:30:00,sh600318,新力金融,8.68,8.69,8.69,8.68,117,101562,0.0,0.12
2026-01-29 13:31:00,sh600318,新力金融,8.68,8.68,8.68,8.68,303,263004,-0.12,0.0
2026-01-29 13:32:00,sh600318,新力金融,8.68,8.67,8.68,8.67,69,59891,-0.12,0.12
2026-01-29 13:33:00,sh600318,新力金融,8.68,8.68,8.69,8.68,279,242174,0.12,0.12
2026-01-29 13:34:00,sh600318,新力金融,8.68,8.69,8.69,8.67,260,225722,0.12,0.23
2026-01-29 13:35:00,sh600318,新力金融,8.69,8.68,8.69,8.68,11,9550,-0.12,0.12
2026-01-29 13:36:00,sh600318,新力金融,8.68,8.67,8.68,8.67,32,27769,-0.12,0.12
2026-01-29 13:37:00,sh600318,新力金融,8.69,8.7,8.71,8.69,1441,1253639,0.35,0.23
2026-01-29 13:38:00,sh600318,新力金融,8.71,8.71,8.71,8.71,236,205544,0.11,0.0
2026-01-29 13:39:00,sh600318,新力金融,8.71,8.71,8.72,8.7,793,690880,0.0,0.23
2026-01-29 13:40:00,sh600318,新力金融,8.71,8.7,8.71,8.7,167,145386,-0.11,0.11
2026-01-29 13:41:00,sh600318,新力金融,8.7,8.71,8.71,8.7,632,550009,0.11,0.11
2026-01-29 13:42:00,sh600318,新力金融,8.72,8.71,8.72,8.7,702,611611,0.0,0.23
2026-01-29 13:43:00,sh600318,新力金融,8.71,8.71,8.71,8.7,186,161975,0.0,0.11
2026-01-29 13:44:00,sh600318,新力金融,8.71,8.71,8.71,8.71,139,121069,0.0,0.0
2026-01-29 13:45:00,sh600318,新力金融,8.72,8.71,8.72,8.7,362,315312,0.0,0.23
2026-01-29 13:46:00,sh600318,新力金融,8.71,8.71,8.72,8.71,612,533425,0.0,0.11
2026-01-29 13:47:00,sh600318,新力金融,8.7,8.71,8.71,8.7,722,628293,0.0,0.11
2026-01-29 13:48:00,sh600318,新力金融,8.7,8.69,8.7,8.69,249,216452,-0.23,0.11
2026-01-29 13:49:00,sh600318,新力金融,8.69,8.69,8.7,8.68,779,676664,0.0,0.23
2026-01-29 13:50:00,sh600318,新力金融,8.67,8.69,8.69,8.67,97,84181,0.0,0.23
2026-01-29 13:51:00,sh600318,新力金融,8.68,8.68,8.68,8.67,216,187445,-0.12,0.12
2026-01-29 13:52:00,sh600318,新力金融,8.67,8.68,8.68,8.67,68,59004,0.0,0.12
2026-01-29 13:53:00,sh600318,新力金融,8.67,8.67,8.68,8.67,392,340036,-0.12,0.12
2026-01-29 13:54:00,sh600318,新力金融,8.67,8.67,8.69,8.67,797,691704,0.0,0.23
2026-01-29 13:55:00,sh600318,新力金融,8.68,8.69,8.69,8.68,332,288576,0.23,0.12
2026-01-29 13:56:00,sh600318,新力金融,8.69,8.7,8.7,8.69,484,421025,0.12,0.12
2026-01-29 13:57:00,sh600318,新力金融,8.7,8.7,8.7,8.7,160,139210,0.0,0.0
2026-01-29 13:58:00,sh600318,新力金融,8.69,8.71,8.71,8.69,188,163518,0.11,0.23
2026-01-29 13:59:00,sh600318,新力金融,8.7,8.68,8.71,8.68,526,457348,-0.34,0.34
2026-01-29 14:00:00,sh600318,新力金融,8.68,8.69,8.69,8.68,248,215511,0.12,0.12
2026-01-29 14:01:00,sh600318,新力金融,8.69,8.69,8.7,8.69,235,204219,0.0,0.12
2026-01-29 14:02:00,sh600318,新力金融,8.69,8.7,8.7,8.69,264,229514,0.12,0.12
2026-01-29 14:03:00,sh600318,新力金融,8.7,8.7,8.71,8.7,885,770292,0.0,0.11
2026-01-29 14:04:00,sh600318,新力金融,8.7,8.71,8.71,8.7,137,119282,0.11,0.11
2026-01-29 14:05:00,sh600318,新力金融,8.71,8.7,8.71,8.7,235,204657,-0.11,0.11
2026-01-29 14:06:00,sh600318,新力金融,8.71,8.71,8.71,8.7,178,154902,0.11,0.11
2026-01-29 14:07:00,sh600318,新力金融,8.71,8.71,8.71,8.71,0,0,0.0,0.0
2026-01-29 14:08:00,sh600318,新力金融,8.71,8.71,8.71,8.7,221,192376,0.0,0.11
2026-01-29 14:09:00,sh600318,新力金融,8.7,8.7,8.7,8.69,715,621269,-0.11,0.11
2026-01-29 14:10:00,sh600318,新力金融,8.69,8.7,8.7,8.69,116,100814,0.0,0.11
2026-01-29 14:11:00,sh600318,新力金融,8.69,8.68,8.7,8.68,82,71268,-0.23,0.23
2026-01-29 14:12:00,sh600318,新力金融,8.68,8.68,8.68,8.68,151,131078,0.0,0.0
2026-01-29 14:13:00,sh600318,新力金融,8.68,8.68,8.68,8.68,15,13020,0.0,0.0
2026-01-29 14:14:00,sh600318,新力金融,8.68,8.68,8.69,8.68,221,191853,0.0,0.12
2026-01-29 14:15:00,sh600318,新力金融,8.68,8.68,8.68,8.67,336,291641,0.0,0.12
2026-01-29 14:16:00,sh600318,新力金融,8.69,8.68,8.69,8.68,819,712073,0.0,0.12
2026-01-29 14:17:00,sh600318,新力金融,8.68,8.68,8.68,8.68,392,340222,0.0,0.0
2026-01-29 14:18:00,sh600318,新力金融,8.69,8.69,8.69,8.68,113,98196,0.12,0.12
2026-01-29 14:19:00,sh600318,新力金融,8.69,8.69,8.69,8.69,80,69520,0.0,0.0
2026-01-29 14:20:00,sh600318,新力金融,8.7,8.71,8.71,8.7,497,432491,0.23,0.12
2026-01-29 14:21:00,sh600318,新力金融,8.71,8.72,8.72,8.71,335,291828,0.11,0.11
2026-01-29 14:22:00,sh600318,新力金融,8.72,8.72,8.72,8.71,1231,1073409,0.0,0.11
2026-01-29 14:23:00,sh600318,新力金融,8.72,8.72,8.73,8.72,659,575222,0.0,0.11
2026-01-29 14:24:00,sh600318,新力金融,8.72,8.72,8.73,8.72,229,199692,0.0,0.11
2026-01-29 14:25:00,sh600318,新力金融,8.72,8.73,8.73,8.72,606,528716,0.11,0.11
2026-01-29 14:26:00,sh600318,新力金融,8.73,8.73,8.73,8.72,1141,995918,0.0,0.11
2026-01-29 14:27:00,sh600318,新力金融,8.74,8.75,8.75,8.74,1216,1062948,0.23,0.11
2026-01-29 14:28:00,sh600318,新力金融,8.75,8.75,8.75,8.74,1053,921154,0.0,0.11
2026-01-29 14:29:00,sh600318,新力金融,8.75,8.73,8.75,8.73,439,383835,-0.23,0.23
2026-01-29 14:30:00,sh600318,新力金融,8.73,8.74,8.74,8.73,502,438656,0.11,0.11
2026-01-29 14:31:00,sh600318,新力金融,8.73,8.73,8.73,8.73,321,280233,-0.11,0.0
2026-01-29 14:32:00,sh600318,新力金融,8.73,8.74,8.74,8.73,936,817223,0.11,0.11
2026-01-29 14:33:00,sh600318,新力金融,8.74,8.73,8.74,8.72,208,181628,-0.11,0.23
2026-01-29 14:34:00,sh600318,新力金融,8.72,8.72,8.73,8.72,83,72386,-0.11,0.11
2026-01-29 14:35:00,sh600318,新力金融,8.72,8.73,8.73,8.72,135,117807,0.11,0.11
2026-01-29 14:36:00,sh600318,新力金融,8.72,8.73,8.73,8.72,117,102052,0.0,0.11
2026-01-29 14:37:00,sh600318,新力金融,8.73,8.72,8.73,8.72,210,183199,-0.11,0.11
2026-01-29 14:38:00,sh600318,新力金融,8.72,8.72,8.73,8.72,281,245289,0.0,0.11
2026-01-29 14:39:00,sh600318,新力金融,8.72,8.73,8.73,8.72,303,264409,0.11,0.11
2026-01-29 14:40:00,sh600318,新力金融,8.73,8.72,8.73,8.72,366,319486,-0.11,0.11
2026-01-29 14:41:00,sh600318,新力金融,8.73,8.72,8.73,8.72,95,82927,0.0,0.11
2026-01-29 14:42:00,sh600318,新力金融,8.72,8.72,8.72,8.71,1097,956653,0.0,0.11
2026-01-29 14:43:00,sh600318,新力金融,8.73,8.72,8.73,8.72,491,428609,0.0,0.11
2026-01-29 14:44:00,sh600318,新力金融,8.72,8.72,8.73,8.72,517,450988,0.0,0.11
2026-01-29 14:45:00,sh600318,新力金融,8.71,8.72,8.73,8.71,186,162189,0.0,0.23
2026-01-29 14:46:00,sh600318,新力金融,8.72,8.73,8.73,8.71,1554,1355099,0.11,0.23
2026-01-29 14:47:00,sh600318,新力金融,8.72,8.72,8.72,8.72,221,192703,-0.11,0.0
2026-01-29 14:48:00,sh600318,新力金融,8.72,8.71,8.72,8.71,228,198769,-0.11,0.11
2026-01-29 14:49:00,sh600318,新力金融,8.72,8.71,8.72,8.71,271,236283,0.0,0.11
2026-01-29 14:50:00,sh600318,新力金融,8.72,8.72,8.72,8.71,197,171710,0.11,0.11
2026-01-29 14:51:00,sh600318,新力金融,8.72,8.72,8.72,8.71,457,398239,0.0,0.11
2026-01-29 14:52:00,sh600318,新力金融,8.72,8.72,8.72,8.71,506,440861,0.0,0.11
2026-01-29 14:53:00,sh600318,新力金融,8.72,8.72,8.72,8.71,175,152503,0.0,0.11
2026-01-29 14:54:00,sh600318,新力金融,8.71,8.72,8.72,8.71,252,219628,0.0,0.11
2026-01-29 14:55:00,sh600318,新力金融,8.71,8.72,8.72,8.71,342,297969,0.0,0.11
2026-01-29 14:56:00,sh600318,新力金融,8.72,8.71,8.72,8.71,1353,1178557,-0.11,0.11
2026-01-29 14:57:00,sh600318,新力金融,8.71,8.72,8.73,8.71,811,707115,0.11,0.23
2026-01-29 14:58:00,sh600318,新力金融,8.72,8.72,8.72,8.72,0,0,0.0,0.0
2026-01-29 14:59:00,sh600318,新力金融,8.72,8.72,8.72,8.72,0,0,0.0,0.0
2026-01-29 15:00:00,sh600318,新力金融,8.72,8.72,8.72,8.72,1538,1341136,0.0,0.0
2026-01-30 09:30:00,sh600318,新力金融,8.68,8.68,8.68,8.68,575,499100,0.0,0.0
2026-01-30 09:31:00,sh600318,新力金融,8.66,8.7,8.7,8.66,1036,898613,0.23,0.46
2026-01-30 09:32:00,sh600318,新力金融,8.7,8.72,8.73,8.67,895,780032,0.23,0.69
2026-01-30 09:33:00,sh600318,新力金融,8.72,8.7,8.72,8.7,958,834720,-0.23,0.23
2026-01-30 09:34:00,sh600318,新力金融,8.69,8.69,8.69,8.68,153,132949,-0.11,0.11
2026-01-30 09:35:00,sh600318,新力金融,8.69,8.67,8.69,8.67,940,815518,-0.23,0.23
2026-01-30 09:36:00,sh600318,新力金融,8.66,8.64,8.68,8.63,1014,877500,-0.35,0.58
2026-01-30 09:37:00,sh600318,新力金融,8.64,8.65,8.66,8.63,693,599011,0.12,0.35
2026-01-30 09:38:00,sh600318,新力金融,8.65,8.65,8.66,8.65,265,229270,0.0,0.12
2026-01-30 09:39:00,sh600318,新力金融,8.67,8.68,8.68,8.66,331,286897,0.35,0.23
2026-01-30 09:40:00,sh600318,新力金融,8.69,8.67,8.69,8.66,344,298676,-0.12,0.35
2026-01-30 09:41:00,sh600318,新力金融,8.67,8.67,8.68,8.66,361,312877,0.0,0.23
2026-01-30 09:42:00,sh600318,新力金融,8.67,8.67,8.68,8.66,633,548936,0.0,0.23
2026-01-30 09:43:00,sh600318,新力金融,8.68,8.71,8.72,8.68,712,619759,0.46,0.46
2026-01-30 09:44:00,sh600318,新力金融,8.72,8.71,8.72,8.7,480,418167,0.0,0.23
2026-01-30 09:45:00,sh600318,新力金融,8.71,8.71,8.71,8.7,307,267316,0.0,0.11
2026-01-30 09:46:00,sh600318,新力金融,8.71,8.71,8.71,8.7,1265,1101077,0.0,0.11
2026-01-30 09:47:00,sh600318,新力金融,8.71,8.7,8.71,8.7,347,302110,-0.11,0.11
2026-01-30 09:48:00,sh600318,新力金融,8.69,8.71,8.71,8.69,474,412373,0.11,0.23
2026-01-30 09:49:00,sh600318,新力金融,8.7,8.73,8.73,8.7,625,544775,0.23,0.34
2026-01-30 09:50:00,sh600318,新力金融,8.74,8.76,8.77,8.74,2299,2011667,0.34,0.34
2026-01-30 09:51:00,sh600318,新力金融,8.77,8.76,8.77,8.74,1210,1059114,0.0,0.34
2026-01-30 09:52:00,sh600318,新力金融,8.75,8.76,8.76,8.75,436,381552,0.0,0.11
2026-01-30 09:53:00,sh600318,新力金融,8.76,8.74,8.76,8.74,276,241549,-0.23,0.23
2026-01-30 09:54:00,sh600318,新力金融,8.74,8.74,8.75,8.73,752,656812,0.0,0.23
2026-01-30 09:55:00,sh600318,新力金融,8.73,8.73,8.73,8.73,139,121347,-0.11,0.0
2026-01-30 09:56:00,sh600318,新力金融,8.73,8.72,8.73,8.72,323,281725,-0.11,0.11
2026-01-30 09:57:00,sh600318,新力金融,8.72,8.72,8.73,8.71,136,118513,0.0,0.23
2026-01-30 09:58:00,sh600318,新力金融,8.72,8.71,8.72,8.71,292,254454,-0.11,0.11
2026-01-30 09:59:00,sh600318,新力金融,8.71,8.7,8.72,8.7,180,156751,-0.11,0.23
2026-01-30 10:00:00,sh600318,新力金融,8.71,8.69,8.71,8.68,567,493008,-0.11,0.34
2026-01-30 10:01:00,sh600318,新力金融,8.7,8.68,8.7,8.68,447,388444,-0.12,0.23
2026-01-30 10:02:00,sh600318,新力金融,8.68,8.68,8.68,8.67,1279,1110048,0.0,0.12
2026-01-30 10:03:00,sh600318,新力金融,8.68,8.68,8.68,8.67,401,347909,0.0,0.12
2026-01-30 10:04:00,sh600318,新力金融,8.68,8.68,8.68,8.67,349,302872,0.0,0.12
2026-01-30 10:05:00,sh600318,新力金融,8.67,8.69,8.69,8.67,409,354900,0.12,0.23
2026-01-30 10:06:00,sh600318,新力金融,8.68,8.68,8.69,8.67,645,559785,-0.12,0.23
2026-01-30 10:07:00,sh600318,新力金融,8.68,8.69,8.69,8.68,74,64295,0.12,0.12
2026-01-30 10:08:00,sh600318,新力金融,8.69,8.67,8.69,8.67,388,336751,-0.23,0.23
2026-01-30 10:09:00,sh600318,新力金融,8.69,8.69,8.69,8.69,56,48664,0.23,0.0
2026-01-30 10:10:00,sh600318,新力金融,8.69,8.69,8.7,8.68,242,210299,0.0,0.23
2026-01-30 10:11:00,sh600318,新力金融,8.69,8.68,8.69,8.68,157,136374,-0.12,0.12
2026-01-30 10:12:00,sh600318,新力金融,8.68,8.68,8.69,8.68,128,111122,0.0,0.12
2026-01-30 10:13:00,sh600318,新力金融,8.68,8.67,8.69,8.67,1115,967553,-0.12,0.23
2026-01-30 10:14:00,sh600318,新力金融,8.67,8.67,8.68,8.67,659,571862,0.0,0.12
2026-01-30 10:15:00,sh600318,新力金融,8.67,8.67,8.68,8.67,64,55492,0.0,0.12
2026-01-30 10:16:00,sh600318,新力金融,8.67,8.66,8.67,8.66,197,170308,-0.12,0.12
2026-01-30 10:17:00,sh600318,新力金融,8.67,8.66,8.67,8.66,238,206149,0.0,0.12
2026-01-30 10:18:00,sh600318,新力金融,8.67,8.67,8.67,8.66,850,736123,0.12,0.12
2026-01-30 10:19:00,sh600318,新力金融,8.66,8.66,8.67,8.66,729,631361,-0.12,0.12
2026-01-30 10:20:00,sh600318,新力金融,8.66,8.66,8.67,8.65,610,528612,0.0,0.23
2026-01-30 10:21:00,sh600318,新力金融,8.67,8.66,8.67,8.66,505,437404,0.0,0.12
2026-01-30 10:22:00,sh600318,新力金融,8.66,8.66,8.66,8.65,180,155789,0.0,0.12
2026-01-30 10:23:00,sh600318,新力金融,8.65,8.66,8.66,8.65,599,518237,0.0,0.12
2026-01-30 10:24:00,sh600318,新力金融,8.65,8.66,8.66,8.64,623,538843,0.0,0.23
2026-01-30 10:25:00,sh600318,新力金融,8.66,8.66,8.66,8.65,100,86560,0.0,0.12
2026-01-30 10:26:00,sh600318,新力金融,8.66,8.66,8.66,8.65,568,491399,0.0,0.12
2026-01-30 10:27:00,sh600318,新力金融,8.65,8.65,8.66,8.65,301,260583,-0.12,0.12
2026-01-30 10:28:00,sh600318,新力金融,8.66,8.66,8.66,8.65,280,242215,0.12,0.12
2026-01-30 10:29:00,sh600318,新力金融,8.66,8.66,8.67,8.66,217,187914,0.0,0.12
2026-01-30 10:30:00,sh600318,新力金融,8.67,8.64,8.67,8.64,1135,981803,-0.23,0.35
2026-01-30 10:31:00,sh600318,新力金融,8.64,8.65,8.65,8.64,297,256715,0.12,0.12
2026-01-30 10:32:00,sh600318,新力金融,8.66,8.65,8.67,8.64,70,60591,0.0,0.35
2026-01-30 10:33:00,sh600318,新力金融,8.65,8.64,8.65,8.64,257,222142,-0.12,0.12
2026-01-30 10:34:00,sh600318,新力金融,8.64,8.63,8.64,8.63,2222,1917999,-0.12,0.12
2026-01-30 10:35:00,sh600318,新力金融,8.63,8.62,8.63,8.62,1622,1398806,-0.12,0.12
2026-01-30 10:36:00,sh600318,新力金融,8.62,8.64,8.64,8.61,1798,1548774,0.23,0.35
2026-01-30 10:37:00,sh600318,新力金融,8.64,8.66,8.66,8.63,1106,956321,0.23,0.35
2026-01-30 10:38:00,sh600318,新力金融,8.67,8.66,8.67,8.65,1135,983155,0.0,0.23
2026-01-30 10:39:00,sh600318,新力金融,8.67,8.67,8.67,8.67,53,45951,0.12,0.0
2026-01-30 10:40:00,sh600318,新力金融,8.66,8.68,8.68,8.66,79,68530,0.12,0.23
2026-01-30 10:41:00,sh600318,新力金融,8.68,8.68,8.68,8.67,554,480864,0.0,0.12
2026-01-30 10:42:00,sh600318,新力金融,8.68,8.67,8.68,8.67,100,86720,-0.12,0.12
2026-01-30 10:43:00,sh600318,新力金融,8.68,8.67,8.68,8.67,238,206366,0.0,0.12
2026-01-30 10:44:00,sh600318,新力金融,8.67,8.67,8.67,8.66,105,90980,0.0,0.12
2026-01-30 10:45:00,sh600318,新力金融,8.66,8.68,8.68,8.66,476,412285,0.12,0.23
2026-01-30 10:46:00,sh600318,新力金融,8.67,8.68,8.68,8.67,25,21689,0.0,0.12
2026-01-30 10:47:00,sh600318,新力金融,8.68,8.67,8.68,8.67,115,99788,-0.12,0.12
2026-01-30 10:48:00,sh600318,新力金融,8.67,8.67,8.67,8.66,460,398798,0.0,0.12
2026-01-30 10:49:00,sh600318,新力金融,8.67,8.66,8.67,8.66,145,125664,-0.12,0.12
2026-01-30 10:50:00,sh600318,新力金融,8.67,8.67,8.67,8.66,124,107498,0.12,0.12
2026-01-30 10:51:00,sh600318,新力金融,8.67,8.67,8.67,8.66,140,121290,0.0,0.12
2026-01-30 10:52:00,sh600318,新力金融,8.66,8.66,8.67,8.66,274,237295,-0.12,0.12
2026-01-30 10:53:00,sh600318,新力金融,8.66,8.66,8.66,8.66,64,55425,0.0,0.0
2026-01-30 10:54:00,sh600318,新力金融,8.65,8.66,8.66,8.65,119,102947,0.0,0.12
2026-01-30 10:55:00,sh600318,新力金融,8.66,8.65,8.66,8.65,348,301051,-0.12,0.12
2026-01-30 10:56:00,sh600318,新力金融,8.65,8.65,8.65,8.64,206,178178,0.0,0.12
2026-01-30 10:57:00,sh600318,新力金融,8.65,8.64,8.65,8.64,494,426803,-0.12,0.12
2026-01-30 10:58:00,sh600318,新力金融,8.64,8.63,8.64,8.63,297,256332,-0.12,0.12
2026-01-30 10:59:00,sh600318,新力金融,8.63,8.64,8.64,8.63,92,79468,0.12,0.12
2026-01-30 11:00:00,sh600318,新力金融,8.64,8.65,8.65,8.63,44,38048,0.12,0.23
2026-01-30 11:01:00,sh600318,新力金融,8.64,8.64,8.65,8.64,88,76065,-0.12,0.12
2026-01-30 11:02:00,sh600318,新力金融,8.64,8.62,8.64,8.62,1972,1700851,-0.23,0.23
2026-01-30 11:03:00,sh600318,新力金融,8.63,8.62,8.63,8.61,828,713686,0.0,0.23
2026-01-30 11:04:00,sh600318,新力金融,8.64,8.63,8.64,8.63,94,81147,0.12,0.12
2026-01-30 11:05:00,sh600318,新力金融,8.63,8.62,8.63,8.62,440,379685,-0.12,0.12
2026-01-30 11:06:00,sh600318,新力金融,8.63,8.63,8.63,8.62,160,138059,0.12,0.12
2026-01-30 11:07:00,sh600318,新力金融,8.62,8.63,8.63,8.62,81,69928,0.0,0.12
2026-01-30 11:08:00,sh600318,新力金融,8.63,8.63,8.64,8.63,43,37120,0.0,0.12
2026-01-30 11:09:00,sh600318,新力金融,8.63,8.63,8.64,8.62,210,181253,0.0,0.23
2026-01-30 11:10:00,sh600318,新力金融,8.63,8.63,8.63,8.62,219,188996,0.0,0.12
2026-01-30 11:11:00,sh600318,新力金融,8.63,8.63,8.63,8.63,56,48328,0.0,0.0
2026-01-30 11:12:00,sh600318,新力金融,8.62,8.63,8.63,8.62,218,188107,0.0,0.12
2026-01-30 11:13:00,sh600318,新力金融,8.62,8.63,8.63,8.62,75,64673,0.0,0.12
2026-01-30 11:14:00,sh600318,新力金融,8.63,8.63,8.63,8.63,153,132030,0.0,0.0
2026-01-30 11:15:00,sh600318,新力金融,8.63,8.64,8.64,8.63,182,157116,0.12,0.12
2026-01-30 11:16:00,sh600318,新力金融,8.63,8.63,8.63,8.63,248,214026,-0.12,0.0
2026-01-30 11:17:00,sh600318,新力金融,8.63,8.63,8.63,8.62,126,108667,0.0,0.12
2026-01-30 11:18:00,sh600318,新力金融,8.63,8.63,8.63,8.63,288,248373,0.0,0.0
2026-01-30 11:19:00,sh600318,新力金融,8.62,8.62,8.63,8.62,802,691344,-0.12,0.12
2026-01-30 11:20:00,sh600318,新力金融,8.62,8.62,8.62,8.62,262,225843,0.0,0.0
2026-01-30 11:21:00,sh600318,新力金融,8.62,8.62,8.62,8.61,133,114525,0.0,0.12
2026-01-30 11:22:00,sh600318,新力金融,8.61,8.62,8.62,8.61,62,53427,0.0,0.12
2026-01-30 11:23:00,sh600318,新力金融,8.62,8.62,8.62,8.62,159,137058,0.0,0.0
2026-01-30 11:24:00,sh600318,新力金融,8.62,8.62,8.62,8.62,144,124128,0.0,0.0
2026-01-30 11:25:00,sh600318,新力金融,8.61,8.62,8.62,8.61,82,70650,0.0,0.12
2026-01-30 11:26:00,sh600318,新力金融,8.62,8.62,8.62,8.62,50,43100,0.0,0.0
2026-01-30 11:27:00,sh600318,新力金融,8.62,8.61,8.62,8.61,133,114537,-0.12,0.12
2026-01-30 11:28:00,sh600318,新力金融,8.62,8.62,8.62,8.62,18,15514,0.12,0.0
2026-01-30 11:29:00,sh600318,新力金融,8.62,8.62,8.62,8.61,107,92189,0.0,0.12
2026-01-30 11:30:00,sh600318,新力金融,8.62,8.62,8.62,8.62,31,26718,0.0,0.0
2026-01-30 13:01:00,sh600318,新力金融,8.62,8.63,8.63,8.62,331,285377,0.12,0.12
2026-01-30 13:02:00,sh600318,新力金融,8.63,8.63,8.63,8.63,30,25890,0.0,0.0
2026-01-30 13:03:00,sh600318,新力金融,8.62,8.63,8.63,8.62,249,214844,0.0,0.12
2026-01-30 13:04:00,sh600318,新力金融,8.63,8.64,8.64,8.63,74,63864,0.12,0.12
2026-01-30 13:05:00,sh600318,新力金融,8.64,8.64,8.64,8.64,140,120960,0.0,0.0
2026-01-30 13:06:00,sh600318,新力金融,8.64,8.64,8.64,8.64,329,284255,0.0,0.0
2026-01-30 13:07:00,sh600318,新力金融,8.64,8.64,8.65,8.63,72,62216,0.0,0.23
2026-01-30 13:08:00,sh600318,新力金融,8.64,8.64,8.64,8.63,52,44897,0.0,0.12
2026-01-30 13:09:00,sh600318,新力金融,8.64,8.64,8.64,8.64,128,110592,0.0,0.0
2026-01-30 13:10:00,sh600318,新力金融,8.64,8.64,8.64,8.64,54,46656,0.0,0.0
2026-01-30 13:11:00,sh600318,新力金融,8.64,8.64,8.65,8.64,120,103684,0.0,0.12
2026-01-30 13:12:00,sh600318,新力金融,8.65,8.66,8.66,8.65,1055,914877,0.23,0.12
2026-01-30 13:13:00,sh600318,新力金融,8.66,8.66,8.66,8.66,63,54558,0.0,0.0
2026-01-30 13:14:00,sh600318,新力金融,8.67,8.66,8.67,8.66,72,62382,0.0,0.12
2026-01-30 13:15:00,sh600318,新力金融,8.66,8.66,8.67,8.66,192,166276,0.0,0.12
2026-01-30 13:16:00,sh600318,新力金融,8.66,8.66,8.66,8.66,21,18186,0.0,0.0
2026-01-30 13:17:00,sh600318,新力金融,8.65,8.65,8.66,8.65,117,101210,-0.12,0.12
2026-01-30 13:18:00,sh600318,新力金融,8.65,8.65,8.66,8.65,27,23377,0.0,0.12
2026-01-30 13:19:00,sh600318,新力金融,8.66,8.66,8.66,8.65,57,49342,0.12,0.12
2026-01-30 13:20:00,sh600318,新力金融,8.66,8.66,8.66,8.65,157,135910,0.0,0.12
2026-01-30 13:21:00,sh600318,新力金融,8.65,8.66,8.66,8.65,137,118570,0.0,0.12
2026-01-30 13:22:00,sh600318,新力金融,8.66,8.66,8.66,8.65,255,220750,0.0,0.12
2026-01-30 13:23:00,sh600318,新力金融,8.67,8.67,8.67,8.66,163,141246,0.12,0.12
2026-01-30 13:24:00,sh600318,新力金融,8.67,8.66,8.67,8.66,320,277151,-0.12,0.12
2026-01-30 13:25:00,sh600318,新力金融,8.66,8.66,8.66,8.66,76,65816,0.0,0.0
2026-01-30 13:26:00,sh600318,新力金融,8.67,8.67,8.67,8.66,58,50236,0.12,0.12
2026-01-30 13:27:00,sh600318,新力金融,8.66,8.66,8.66,8.66,37,32047,-0.12,0.0
2026-01-30 13:28:00,sh600318,新力金融,8.66,8.66,8.66,8.66,38,32908,0.0,0.0
2026-01-30 13:29:00,sh600318,新力金融,8.66,8.66,8.66,8.65,507,439061,0.0,0.12
2026-01-30 13:30:00,sh600318,新力金融,8.66,8.66,8.67,8.66,634,549059,0.0,0.12
2026-01-30 13:31:00,sh600318,新力金融,8.67,8.66,8.67,8.66,8,6929,0.0,0.12
2026-01-30 13:32:00,sh600318,新力金融,8.66,8.66,8.67,8.66,498,431280,0.0,0.12
2026-01-30 13:33:00,sh600318,新力金融,8.67,8.66,8.67,8.66,35,30338,0.0,0.12
2026-01-30 13:34:00,sh600318,新力金融,8.67,8.66,8.67,8.66,457,395766,0.0,0.12
2026-01-30 13:35:00,sh600318,新力金融,8.66,8.66,8.66,8.65,14,12120,0.0,0.12
2026-01-30 13:36:00,sh600318,新力金融,8.65,8.65,8.65,8.65,18,15571,-0.12,0.0
2026-01-30 13:37:00,sh600318,新力金融,8.65,8.65,8.65,8.65,28,24241,0.0,0.0
2026-01-30 13:38:00,sh600318,新力金融,8.65,8.66,8.66,8.65,124,107341,0.12,0.12
2026-01-30 13:39:00,sh600318,新力金融,8.66,8.65,8.66,8.65,220,190352,-0.12,0.12
2026-01-30 13:40:00,sh600318,新力金融,8.65,8.65,8.66,8.65,137,118525,0.0,0.12
2026-01-30 13:41:00,sh600318,新力金融,8.65,8.65,8.66,8.65,122,105545,0.0,0.12
2026-01-30 13:42:00,sh600318,新力金融,8.65,8.65,8.66,8.65,85,73602,0.0,0.12
2026-01-30 13:43:00,sh600318,新力金融,8.66,8.65,8.66,8.65,132,114252,0.0,0.12
2026-01-30 13:44:00,sh600318,新力金融,8.65,8.66,8.66,8.65,158,136763,0.12,0.12
2026-01-30 13:45:00,sh600318,新力金融,8.65,8.66,8.66,8.65,137,118620,0.0,0.12
2026-01-30 13:46:00,sh600318,新力金融,8.66,8.65,8.66,8.65,167,144555,-0.12,0.12
2026-01-30 13:47:00,sh600318,新力金融,8.65,8.65,8.65,8.65,479,414336,0.0,0.0
2026-01-30 13:48:00,sh600318,新力金融,8.65,8.65,8.65,8.65,305,263825,0.0,0.0
2026-01-30 13:49:00,sh600318,新力金融,8.65,8.65,8.65,8.65,3,2595,0.0,0.0
2026-01-30 13:50:00,sh600318,新力金融,8.65,8.65,8.65,8.65,30,25950,0.0,0.0
2026-01-30 13:51:00,sh600318,新力金融,8.66,8.66,8.66,8.65,467,404070,0.12,0.12
2026-01-30 13:52:00,sh600318,新力金融,8.66,8.65,8.66,8.65,93,80486,-0.12,0.12
2026-01-30 13:53:00,sh600318,新力金融,8.65,8.65,8.66,8.65,822,711566,0.0,0.12
2026-01-30 13:54:00,sh600318,新力金融,8.65,8.65,8.65,8.65,159,137535,0.0,0.0
2026-01-30 13:55:00,sh600318,新力金融,8.66,8.66,8.66,8.65,571,494469,0.12,0.12
2026-01-30 13:56:00,sh600318,新力金融,8.67,8.67,8.67,8.66,38,32925,0.12,0.12
2026-01-30 13:57:00,sh600318,新力金融,8.66,8.67,8.67,8.66,70,60626,0.0,0.12
2026-01-30 13:58:00,sh600318,新力金融,8.67,8.67,8.67,8.67,121,104907,0.0,0.0
2026-01-30 13:59:00,sh600318,新力金融,8.67,8.66,8.67,8.65,946,819306,-0.12,0.23
2026-01-30 14:00:00,sh600318,新力金融,8.66,8.65,8.66,8.65,119,102956,-0.12,0.12
2026-01-30 14:01:00,sh600318,新力金融,8.66,8.65,8.66,8.65,82,70984,0.0,0.12
2026-01-30 14:02:00,sh600318,新力金融,8.65,8.65,8.66,8.65,95,82189,0.0,0.12
2026-01-30 14:03:00,sh600318,新力金融,8.66,8.65,8.66,8.65,55,47578,0.0,0.12
2026-01-30 14:04:00,sh600318,新力金融,8.65,8.66,8.66,8.65,55,47595,0.12,0.12
2026-01-30 14:05:00,sh600318,新力金融,8.65,8.65,8.65,8.65,35,30275,-0.12,0.0
2026-01-30 14:06:00,sh600318,新力金融,8.66,8.66,8.66,8.65,120,103915,0.12,0.12
2026-01-30 14:07:00,sh600318,新力金融,8.66,8.66,8.66,8.66,18,15588,0.0,0.0
2026-01-30 14:08:00,sh600318,新力金融,8.66,8.66,8.66,8.65,88,76159,0.0,0.12
2026-01-30 14:09:00,sh600318,新力金融,8.66,8.65,8.66,8.65,64,55370,-0.12,0.12
2026-01-30 14:10:00,sh600318,新力金融,8.65,8.66,8.66,8.65,18,15572,0.12,0.12
2026-01-30 14:11:00,sh600318,新力金融,8.66,8.65,8.66,8.65,74,64024,-0.12,0.12
2026-01-30 14:12:00,sh600318,新力金融,8.66,8.66,8.66,8.65,131,113419,0.12,0.12
2026-01-30 14:13:00,sh600318,新力金融,8.66,8.65,8.66,8.65,38,32891,-0.12,0.12
2026-01-30 14:14:00,sh600318,新力金融,8.65,8.65,8.65,8.65,10,8650,0.0,0.0
2026-01-30 14:15:00,sh600318,新力金融,8.65,8.66,8.66,8.65,25,21626,0.12,0.12
2026-01-30 14:16:00,sh600318,新力金融,8.66,8.65,8.66,8.65,110,95243,-0.12,0.12
2026-01-30 14:17:00,sh600318,新力金融,8.66,8.65,8.66,8.65,25,21627,0.0,0.12
2026-01-30 14:18:00,sh600318,新力金融,8.66,8.65,8.66,8.65,64,55388,0.0,0.12
2026-01-30 14:19:00,sh600318,新力金融,8.66,8.65,8.66,8.65,28,24235,0.0,0.12
2026-01-30 14:20:00,sh600318,新力金融,8.66,8.65,8.66,8.65,18,15583,0.0,0.12
2026-01-30 14:21:00,sh600318,新力金融,8.66,8.66,8.66,8.65,671,581077,0.12,0.12
2026-01-30 14:22:00,sh600318,新力金融,8.65,8.65,8.65,8.65,206,178261,-0.12,0.0
2026-01-30 14:23:00,sh600318,新力金融,8.66,8.65,8.66,8.65,182,157451,0.0,0.12
2026-01-30 14:24:00,sh600318,新力金融,8.65,8.65,8.66,8.65,133,115164,0.0,0.12
2026-01-30 14:25:00,sh600318,新力金融,8.65,8.65,8.66,8.65,8,6921,0.0,0.12
2026-01-30 14:26:00,sh600318,新力金融,8.65,8.65,8.66,8.65,22,19038,0.0,0.12
2026-01-30 14:27:00,sh600318,新力金融,8.66,8.65,8.66,8.65,7,6057,0.0,0.12
2026-01-30 14:28:00,sh600318,新力金融,8.65,8.64,8.66,8.64,1070,925414,-0.12,0.23
2026-01-30 14:29:00,sh600318,新力金融,8.64,8.64,8.64,8.64,123,106272,0.0,0.0
2026-01-30 14:30:00,sh600318,新力金融,8.64,8.65,8.65,8.64,84,72585,0.12,0.12
2026-01-30 14:31:00,sh600318,新力金融,8.64,8.64,8.64,8.64,381,329185,-0.12,0.0
2026-01-30 14:32:00,sh600318,新力金融,8.65,8.64,8.65,8.64,197,170308,0.0,0.12
2026-01-30 14:33:00,sh600318,新力金融,8.64,8.64,8.65,8.64,317,273899,0.0,0.12
2026-01-30 14:34:00,sh600318,新力金融,8.65,8.65,8.65,8.64,89,76972,0.12,0.12
2026-01-30 14:35:00,sh600318,新力金融,8.64,8.64,8.65,8.64,51,44097,-0.12,0.12
2026-01-30 14:36:00,sh600318,新力金融,8.65,8.65,8.65,8.64,50,43203,0.12,0.12
2026-01-30 14:37:00,sh600318,新力金融,8.64,8.65,8.65,8.64,150,129646,0.0,0.12
2026-01-30 14:38:00,sh600318,新力金融,8.64,8.64,8.64,8.63,1698,1467070,-0.12,0.12
2026-01-30 14:39:00,sh600318,新力金融,8.63,8.63,8.64,8.63,78,67317,-0.12,0.12
2026-01-30 14:40:00,sh600318,新力金融,8.63,8.64,8.64,8.63,163,140786,0.12,0.12
2026-01-30 14:41:00,sh600318,新力金融,8.64,8.64,8.64,8.63,94,81204,0.0,0.12
2026-01-30 14:42:00,sh600318,新力金融,8.64,8.64,8.64,8.63,341,294606,0.0,0.12
2026-01-30 14:43:00,sh600318,新力金融,8.64,8.65,8.65,8.64,269,232606,0.12,0.12
2026-01-30 14:44:00,sh600318,新力金融,8.65,8.65,8.65,8.64,372,321693,0.0,0.12
2026-01-30 14:45:00,sh600318,新力金融,8.65,8.65,8.65,8.64,98,84762,0.0,0.12
2026-01-30 14:46:00,sh600318,新力金融,8.65,8.65,8.65,8.64,174,150495,0.0,0.12
2026-01-30 14:47:00,sh600318,新力金融,8.64,8.65,8.65,8.64,188,162441,0.0,0.12
2026-01-30 14:48:00,sh600318,新力金融,8.65,8.65,8.65,8.64,428,370091,0.0,0.12
2026-01-30 14:49:00,sh600318,新力金融,8.64,8.65,8.65,8.64,859,742761,0.0,0.12
2026-01-30 14:50:00,sh600318,新力金融,8.65,8.65,8.65,8.64,675,583735,0.0,0.12
2026-01-30 14:51:00,sh600318,新力金融,8.65,8.65,8.66,8.65,206,178298,0.0,0.12
2026-01-30 14:52:00,sh600318,新力金融,8.65,8.65,8.66,8.65,92,79647,0.0,0.12
2026-01-30 14:53:00,sh600318,新力金融,8.66,8.66,8.66,8.65,146,126363,0.12,0.12
2026-01-30 14:54:00,sh600318,新力金融,8.65,8.66,8.66,8.65,262,226647,0.0,0.12
2026-01-30 14:55:00,sh600318,新力金融,8.66,8.66,8.66,8.65,156,134956,0.0,0.12
2026-01-30 14:56:00,sh600318,新力金融,8.66,8.66,8.66,8.65,782,676688,0.0,0.12
2026-01-30 14:57:00,sh600318,新力金融,8.65,8.65,8.66,8.65,2105,1822269,-0.12,0.12
2026-01-30 14:58:00,sh600318,新力金融,8.66,8.66,8.66,8.66,86,74476,0.12,0.0
2026-01-30 14:59:00,sh600318,新力金融,8.66,8.66,8.66,8.66,0,0,0.0,0.0
2026-01-30 15:00:00,sh600318,新力金融,8.65,8.65,8.65,8.65,1318,1139967,-0.12,0.0
